numero,nom,dep,dep_nom,ligue_code,ligue_nom,ville,code_postal,salle,site_web,logo_fichier,logo_source,logo_statut,couleurs,fond,latitude,longitude,source_donnees,maj
01010069,AS BRESSANE TT,01,Ain,ARA,Auvergne-Rhône-Alpes,,,,https://www.asbressanetennisdetable.com/,logos/01/01010069-as-bressane-tt.webp,https://www.asbressanetennisdetable.com/media/uploaded/sites/24840/association/66a7994ed50c1_5013473mascottepouletdefeusportlogodesignvectoriel.jpg,logo,#101050 #101030 #d03030 #f0b030,clair,,,annuaire public FFTT (carte.fftt.com),2026-09-02
01010001,HAUT BUGEY TT,01,Ain,ARA,Auvergne-Rhône-Alpes,,,,,,,sans-site,,,,,annuaire public FFTT (carte.fftt.com),2026-09-02
01010044,TT BASSIN BELLEGARDIEN,01,Ain,ARA,Auvergne-Rhône-Alpes,,,,https://ttbb01.jimdofree.com/,logos/01/01010044-tt-bassin-bellegardien.webp,https://image.jimcdn.com/app/cms/image/transf/dimension=379x10000:format=png/path/sa6c5d431d2e6d6c6/image/i97f6f12cf79bb12f/version/1541522801/image.png,logo,#d01010 #f01010 #f03030 #f05050,clair,,,annuaire public FFTT (carte.fftt.com),2026-09-02
01010027,ASC AMBERIEU T.T.,01,Ain,ARA,Auvergne-Rhône-Alpes,Amberieu En Bugey,01500,"G. Festaz 60, avenue du General Sarrail Batiment Phoenix",http://www.ascatt.com/,,,aucun,,,,,annuaire public FFTT (carte.fftt.com),2026-09-02
01730089,Club Tennis Table BELLEY-YENNE,01,Ain,ARA,Auvergne-Rhône-Alpes,Belley,01300,GYMNASE DU COLOMBIER RUE DU COLOMBIER,https://cttbelley.wixsite.com/ctt-belley-yenne,logos/01/01730089-club-tennis-table-belley-yenne.webp,"https://static.wixstatic.com/media/2de685_5cb988883cb5400c84253b4f667ba475~mv2.jpg/v1/crop/x_7,y_0,w_330,h_330/fill/w_114,h_114,al_c,q_80,usm_0.66_1.00_0.01,enc_avif,quality_auto/logo_cttby_3.jpg",logo,#d0d0d0 #b0b0b0 #f0f0f0 #909090,clair,,,annuaire public FFTT (carte.fftt.com),2026-09-02
01010062,CLUB TENNIS DE TABLE FEILLENS,01,Ain,ARA,Auvergne-Rhône-Alpes,Feillens,01570,complexe sportif 2 rue de l'ecole privee,https://cttfeillens.sitew.fr/,,,aucun,,,,,annuaire public FFTT (carte.fftt.com),2026-09-02
01010059,CLUB DE TENNIS DE TABLE GESSIEN,01,Ain,ARA,Auvergne-Rhône-Alpes,Ferney Voltaire,01210,Gymnase du COSEC AVENUE DES SPORTS,https://cttgessien.fr/,logos/01/01010059-club-de-tennis-de-table-gessien.webp,https://cttgessien.fr/wp-content/uploads/2022/11/CTTG_logo_centre_revert.png,logo,#f01010 #b0b0b0 #d0d0d0 #909090,clair,,,annuaire public FFTT (carte.fftt.com),2026-09-02
01010033,AJ LA BOISSE,01,Ain,ARA,Auvergne-Rhône-Alpes,La Boisse,01120,Gymnase de la 3CM 270 chemin du Grand Casset,,,,sans-site,,,,,annuaire public FFTT (carte.fftt.com),2026-09-02
01010004,A S C LAGNIEU,01,Ain,ARA,Auvergne-Rhône-Alpes,Lagnieu,01150,Gymnase J. Pierre Cellier,,,,sans-site,,,,,annuaire public FFTT (carte.fftt.com),2026-09-02
01010063,MEXIMIEUX TT,01,Ain,ARA,Auvergne-Rhône-Alpes,Meximieux,01800,Gymnase du SIVOM Av du Docteur Berthier a cote college Vaugelas,https://www.meximieux-tennisdetable.fr/,logos/01/01010063-meximieux-tt.svg,https://www.meximieux-tennisdetable.fr/wp-content/uploads/2024/09/Logo_MTT.svg,logo,#9b5d31 #b77039 #c0c4ca #f3c981,clair,,,annuaire public FFTT (carte.fftt.com),2026-09-02
01010009,STT MEZERIAT,01,Ain,ARA,Auvergne-Rhône-Alpes,Mezeriat,01660,Complexe sportif de l'Irance ROUTE DE CHAVEYRIAT,https://sttmezeriat.fr/,logos/01/01010009-stt-mezeriat.webp,https://sttmezeriat.fr/wp-content/uploads/2023/11/cropped-Logo_STT_MEZERIAT-60-1.png,logo,#105070 #f07050 #f07030,clair,,,annuaire public FFTT (carte.fftt.com),2026-09-02
01010031,MIRIBEL TENNIS DE TABLE,01,Ain,ARA,Auvergne-Rhône-Alpes,Miribel,01700,Gymnase de la chanal 200 rue de la Tuillère,https://miribel-tt.fr/,logos/01/01010031-miribel-tennis-de-table.webp,https://miribel-tt.fr/wp-content/uploads/2023/08/Logo.jpg,logo,#d05050 #f0f0f0 #d0d0d0 #909090,clair,,,annuaire public FFTT (carte.fftt.com),2026-09-02
01010073,SEL OYONNAX TT,01,Ain,ARA,Auvergne-Rhône-Alpes,Oyonnax,01100,Hall des sports RUE MICHELET,,,,sans-site,,,,,annuaire public FFTT (carte.fftt.com),2026-09-02
01010077,TTP 01110 Plateau d'Hauteville,01,Ain,ARA,Auvergne-Rhône-Alpes,Plateau D'Hauteville,01110,Gymnase Roger BONTEMPS Chemin des lesines,,,,sans-site,,,,,annuaire public FFTT (carte.fftt.com),2026-09-02
01010017,TT PONT DE VAUX,01,Ain,ARA,Auvergne-Rhône-Alpes,Pont De Vaux,01190,SALLE SPECIFIQUE TT PONT DE VAUX Chemin des Nivres,http://www.ttpv.org/,,,aucun,,,,,annuaire public FFTT (carte.fftt.com),2026-09-02
01010071,TT ST DENIS LES BOURG,01,Ain,ARA,Auvergne-Rhône-Alpes,Saint-Denis-Lès-Bourg,01000,GYMNASE MUNICIPAL 289 Allée Des Sports,https://ttsd.fr/,logos/01/01010071-tt-st-denis-les-bourg.webp,https://ttsd.fr/wp-content/uploads/2020/09/cropped-Sans-titre-1-180x180.png,logo,#303030 #505050 #101010 #f0f010,clair,,,annuaire public FFTT (carte.fftt.com),2026-09-02
01010080,TT VAL DE SAÔNE CENTRE,01,Ain,ARA,Auvergne-Rhône-Alpes,Saint-Didier-Sur-Chalaronne,01140,Gymnase Intercommunal 228 rue des sports,,,,sans-site,,,,,annuaire public FFTT (carte.fftt.com),2026-09-02
01010068,CORCY TENNIS DE TABLE,01,Ain,ARA,Auvergne-Rhône-Alpes,St Andre De Corcy,01390,Salle polyvalente 329 Allée des sports complexe sportif,https://corcytt.fr/,logos/01/01010068-corcy-tennis-de-table.webp,https://corcytt.fr/wp-content/uploads/2025/07/logo-Corcy-TT-fond-blanc.png,logo,#303030 #707070 #d0d0d0 #f0f0f0,clair,,,annuaire public FFTT (carte.fftt.com),2026-09-02
01010060,BRESSE TT,01,Ain,ARA,Auvergne-Rhône-Alpes,St Didier D Aussiat,01340,Salle des sports Le bourg,http://bressett.free.fr/index.php,logos/01/01010060-bresse-tt.webp,http://bressett.free.fr/images/www/LogoPing.gif,logo,#109050 #505050 #107050 #f01010,clair,,,annuaire public FFTT (carte.fftt.com),2026-09-02
01010020,LJ ST ETIENNE DU BOIS,01,Ain,ARA,Auvergne-Rhône-Alpes,St Etienne Du Bois,01370,"SALLE DE SPORT 400, ALLEE DES ECOLIERS",https://www.ljtt.fr/,logos/01/01010020-lj-st-etienne-du-bois.webp,https://www.ljtt.fr/wp-content/themes/ljtt/assets/logo.png,logo,#f05050 #d05050 #903030 #b05050,clair,,,annuaire public FFTT (carte.fftt.com),2026-09-02
01010054,SUD REVERMONT TENNIS DE TABLE,01,Ain,ARA,Auvergne-Rhône-Alpes,Tossiat,01250,LE CUBE ROUTE DE JOURNANS,,,,sans-site,,,,,annuaire public FFTT (carte.fftt.com),2026-09-02
01010061,SAONE-VALLEE TT,01,Ain,ARA,Auvergne-Rhône-Alpes,Trevoux,01600,Gymnase du Lycee chemin des corbettes Saint Didier de Formans,https://www.svtt.fr/,logos/01/01010061-saone-vallee-tt.webp,https://u.jimcdn.com/cms/o/s322e1a60be5c21b6/emotion/crop/header.jpg?t=1703075148,logo,#d0d0d0 #b0b0b0 #303030 #909090,clair,,,annuaire public FFTT (carte.fftt.com),2026-09-02
01010023,Ent. FRANS-VILLENEUVE TT,01,Ain,ARA,Auvergne-Rhône-Alpes,Villeneuve,01480,Salle OMNISPORT RTE DE VILLARS LES DOMBES,,,,sans-site,,,,,annuaire public FFTT (carte.fftt.com),2026-09-02
07020055,BEAUTOR GS,02,Aisne,HDF,Hauts-de-France,,,,,,,sans-site,,,,,annuaire public FFTT (carte.fftt.com),2026-09-02
07021016,COURMELLES CROUY ETT,02,Aisne,HDF,Hauts-de-France,,,,,,,sans-site,,,,,annuaire public FFTT (carte.fftt.com),2026-09-02
07020065,HOLNON TT,02,Aisne,HDF,Hauts-de-France,,,,https://holnontt.fr/,logos/02/07020065-holnon-tt.webp,https://holnontt.fr/wp-content/uploads/2023/05/logo_tt_trans-1.png,logo,#301010 #d01010 #d03030 #b0b0b0,clair,,,annuaire public FFTT (carte.fftt.com),2026-09-02
07020062,PINON-ANIZY TT,02,Aisne,HDF,Hauts-de-France,,,,,,,sans-site,,,,,annuaire public FFTT (carte.fftt.com),2026-09-02
07020036,ST QUENTIN / HARLY ASPTT,02,Aisne,HDF,Hauts-de-France,,,,https://asptt.com/,logos/02/07020036-st-quentin-harly-asptt.svg,https://asptt.com/wp-content/uploads/2022/08/ASPTT-FEDERATION-OMNISPORTS-rectangle.svg,logo,#1d1d1b #d29545 #e7b068 #ca9042,clair,,,annuaire public FFTT (carte.fftt.com),2026-09-02
07020009,BUIRE CTT,02,Aisne,HDF,Hauts-de-France,Buire,02500,SALLE DE LA PLACE CLICHY PLACE CLICHY,,,,sans-site,,,,,annuaire public FFTT (carte.fftt.com),2026-09-02
07020019,CHATEAU THIERRY CTT,02,Aisne,HDF,Hauts-de-France,Chateau Thierry,02400,Gymnase Pierre Brossolette 9 quai Coutellier,http://ctt-chateau-thierry.clubeo.com/,,,aucun,,,,,annuaire public FFTT (carte.fftt.com),2026-09-02
07020037,CHAUNY-AUTREVILLE ACTT,02,Aisne,HDF,Hauts-de-France,Chauny,02300,COMPLEXE SPORTIF LEO LAGRANGE BOULEVARD GEO ANDRE Salle Christian Violette,,,,sans-site,,,,,annuaire public FFTT (carte.fftt.com),2026-09-02
07021012,CREPY TT,02,Aisne,HDF,Hauts-de-France,Crepy,02870,Complexe sportif 17 rue des paturelles,,,,sans-site,,,,,annuaire public FFTT (carte.fftt.com),2026-09-02
07021006,CHARLY-ETAMPES PC,02,Aisne,HDF,Hauts-de-France,Etampes Sur Marne,02400,PALAIS OMNISPORT D'ETAMPES 18 rue de CHIERRY,,,,sans-site,,,,,annuaire public FFTT (carte.fftt.com),2026-09-02
07021017,ETREUX TT,02,Aisne,HDF,Hauts-de-France,Etreux,02510,SALLE OMNISPORT RUE DU BOURBONNAIS,,,,sans-site,,,,,annuaire public FFTT (carte.fftt.com),2026-09-02
07020014,FRESNOY LE GRAND TT,02,Aisne,HDF,Hauts-de-France,Fresnoy Le Grand,02230,SALLE AM2T RUE OLIVIER DEGUISE,https://www.besport.com/group/921936,,,aucun,,,,,annuaire public FFTT (carte.fftt.com),2026-09-02
07021010,GUIGNICOURT CTT,02,Aisne,HDF,Hauts-de-France,Guignicourt,02190,COMPLEXE SPORTIF RUE DU MOULIN GYMNASE DU COLLEGE,https://www.villeneuve-sur-aisne.fr/,logos/02/07021010-guignicourt-ctt.webp,https://i0.wp.com/www.villeneuve-sur-aisne.fr/wp-content/uploads/LogoVSASeul512px.jpg?fit=180%2C180&ssl=1,logo,#b0d010 #1090b0 #f0d010 #f09010,clair,,,annuaire public FFTT (carte.fftt.com),2026-09-02
07020001,GUISE TT,02,Aisne,HDF,Hauts-de-France,Guise,02120,GYMNASE DES COUTURES AVENUE DES LILAS Gymnase Jacques Juchli,,,,sans-site,,,,,annuaire public FFTT (carte.fftt.com),2026-09-02
07021019,HIRSON TTC,02,Aisne,HDF,Hauts-de-France,Hirson,02500,Salle Jules DECAMP rue Jean DE LA FONTAINE,,,,sans-site,,,,,annuaire public FFTT (carte.fftt.com),2026-09-02
07020003,LA CAPELLE TT,02,Aisne,HDF,Hauts-de-France,La Capelle,02260,LA CAPELLE TT RUE DE L'ARMISTICE,,,,sans-site,,,,,annuaire public FFTT (carte.fftt.com),2026-09-02
07021021,LAON TT,02,Aisne,HDF,Hauts-de-France,Laon,02000,Gymnase RADET Rue Joseph CAVROIS,,,,sans-site,,,,,annuaire public FFTT (carte.fftt.com),2026-09-02
07021009,ROZOY THIERACHE TT,02,Aisne,HDF,Hauts-de-France,Rozoy Sur Serre,02360,GYMNASE DE ROZOY SUR SERRE RUE DU POINT DU JOUR FACE AU COLLEGE,,,,sans-site,,,,,annuaire public FFTT (carte.fftt.com),2026-09-02
07020064,SAINS RICHAUMONT TT,02,Aisne,HDF,Hauts-de-France,Sains Richaumont,02120,SALLE POLYVALENTE RUE DE LA GARE,,,,sans-site,,,,,annuaire public FFTT (carte.fftt.com),2026-09-02
07021022,SAVY ASFTT,02,Aisne,HDF,Hauts-de-France,Savy,02590,Salle de la mairie 3 rue de Picardie,,,,sans-site,,,,,annuaire public FFTT (carte.fftt.com),2026-09-02
07020024,SISSONNE CP TT,02,Aisne,HDF,Hauts-de-France,Sissonne,02150,GYMNASE MUNICIPAL RUE DU VIEUX MOULIN,,,,sans-site,,,,,annuaire public FFTT (carte.fftt.com),2026-09-02
07021011,CD AISNE CORPO TT,02,Aisne,HDF,Hauts-de-France,Soissons,02200,Salle ASPTT - Complexe sportif de CHEVREUX 13 avenue ALLENDE,http://www.cd02tt.net/,,,aucun,,,,,annuaire public FFTT (carte.fftt.com),2026-09-02
07020040,SOISSONS ASPTT,02,Aisne,HDF,Hauts-de-France,Soissons,02200,Salle ASPTT - Complexe sportif de CHEVREUX 13 avenue ALLENDE,https://asptt-soissons.fr/,logos/02/07020040-soissons-asptt.webp,https://asptt-soissons.fr/wp-content/uploads/2022/02/logo-asptt-soissons-transparent.png,logo,#f0b050 #d09050 #f0b070 #d0b050,clair,,,annuaire public FFTT (carte.fftt.com),2026-09-02
07020015,ST QUENTIN TT,02,Aisne,HDF,Hauts-de-France,St Quentin,02100,POLE SPORTIF 45 BIS RUE D'ALEMBERT,https://www.tennis-table-saint-quentin.fr/,logos/02/07020015-st-quentin-tt.webp,https://cdn.website-editor.net/s/4b1e9fcb0d5b4c89ba17571656a5700a/dms3rep/multi/newTTSQlogofondblanc-d8c0a3c9.png?Expires=1790786443&Signature=l-ngnifmPhhc4-XpiEOf28GXxGHAxtk4Ip8Svsx619XNgqpM0Xn1KtVqWlxbL0oQvBWAqk6BLJKkNbqS~dreoOK4xjBx4uFjvXNBE1aD6DgudT86mG~OObukZQZp6qt1lZ1JWdcoIFJbK4UQc1NuCDgdum2PnLgnkz-nwwB1WnaqRbdwJd-0SkMjiRQwZhgD-irgqNDg22cDEmWsIIfZJHu6EXUHTtbzm~kJEdHJiMV6lFtr8ry3-7TVU7dFU9EX4NEbJPmH9J2uhDx148EAMGhUm6JHo-Xm9he~kf7JM~wLh7RrAwOAfaPvFOYS9lvDCvxUZiuRv20nq4EJiYyhuA__&Key-Pair-Id=K2NXBXLF010TJW,logo,#101030 #b0b0b0 #d0d0d0 #707090,clair,,,annuaire public FFTT (carte.fftt.com),2026-09-02
07020030,TERGNIER ESC,02,Aisne,HDF,Hauts-de-France,Tergnier,02700,SALLE Charles LENTIN rue Beaumont rue de l'Yser QUESSY-CITE,,,,sans-site,,,,,annuaire public FFTT (carte.fftt.com),2026-09-02
07020031,VENIZEL TT,02,Aisne,HDF,Hauts-de-France,Venizel,02200,SALLE TT VENIZEL impasse Jean DURAND,http://ttvenizel.fr/,,,aucun,,,,,annuaire public FFTT (carte.fftt.com),2026-09-02
07021015,VESLES ET CAUMONT ASC,02,Aisne,HDF,Hauts-de-France,Vesles Et Caumont,02350,SALLE LE CRAC 4 RUE DU FORT,,,,sans-site,,,,,annuaire public FFTT (carte.fftt.com),2026-09-02
07021013,VIVAISE ASC TT,02,Aisne,HDF,Hauts-de-France,Vivaise,02870,COMPLEXE SPORTIF 2 RUE EMPTINES,,,,sans-site,,,,,annuaire public FFTT (carte.fftt.com),2026-09-02
01030308,ETOILE AGGLO MOULINS YZEURE TT,03,Allier,ARA,Auvergne-Rhône-Alpes,,,,https://www.eamytt.com/,logos/03/01030308-etoile-agglo-moulins-yzeure-tt.webp,https://www.eamytt.com/wp-content/uploads/2024/11/cropped-LOGO-EAMYTT-CONTOUR-JAUNE-NOUVEAU-BLEU-1.png,logo,#1070b0 #101010 #1070d0 #909010,clair,,,annuaire public FFTT (carte.fftt.com),2026-09-02
01030165,BIOZAT TENNIS DE TABLE,03,Allier,ARA,Auvergne-Rhône-Alpes,Biozat,03800,salle communale BIOZAT,http://perso.wanadoo.fr/albiozat/,,,aucun,,,,,annuaire public FFTT (carte.fftt.com),2026-09-02
01030212,TT BOURBON,03,Allier,ARA,Auvergne-Rhône-Alpes,Bourbon L Archambault,03160,Salle des Sports PARC BIGNON BOURBON l'ARCHAMBAULT,,,,sans-site,,,,,annuaire public FFTT (carte.fftt.com),2026-09-02
01030227,CHARMEIL PPC,03,Allier,ARA,Auvergne-Rhône-Alpes,Charmeil,03110,Salle Polyvalente CHARMEIL,,,,sans-site,,,,,annuaire public FFTT (carte.fftt.com),2026-09-02
01030094,COMMENTRY TENNIS DE TABLE,03,Allier,ARA,Auvergne-Rhône-Alpes,Commentry,03600,Gymnase municipal Boulevard general de Gaulle,,,,sans-site,,,,,annuaire public FFTT (carte.fftt.com),2026-09-02
01030128,ASTT CRECHY,03,Allier,ARA,Auvergne-Rhône-Alpes,Crechy,03150,SALLE BERNARD DEVILLIERS le STADE,,,,sans-site,,,,,annuaire public FFTT (carte.fftt.com),2026-09-02
01030082,TT CUSSET,03,Allier,ARA,Auvergne-Rhône-Alpes,Cusset,03300,MAISON DES SPORTS 42 Av de l' EUROPE salle specifique TT,https://www.ttcusset.com/,logos/03/01030082-tt-cusset.webp,https://www.ttcusset.com/media/uploaded/sites/3925/association/58014dc137382_logoTT5invers.png,logo,#303030 #101010 #f05090 #f03090,clair,,,annuaire public FFTT (carte.fftt.com),2026-09-02
01030300,HAUTERIVE-BRUGHEAS T.T.,03,Allier,ARA,Auvergne-Rhône-Alpes,Hauterive,03270,SALLE HAUTERIVE T.T. 40 AVENUE DE LA GARE,,,,sans-site,,,,,annuaire public FFTT (carte.fftt.com),2026-09-02
01030291,TENNIS DE TABLE DE LAPALISSE,03,Allier,ARA,Auvergne-Rhône-Alpes,Lapalisse,03120,Salle Multisports Avenue du 8 mai 1945 Gymnase Bernard Le Provost,,,,sans-site,,,,,annuaire public FFTT (carte.fftt.com),2026-09-02
01030310,TENNIS DE TABLE LE BRETHON,03,Allier,ARA,Auvergne-Rhône-Alpes,Le Brethon,03350,SALLE POLYVALENTE rue du Commerce,,,,sans-site,,,,,annuaire public FFTT (carte.fftt.com),2026-09-02
01030035,ASPTT MONTLUCON,03,Allier,ARA,Auvergne-Rhône-Alpes,Montlucon,03100,GYMNASE HALL des SPORTS RUE CHAMPOLLION,,,,sans-site,,,,,annuaire public FFTT (carte.fftt.com),2026-09-02
01030316,Association Sportive Parodienne,03,Allier,ARA,Auvergne-Rhône-Alpes,Paray-Sous-Briailles,03500,Salle de fetes Rue des Ecoles,,,,sans-site,,,,,annuaire public FFTT (carte.fftt.com),2026-09-02
01030042,ASCG SAINT GERMAIN TT,03,Allier,ARA,Auvergne-Rhône-Alpes,St Germain Des Fosses,03260,Espace Levrault Salle Jean Teyssot Allee des Sports,,,,sans-site,,,,,annuaire public FFTT (carte.fftt.com),2026-09-02
01030043,SC St Pourcain Tennis de Table,03,Allier,ARA,Auvergne-Rhône-Alpes,St Pourcain Sur Sioule,03500,Salle du club 30 rue du Champ Feuillet,,,,sans-site,,,,,annuaire public FFTT (carte.fftt.com),2026-09-02
04180729,TENNIS DE TABLE VALLONNAIS,03,Allier,ARA,Auvergne-Rhône-Alpes,Vallon En Sully,03190,Gymnase du college 54 chemin de l'Oyard,https://ttvallonnais.sportsregions.fr/,logos/03/04180729-tennis-de-table-vallonnais.webp,https://ttvallonnais.sportsregions.fr/media/uploaded/sites/608/association/6744d68872419_LogoTTV.png,logo,#b01010 #f0d010 #f0f010 #b03010,clair,,,annuaire public FFTT (carte.fftt.com),2026-09-02
01030319,Ping Pong Club VARENNOIS,03,Allier,ARA,Auvergne-Rhône-Alpes,Varennes Sur Allier,03150,Salle Jean Faure Rue Gambetta,,,,sans-site,,,,,annuaire public FFTT (carte.fftt.com),2026-09-02
01030108,SL. VICHY TT,03,Allier,ARA,Auvergne-Rhône-Alpes,Vichy,03200,GYMNASE DES CELESTINS 5 rue Maréchal JOFFRE,http://sl-vichy-tt.e-monsite.com,,,aucun,,,,,annuaire public FFTT (carte.fftt.com),2026-09-02
01030299,A.S.T.T. M.A. MONTBEUGNY,03,Allier,ARA,Auvergne-Rhône-Alpes,Yzeure,03400,Complexe de la Raquette Zone de Millepertuis,https://wp.asttma.fr/,logos/03/01030299-a-s-t-t-m-a-montbeugny.webp,https://wp.asttma.fr/wp-content/uploads/2021/10/cropped-ecusson-new-1-e1633780538607-174x174.png,logo,#f01010 #307050 #303030 #509050,clair,,,annuaire public FFTT (carte.fftt.com),2026-09-02
13040040,GAP TERRE DE PING,04,Alpes-de-Haute-Provence,PAC,Provence-Alpes-Côte d'Azur,,,,,,,sans-site,,,,,annuaire public FFTT (carte.fftt.com),2026-09-02
13040036,PING CATURIGE,04,Alpes-de-Haute-Provence,PAC,Provence-Alpes-Côte d'Azur,,,,,,,sans-site,,,,,annuaire public FFTT (carte.fftt.com),2026-09-02
13040015,TT UBAYE,04,Alpes-de-Haute-Provence,PAC,Provence-Alpes-Côte d'Azur,Barcelonnette,04400,SALLE QUARTIER 11eme BCA AVENUE ERNEST PELLOTIER,http://www.ttubaye.com,,,aucun,,,,,annuaire public FFTT (carte.fftt.com),2026-09-02
13040024,TENNIS DE TABLE DIGNOIS,04,Alpes-de-Haute-Provence,PAC,Provence-Alpes-Côte d'Azur,Digne Les Bains,04000,BERNARD PLANCARD-RAHARISON AVENUE DES THERMES QUARTIER BARBEJAS,,,,sans-site,,,,,annuaire public FFTT (carte.fftt.com),2026-09-02
13040023,TT PAYS DE GIONO,04,Alpes-de-Haute-Provence,PAC,Provence-Alpes-Côte d'Azur,Manosque,04100,COMP. OMNISPORTS FACHLEITNER LA ROCHETTE 242 MONTEE de la MORT D'IMBERT,https://tt-pays-de-giono.assoconnect.com/page/2103233-accueil,logos/04/13040023-tt-pays-de-giono.webp,https://app.assoconnect.com/services/storage?id=2969565&type=picture&secret=3RpO38zoD9BFuSf1zzvE9ugBJBgp5T3W2Vw9YsEA&timestamp=1775950248&size=small,logo,#1090d0 #30b0f0 #d0f0f0 #90d0f0,clair,,,annuaire public FFTT (carte.fftt.com),2026-09-02
13040025,ORAISON TENNIS DE TABLE,04,Alpes-de-Haute-Provence,PAC,Provence-Alpes-Côte d'Azur,Oraison,04700,STADE GIAI MINIET AVENUE FRANCIS RICHARD,,,,sans-site,,,,,annuaire public FFTT (carte.fftt.com),2026-09-02
13040030,AS. TENNIS DE TABLE PIERREVERT,04,Alpes-de-Haute-Provence,PAC,Provence-Alpes-Côte d'Azur,Pierrevert,04860,SALLE POLYVALENTE 6 AVENUE AUGUSTE BASTIDE PARKING MAIRIE DE PIERREVERT,https://www.attpierrevert.com/,,,aucun,,,,,annuaire public FFTT (carte.fftt.com),2026-09-02
13040005,P P C SISTERONNAIS,04,Alpes-de-Haute-Provence,PAC,Provence-Alpes-Côte d'Azur,Sisteron,04200,SALLE DANIEL MAFFREN 73 AVENUE DE LA DURANCE,,,,sans-site,,,,,annuaire public FFTT (carte.fftt.com),2026-09-02
13040031,TENNIS DE TABLE OVNI,04,Alpes-de-Haute-Provence,PAC,Provence-Alpes-Côte d'Azur,Valensole,04210,anciennes ecoles primaire,,,,sans-site,,,,,annuaire public FFTT (carte.fftt.com),2026-09-02
13040013,TT BRIANCON,05,Hautes-Alpes,PAC,Provence-Alpes-Côte d'Azur,Briancon,05100,GYMNASE DES GARCINS ALLEE ALBERT BOURGES,,,,sans-site,,,,,annuaire public FFTT (carte.fftt.com),2026-09-02
13040008,TENNIS DE TABLE EMBRUNAIS,05,Hautes-Alpes,PAC,Provence-Alpes-Côte d'Azur,Embrun,05200,T T EMBRUNAIS RUE EMILE GUIGUES,https://ttembrunais.wixsite.com/ping,logos/05/13040008-tennis-de-table-embrunais.webp,"https://static.wixstatic.com/media/b42068_4245d0f59c3b4b9884772d8172cd7c35~mv2.png/v1/fill/w_147,h_137,al_c,q_85,usm_0.66_1.00_0.01,enc_avif,quality_auto/TTE%20Logo.png",logo,#707070 #b0b0b0 #505050 #303030,clair,,,annuaire public FFTT (carte.fftt.com),2026-09-02
13040038,TENNIS DE TABLE BASTIDON,05,Hautes-Alpes,PAC,Provence-Alpes-Côte d'Azur,La Batie Neuve,05230,GYMNASE DU COLLEGE 500 avenue Francois MITTERAND,,,,sans-site,,,,,annuaire public FFTT (carte.fftt.com),2026-09-02
13040035,GAP HAUTES ALPES TT,05,Hautes-Alpes,PAC,Provence-Alpes-Côte d'Azur,Romette,05000,COMPLEXE SPORTIF J-CH LAFAILLE RUE DU COMMANDANT DUMONT ROUTE DE GRENOBLE INTERMARCHE,,,,sans-site,,,,,annuaire public FFTT (carte.fftt.com),2026-09-02
13060007,A.S. MONACO,06,Alpes-Maritimes,PAC,Provence-Alpes-Côte d'Azur,,,,,,,sans-site,,,,,annuaire public FFTT (carte.fftt.com),2026-09-02
13060037,A S T T VALLAURIS-GOLFE JUAN,06,Alpes-Maritimes,PAC,Provence-Alpes-Côte d'Azur,,,,,,,sans-site,,,,,annuaire public FFTT (carte.fftt.com),2026-09-02
13060029,La Semeuse Nice,06,Alpes-Maritimes,PAC,Provence-Alpes-Côte d'Azur,,,,,,,sans-site,,,,,annuaire public FFTT (carte.fftt.com),2026-09-02
13060008,O.ANTIBES JUAN LES PINS,06,Alpes-Maritimes,PAC,Provence-Alpes-Côte d'Azur,,,,https://www.ttantibes.com/,,,aucun,,,,,annuaire public FFTT (carte.fftt.com),2026-09-02
13060072,SC MOUANS SARTOUX T T,06,Alpes-Maritimes,PAC,Provence-Alpes-Côte d'Azur,,,,https://www.scmstt.com/,logos/06/13060072-sc-mouans-sartoux-t-t.webp,https://www.scmstt.com/images/logoms.gif,logo,#1010b0 #f01010 #101090,clair,,,annuaire public FFTT (carte.fftt.com),2026-09-02
13060114,SOPHIA TENNIS DE TABLE,06,Alpes-Maritimes,PAC,Provence-Alpes-Côte d'Azur,,,,https://www.sophiatt.com/,logos/06/13060114-sophia-tennis-de-table.webp,https://www.sophiatt.com/public/.logo_t.png,logo,#3090f0 #d0d0d0 #90d010 #f0f0f0,clair,,,annuaire public FFTT (carte.fftt.com),2026-09-02
13060085,STELLA SPORTS MENT/ROQUEB.,06,Alpes-Maritimes,PAC,Provence-Alpes-Côte d'Azur,,,,https://expireddomains.com/domain/stella-sport.com?utm_source=redi,logos/06/13060085-stella-sports-ment-roqueb.svg,https://new.expireddomains.com/api/public/og/stella-sport.com,logo,#0a0f1d #0f1729 #091d18 #22c55e,clair,,,annuaire public FFTT (carte.fftt.com),2026-09-02
13060090,PING PASSION CHATEAUNEUF,06,Alpes-Maritimes,PAC,Provence-Alpes-Côte d'Azur,Chateauneuf Grasse,06740,Gymnase du Bois de St Jeaume,,,,sans-site,,,,,annuaire public FFTT (carte.fftt.com),2026-09-02
13060119,COLOMARS OLYMPIC CLUB TT,06,Alpes-Maritimes,PAC,Provence-Alpes-Côte d'Azur,Colomars,06670,SALLE LOUIS BEQUE ESPACE LOUIS BEQUE FORT CASAL,,,,sans-site,,,,,annuaire public FFTT (carte.fftt.com),2026-09-02
13060117,AS ESCRAGNOLLES,06,Alpes-Maritimes,PAC,Provence-Alpes-Côte d'Azur,Escragnolles,06460,SALLE POLYVALENTE ROUTE DE ST PONS,http://asescragnolles.com,,,aucun,,,,,annuaire public FFTT (carte.fftt.com),2026-09-02
13060121,GRASSE TENNIS DE TABLE,06,Alpes-Maritimes,PAC,Provence-Alpes-Côte d'Azur,Grasse,06130,GYMNASE SAINT EXUPERY Boulevard Antoine Maure,,,,sans-site,,,,,annuaire public FFTT (carte.fftt.com),2026-09-02
13060005,TRINITE SPORTS TENNIS DE TABLE,06,Alpes-Maritimes,PAC,Provence-Alpes-Côte d'Azur,La Trinite,06340,PALAIS DES SPORTS Impasse Jean Micheo 10 avenue General de Gaulle,,,,sans-site,,,,,annuaire public FFTT (carte.fftt.com),2026-09-02
13060088,AS LE BROC TT,06,Alpes-Maritimes,PAC,Provence-Alpes-Côte d'Azur,Le Broc,06510,SALLE EUGENE BAGI 575 AV FRANCIS GAG,,,,sans-site,,,,,annuaire public FFTT (carte.fftt.com),2026-09-02
13060043,LE TENNIS DE TABLE MANDELIEU,06,Alpes-Maritimes,PAC,Provence-Alpes-Côte d'Azur,Mandelieu La Napoule,06210,GYMNASE OLYMPIE BD DES ANCIENS COMBAT.,,,,sans-site,,,,,annuaire public FFTT (carte.fftt.com),2026-09-02
13060080,C.A.S. EAUX,06,Alpes-Maritimes,PAC,Provence-Alpes-Côte d'Azur,Nice,06100,ANCIENNE USINE DE RIMIEZ 11 BIS AV. DE RIMIEZ,,,,sans-site,,,,,annuaire public FFTT (carte.fftt.com),2026-09-02
13060031,C C C F NICE tennis de table,06,Alpes-Maritimes,PAC,Provence-Alpes-Côte d'Azur,Nice,06100,Gymnase Ecole St Sylvestre Chemin de la passerelle,https://www.cccfnicett.fr/,logos/06/13060031-c-c-c-f-nice-tennis-de-table.webp,"https://static.wixstatic.com/media/992fe5_1ce534d79cb84145b7a76e3df6604b9c~mv2.jpeg/v1/fill/w_460,h_420,al_c,q_80,usm_0.66_1.00_0.01,enc_avif,quality_auto/Untitled.jpeg",logo,#303030 #505050 #f03030 #505030,clair,,,annuaire public FFTT (carte.fftt.com),2026-09-02
13060052,GSEM TT NICE,06,Alpes-Maritimes,PAC,Provence-Alpes-Côte d'Azur,Nice,06300,SALLE SERGE LEYRIT 16 RUE FORNERO MENEI yvesbattard@orange.fr,,,,sans-site,,,,,annuaire public FFTT (carte.fftt.com),2026-09-02
13060066,NICE CAVIGAL TENNIS DE TABLE,06,Alpes-Maritimes,PAC,Provence-Alpes-Côte d'Azur,Nice,06200,SALLE RAOUL DUFY 6-8 av.Raoul Dufy SALLE RAOUL DUFY,http://www.nicecavigaltt.com,,,aucun,,,,,annuaire public FFTT (carte.fftt.com),2026-09-02
13060111,TEAM LUCIAN TAUT 06 TT NICE,06,Alpes-Maritimes,PAC,Provence-Alpes-Côte d'Azur,Nice,06000,SALLE ESTIENNE D'ORVES 14 AV DOYEN TROTABAS EX AVENUE R. SCHUMANN,https://www.tlt06.fr/,logos/06/13060111-team-lucian-taut-06-tt-nice.webp,https://www.tlt06.fr/ImagesIndex/logo.gif,logo,#901010 #701010 #d0d0d0 #501010,clair,,,annuaire public FFTT (carte.fftt.com),2026-09-02
13060064,CANNET COTE D AZUR TT,06,Alpes-Maritimes,PAC,Provence-Alpes-Côte d'Azur,Rocheville,06110,GYMNASE PRINCIPIANO AVENUE MAURICE JEAN PIERRE,https://ccatt.fr/,logos/06/13060064-cannet-cote-d-azur-tt.webp,https://ccatt.fr/wp-content/uploads/2021/12/logo-bleu-LeCannet.jpg,logo,#507090 #d0f0f0 #90b0b0 #b0d0d0,clair,,,annuaire public FFTT (carte.fftt.com),2026-09-02
13060110,CTT VILLEFRANCHE CORNICHE D'AZUR,06,Alpes-Maritimes,PAC,Provence-Alpes-Côte d'Azur,St Jean Cap Ferrat,06230,Gymnase de Saint Jean Cap Ferrat 2 boulevard du General de Gaulle,,,,sans-site,,,,,annuaire public FFTT (carte.fftt.com),2026-09-02
13060074,AO TOURRETTE LEVENS,06,Alpes-Maritimes,PAC,Provence-Alpes-Côte d'Azur,Tourrette Levens,06690,GYMNASE DU COLLEGE RENE CASSIN 1140 AVENUE DU HAUT PAYS,,,,sans-site,,,,,annuaire public FFTT (carte.fftt.com),2026-09-02
13060082,AS VENCE T.T.,06,Alpes-Maritimes,PAC,Provence-Alpes-Côte d'Azur,Vence,06140,salle Jacques FALCOZ 2494 route de grasse,https://www.asvtt.fr/,logos/06/13060082-as-vence-t-t.webp,https://www.asvtt.fr/media/uploaded/sites/20984/association/635d0efa4d90d_logo.jpeg,logo,#f0f090 #305090 #5070b0 #f05050,clair,,,annuaire public FFTT (carte.fftt.com),2026-09-02
13060063,E.S. VILLENEUVE LOUBET,06,Alpes-Maritimes,PAC,Provence-Alpes-Côte d'Azur,Villeneuve Loubet,06270,SALLE JEAN GRANELLE AV. DES PLANS,https://www.esvltt.fr/,logos/06/13060063-e-s-villeneuve-loubet.webp,"https://static.wixstatic.com/media/10c608_5cb8d6a8362f4df5a7a8326f3f584410~mv2.png/v1/fill/w_460,h_253,al_c,lg_1,q_85,enc_avif,quality_auto/Region_logo.png",logo,#f0b010 #f05010 #301010 #f03030,clair,,,annuaire public FFTT (carte.fftt.com),2026-09-02
01260034,ASSOC DU TT AUBENAS-VALS,07,Ardèche,ARA,Auvergne-Rhône-Alpes,Aubenas,07200,SALLE MULTISPORTS MONTARGUES 14 Chemin De Montargues,,,,sans-site,,,,,annuaire public FFTT (carte.fftt.com),2026-09-02
01260035,LA VOULTE TT,07,Ardèche,ARA,Auvergne-Rhône-Alpes,La Voulte Sur Rhone,07800,STADE BATTENDIER LUKOWIAK 2 Rue Rene Cassin,,,,sans-site,,,,,annuaire public FFTT (carte.fftt.com),2026-09-02
01260062,LE CHEYLARD TENNIS DE TABLE,07,Ardèche,ARA,Auvergne-Rhône-Alpes,Le Cheylard,07160,Gymnase municipal Rue Louis Vincent,http://ctt-lecheylard.fr/,logos/07/01260062-le-cheylard-tennis-de-table.webp,http://ctt-lecheylard.fr/images/ctt.png,logo,#303050 #303030 #505050 #505070,clair,,,annuaire public FFTT (carte.fftt.com),2026-09-02
01260065,TENNIS DE TABLE POUZINOIS,07,Ardèche,ARA,Auvergne-Rhône-Alpes,Le Pouzin,07250,Espace multisports Jean Gilly Quartier La Croze Rue Georges Brassens,https://www.pouzinois-tt.fr/,logos/07/01260065-tennis-de-table-pouzinois.webp,https://www.pouzinois-tt.fr/wp-content/uploads/2024/11/cropped-logo-pouzin-180x180.png,logo,#d0d0d0 #b0b0b0 #909090 #707070,clair,,,annuaire public FFTT (carte.fftt.com),2026-09-02
01260060,LE TEIL OASIS TENNIS DE TABLE,07,Ardèche,ARA,Auvergne-Rhône-Alpes,Le Teil,07400,GYMNASE CHAMONTIN IMPASSE CHAMONTIN,https://ltott.fr/,logos/07/01260060-le-teil-oasis-tennis-de-table.webp,https://ltott.fr/wp-content/uploads/2017/03/cropped-logo-2-2-300x300.jpg,logo,#303030 #f0f0f0 #b0b0b0 #505050,clair,,,annuaire public FFTT (carte.fftt.com),2026-09-02
01260015,SC PRIVAS TT,07,Ardèche,ARA,Auvergne-Rhône-Alpes,Privas,07000,SALLE GABY RAMPON 260 av. Rene Privat,https://privas-tennis-de-table.fr/,,,aucun,,,,,annuaire public FFTT (carte.fftt.com),2026-09-02
01260024,ENTENTE RHODANIENNE T T,07,Ardèche,ARA,Auvergne-Rhône-Alpes,Tournon Sur Rhone,07300,HALLE DES SPORTS Leon Sausset,https://ertt-tournon.online/,logos/07/01260024-entente-rhodanienne-t-t.webp,https://ertt-tournon.online/images/main-logo-ertt.png,logo,#f05050 #3070b0 #505050 #3070d0,clair,,,annuaire public FFTT (carte.fftt.com),2026-09-02
01260074,Ping Vallon Pont d'Arc,07,Ardèche,ARA,Auvergne-Rhône-Alpes,Vallon Pont D'Arc,07150,Espace Sportif Quartier de la Ratière,,,,sans-site,,,,,annuaire public FFTT (carte.fftt.com),2026-09-02
06080099,BAIRON Tennis de Table,08,Ardennes,GES,Grand Est,Bairon Et Ses Environs,08390,Salle Polyvalente du lac de Bairon Bairon et ses environs,,,,sans-site,,,,,annuaire public FFTT (carte.fftt.com),2026-09-02
06080006,BAZEILLES PPC,08,Ardennes,GES,Grand Est,Bazeilles,08140,SALLE DU MONTVILLERS RUELLE FONDUE,https://pro.assistance08.fr:443/ppcbazeilles/,logos/08/06080006-bazeilles-ppc.webp,http://pro.assistance08.fr/ppcbazeilles/data/medias/logo.jpg,logo,#f01030 #1090f0 #d0d0d0 #b0b0b0,clair,,,annuaire public FFTT (carte.fftt.com),2026-09-02
06080043,ETREPIGNY TT,08,Ardennes,GES,Grand Est,Boutancourt,08160,GYMNASE DE L'IME DE BOUTANCOURT 4 rue du fourneau,,,,sans-site,,,,,annuaire public FFTT (carte.fftt.com),2026-09-02
06080087,CARIGNAN YVOISIEN CTT,08,Ardennes,GES,Grand Est,Carignan,08110,Salle des Ecoles Primaires 17 chemin des remparts,,,,sans-site,,,,,annuaire public FFTT (carte.fftt.com),2026-09-02
06080035,CHARLEVILLE MEZIERES ARDENNES TT,08,Ardennes,GES,Grand Est,Charleville Mezieres,08000,Salle specifique Reine BESTEL 14 CHEMIN DU MEMORIAL QUARTIER LE THEUX,https://cmatt.fr/,logos/08/06080035-charleville-mezieres-ardennes-tt.webp,https://cmatt.fr/media/uploaded/sites/24093/association/660bd15498cfa_CMATTLogo2.png,logo,#909090 #b0b0b0 #707070 #d0d0d0,clair,,,annuaire public FFTT (carte.fftt.com),2026-09-02
06080050,CLAVY WARBY ASL,08,Ardennes,GES,Grand Est,Clavy Warby,08460,Salle des fêtes,,,,sans-site,,,,,annuaire public FFTT (carte.fftt.com),2026-09-02
06080015,CLIRON PPC,08,Ardennes,GES,Grand Est,Cliron,08090,SALLE DES FETES PLACE DE L'EGLISE,,,,sans-site,,,,,annuaire public FFTT (carte.fftt.com),2026-09-02
06080029,AUVILLERS-ETEIGNIERES TT,08,Ardennes,GES,Grand Est,Eteignieres,08260,SALLE POLYVALENTE,,,,sans-site,,,,,annuaire public FFTT (carte.fftt.com),2026-09-02
06080057,NOUVION FLIZE USC,08,Ardennes,GES,Grand Est,Flize,08160,SALLE MULTIACTIVITE RUE CLOS MOULIN,,,,sans-site,,,,,annuaire public FFTT (carte.fftt.com),2026-09-02
06080024,FLOING PPC,08,Ardennes,GES,Grand Est,Floing,08200,COSEC Allée du cosec,,,,sans-site,,,,,annuaire public FFTT (carte.fftt.com),2026-09-02
06080005,GIVET CTT,08,Ardennes,GES,Grand Est,Givet,08600,COSEC CHARLES DE GAULLE CHEMIN DU PARADIS,,,,sans-site,,,,,annuaire public FFTT (carte.fftt.com),2026-09-02
06080082,GLAIRE ASTT,08,Ardennes,GES,Grand Est,Glaire,08200,SALLE DES SPORTS RUE PIERRE LAVOISIER,https://asttglaire.fr/,logos/08/06080082-glaire-astt.webp,https://asttglaire.fr/favicon.ico,favicon,#505050 #d0d0d0 #505030 #707070,clair,,,annuaire public FFTT (carte.fftt.com),2026-09-02
06080017,HARCY FPT,08,Ardennes,GES,Grand Est,Harcy,08150,SALLE CAMILLE MAUPERON PLACE SAINT MARTIN,,,,sans-site,,,,,annuaire public FFTT (carte.fftt.com),2026-09-02
06080059,LA NEUVILLE EN TOURNE A FUY TTC,08,Ardennes,GES,Grand Est,La Neuville En Tourne A Fuy,08310,SALLE JEANNE D ARC RUE DU MOULIN,,,,sans-site,,,,,annuaire public FFTT (carte.fftt.com),2026-09-02
06080045,LES MAZURES TT,08,Ardennes,GES,Grand Est,Les Mazures,08500,Salle Multisport Rue des Capucines,,,,sans-site,,,,,annuaire public FFTT (carte.fftt.com),2026-09-02
06080093,MOGUES TT,08,Ardennes,GES,Grand Est,Mogues,08110,SALLE DES FETES,,,,sans-site,,,,,annuaire public FFTT (carte.fftt.com),2026-09-02
06080047,MONTCY NOTRE DAME PPC,08,Ardennes,GES,Grand Est,Montcy Notre Dame,08090,COSEC 42 RUE SOUS LE VILLAGE,https://ppcmontcy.sportsregions.fr/,logos/08/06080047-montcy-notre-dame-ppc.webp,https://ppcmontcy.sportsregions.fr/media/uploaded/sites/165/association/654b967d4cc1d_Logo.jpg,logo,#d0d0d0 #f0f0f0 #b0b0b0 #707070,clair,,,annuaire public FFTT (carte.fftt.com),2026-09-02
06080097,MONTHERME CTT,08,Ardennes,GES,Grand Est,Montherme,08800,SALLE Jean-Marie INGELS 8 Bis du Lieutenant Barbaste,,,,sans-site,,,,,annuaire public FFTT (carte.fftt.com),2026-09-02
06080074,NOUZONVILLE CTT,08,Ardennes,GES,Grand Est,Nouzonville,08700,U. S. N. 10 rue Etienne Dolet PRES DU STADE A.STEVENIN,,,,sans-site,,,,,annuaire public FFTT (carte.fftt.com),2026-09-02
06080072,POIX TERRON CTT,08,Ardennes,GES,Grand Est,Poix Terron,08430,CTT POIX TERRON ROUTE DE MONTIGNY,,,,sans-site,,,,,annuaire public FFTT (carte.fftt.com),2026-09-02
06080076,RETHELOIS PPC,08,Ardennes,GES,Grand Est,Rethel,08300,Salle du Stade Municipal 5 Bis rue GOBINET,,,,sans-site,,,,,annuaire public FFTT (carte.fftt.com),2026-09-02
06080014,REVIN - HAYBOISE TT,08,Ardennes,GES,Grand Est,Revin,08500,"ANC. COOP DES BOIS BRYAS 6, Avenue du Stade",http://www.revinhayboisett.fr,,,aucun,,,,,annuaire public FFTT (carte.fftt.com),2026-09-02
06080003,US ROCROI TENNIS DE TABLE,08,Ardennes,GES,Grand Est,Rocroi,08230,SALLE DES SPORTS RUE DES REMPARTS,,,,sans-site,,,,,annuaire public FFTT (carte.fftt.com),2026-09-02
06080004,SEDAN TT,08,Ardennes,GES,Grand Est,Sedan,08200,SALLE MARCEL SCHMITT ESPLANADE DU LAC 08200 SEDAN,,,,sans-site,,,,,annuaire public FFTT (carte.fftt.com),2026-09-02
06080013,TAGNON PPC,08,Ardennes,GES,Grand Est,Tagnon,08300,COMPLEXE SPORTIF DE TAGNON RUE GABRIEL DAVENNE,https://www.ppctagnon.com/,logos/08/06080013-tagnon-ppc.webp,https://www.ppctagnon.com/media/uploaded/sites/20086/association/625bd513de488_logoclub.jpg,logo,#f0f050 #f0f070 #d0d070 #d0f070,clair,,,annuaire public FFTT (carte.fftt.com),2026-09-02
06080064,VIVIER AU COURT CTT,08,Ardennes,GES,Grand Est,Vivier-Au-Court,08440,Complexe sportif Arena rue Jules Manil,,,,sans-site,,,,,annuaire public FFTT (carte.fftt.com),2026-09-02
06080044,CTT VOUZIERS,08,Ardennes,GES,Grand Est,Vouziers,08400,GYMNASE MUNICIPAL 3 RUE DE LA FUSION,,,,sans-site,,,,,annuaire public FFTT (carte.fftt.com),2026-09-02
06080053,WARCQ TC,08,Ardennes,GES,Grand Est,Warcq,08000,ESPACE DES REMPARTS PROMENADE DES REMPARTS,,,,sans-site,,,,,annuaire public FFTT (carte.fftt.com),2026-09-02
11090001,PPC FUXEEN,09,Ariège,OCC,Occitanie,,,,https://ppcfoix.fr/,logos/09/11090001-ppc-fuxeen.webp,https://ppcfoix.fr/_assets/images/e9cef8d47ee58c054e38de1ba999be4f.png,logo,#f0f0d0 #f03030 #f0f0b0 #f09070,clair,,,annuaire public FFTT (carte.fftt.com),2026-09-02
11090019,TENNIS DE TABLE CRITOURIEN,09,Ariège,OCC,Occitanie,La Tour Du Crieu,09100,TENNIS DE TABLE CRITOURIEN COMPLEXE SPORTIF MARCEL ROUDIERE CHEMIN DU STADE,http://www.ttcritourien.fr/,logos/09/11090019-tennis-de-table-critourien.webp,http://www.ttcritourien.fr/favicon.ico,favicon,#701050 #1030f0 #f01010 #701070,clair,,,annuaire public FFTT (carte.fftt.com),2026-09-02
11090014,ATT PAYS D OLMES,09,Ariège,OCC,Occitanie,Lavelanet,09300,CENTRE MULTISPORTS MUNICIPAL 40 AVENUE ALSACE LORRAINE,http://attpo.blogspot.com/,,,aucun,,,,,annuaire public FFTT (carte.fftt.com),2026-09-02
11090020,PING PONG CLUB MAZERIEN,09,Ariège,OCC,Occitanie,Mazeres,09270,Complexe sportif du Coulomier 10 chemin du Coulomier,,,,sans-site,,,,,annuaire public FFTT (carte.fftt.com),2026-09-02
11090009,PPC APPAMEEN,09,Ariège,OCC,Occitanie,Pamiers,09100,GYMNASE RAMBAUD RUE BLANCHE,,,,sans-site,,,,,annuaire public FFTT (carte.fftt.com),2026-09-02
11090002,CP ST GIRONNAIS,09,Ariège,OCC,Occitanie,St Girons,09200,GYMNASE J. BUFFELAN Avenue Aristide Berges,https://cpsg.clubeo.com/,logos/09/11090002-cp-st-gironnais.webp,https://cpsg.clubeo.com/uploads/cpsg/shield.png,logo,#1010f0 #701070 #901090 #701090,clair,,,annuaire public FFTT (carte.fftt.com),2026-09-02
06100021,ARCIS ASATT,10,Aube,GES,Grand Est,,,,https://asatt.fr/,,,aucun,,,,,annuaire public FFTT (carte.fftt.com),2026-09-02
06100005,ROMILLY SPORTS 10,10,Aube,GES,Grand Est,,,,,,,sans-site,,,,,annuaire public FFTT (carte.fftt.com),2026-09-02
06100041,AIX EN OTHE SDTDT,10,Aube,GES,Grand Est,Aix En Othe,10160,GYMNASE JEAN DIETRICH Rue du Docteur Georgel,,,,sans-site,,,,,annuaire public FFTT (carte.fftt.com),2026-09-02
06100048,BAR SUR AUBE Tennis de Table,10,Aube,GES,Grand Est,Bar Sur Aube,10200,Collège Gaston BACHELARD 31 Bis Rue Gaston BACHELARD,,,,sans-site,,,,,annuaire public FFTT (carte.fftt.com),2026-09-02
06100016,BAR SUR SEINE FJ,10,Aube,GES,Grand Est,Bar Sur Seine,10110,GYMNASE COLLEGE PAUL PORTIER rue Du 14 juillet,,,,sans-site,,,,,annuaire public FFTT (carte.fftt.com),2026-09-02
06100046,BRIENNE CP,10,Aube,GES,Grand Est,Brienne Le Chateau,10500,SALLE DE TENNIS DE TABLE rue Julien Regnier cote stade et tennis couvert,,,,sans-site,,,,,annuaire public FFTT (carte.fftt.com),2026-09-02
06100017,LA CHAPELLE ST LUC AJFB,10,Aube,GES,Grand Est,La Chapelle St Luc,10600,ECOLE ELEMENTAIRE FERDINAND BUIS 40 RUE JULES FERRY,,,,sans-site,,,,,annuaire public FFTT (carte.fftt.com),2026-09-02
06100004,MOUSSEY CS,10,Aube,GES,Grand Est,Moussey,10800,SALLE THOYER LEBLANC 24 Grande rue de Savoye dans la cour d'une ferme,https://csmmoussey.fr/,logos/10/06100004-moussey-cs.webp,https://csmmoussey.fr/images/joomlaplates/scene-logo-big.png,logo,#d0b050 #f0b050 #f0d050 #f0f0f0,clair,,,annuaire public FFTT (carte.fftt.com),2026-09-02
06100015,TROYES JEUNE GARDE,10,Aube,GES,Grand Est,Rosieres Pres Troyes,10430,COSEC 3 H. Terre 3 rue Gustave Eiffel,https://jeunegardetroyes.fr/,logos/10/06100015-troyes-jeune-garde.webp,https://jeunegardetroyes.fr/wp-content/uploads/2022/08/Logo_Ville_Troyes.svg_-2.png,logo,#1050b0 #f0d010 #105090 #f0b010,clair,,,annuaire public FFTT (carte.fftt.com),2026-09-02
06100032,SAINT ANDRE ASTT Dryate,10,Aube,GES,Grand Est,St Andre Les Vergers,10120,COMPLEXE SPORTIF JEAN BIANCHI 15 AVENUE MARECHAL LECLERC,,,,sans-site,,,,,annuaire public FFTT (carte.fftt.com),2026-09-02
06100035,ST MESMIN-VALLANT TT,10,Aube,GES,Grand Est,St Mesmin,10280,SALLE DES FETES Place de la Mairie,,,,sans-site,,,,,annuaire public FFTT (carte.fftt.com),2026-09-02
06100007,ST PARRES AUX TERTRES AST,10,Aube,GES,Grand Est,St Parres Aux Tertres,10410,SALLE PASCALE PARADIS 10 bis Rue Jules Ferry,,,,sans-site,,,,,annuaire public FFTT (carte.fftt.com),2026-09-02
06100002,TROYES O.S - NOËS TT,10,Aube,GES,Grand Est,Troyes,10000,COSEC DES TERRASSES 30D Boulevard Jules Guesde,https://www.tos-noes.com/,logos/10/06100002-troyes-o-s-noes-tt.webp,https://www.tos-noes.com/ddoc-1089-913e4a19ee5e8d7bd9467a03f6129374-logo-fond.png,logo,#305070 #303070 #d0d0d0 #9090b0,clair,,,annuaire public FFTT (carte.fftt.com),2026-09-02
06100040,ROMILLY-VILLENAUXE CAP,10,Aube,GES,Grand Est,Villenauxe La Grande,10370,COMPLEXE SPORTIF LES PRES DU CHÂTEAU Les Pres du Chateau,,,,sans-site,,,,,annuaire public FFTT (carte.fftt.com),2026-09-02
11110028,CAVES LEUCATE TENNIS DE TABLE,11,Aude,OCC,Occitanie,,,,,,,sans-site,,,,,annuaire public FFTT (carte.fftt.com),2026-09-02
11110027,NARBONNE Tennis de Table,11,Aude,OCC,Occitanie,,,,,,,sans-site,,,,,annuaire public FFTT (carte.fftt.com),2026-09-02
11110001,NEVIAN TT 2001,11,Aude,OCC,Occitanie,,,,,,,sans-site,,,,,annuaire public FFTT (carte.fftt.com),2026-09-02
11110023,CARCASSONNE MJC PONGISTE,11,Aude,OCC,Occitanie,Carcassonne,11000,MJC CARCASSONNE Gymnase St Saens rue Camille St Saens,http://perso.wanadoo.fr/carca.mjcpongiste/,,,aucun,,,,,annuaire public FFTT (carte.fftt.com),2026-09-02
11110024,MJC GRUISSAN TENNIS DE TABLE,11,Aude,OCC,Occitanie,Gruissan,11430,Tennis Couvert Gare Routiere Boulevard de Planasse,,,,sans-site,,,,,annuaire public FFTT (carte.fftt.com),2026-09-02
11110036,ORBIEU LAGRASSE TENNIS DE TABLE,11,Aude,OCC,Occitanie,Lagrasse,11220,Salle polyvalente Route de Ribaute,,,,sans-site,,,,,annuaire public FFTT (carte.fftt.com),2026-09-02
11110035,LES RAQUETTES MARTYNOLES,11,Aude,OCC,Occitanie,Les Martys,11390,Salle polyvalente Rue des Batignes,,,,sans-site,,,,,annuaire public FFTT (carte.fftt.com),2026-09-02
11110015,LEZIGNAN CORBIERES MJC TT,11,Aude,OCC,Occitanie,Lezignan Corbieres,11200,Gymnase Coubertin Rue Kleber,,,,sans-site,,,,,annuaire public FFTT (carte.fftt.com),2026-09-02
11110009,LIMOUX TT,11,Aude,OCC,Occitanie,Limoux,11300,TT LIMOUX 2 avenue Andre Chenier,,,,sans-site,,,,,annuaire public FFTT (carte.fftt.com),2026-09-02
11110033,PEXIORA TENNIS DE TABLE,11,Aude,OCC,Occitanie,Pexiora,11150,ESPACE ASSOCIATIF 407 Rue du Stade,,,,sans-site,,,,,annuaire public FFTT (carte.fftt.com),2026-09-02
11110029,Tennis De Table Village Passion,11,Aude,OCC,Occitanie,Salles D Aude,11110,Le Cube Chemin de Rouch,,,,sans-site,,,,,annuaire public FFTT (carte.fftt.com),2026-09-02
11110032,Sigean Tennis de Table,11,Aude,OCC,Occitanie,Sigean,11130,Etang Boye 54 avenue de Perpignan,,,,sans-site,,,,,annuaire public FFTT (carte.fftt.com),2026-09-02
11110013,TREBES TT,11,Aude,OCC,Occitanie,Trebes,11800,Trebes TT Impasse de l'Avenue de la Gare GPS (rentrer Rue Corneille),https://trebestt.clubeo.com/,logos/11/11110013-trebes-tt.webp,https://s1.static-clubeo.com/250/uploads/trebestt/logo__76a9t249q.png,logo,#d0d0f0 #f0f0f0 #d0d0d0 #f0d0d0,clair,,,annuaire public FFTT (carte.fftt.com),2026-09-02
11120026,ONET LE CHATEAU T.T.,12,Aveyron,OCC,Occitanie,,,,,,,sans-site,,,,,annuaire public FFTT (carte.fftt.com),2026-09-02
11120043,PING PONG CAPDENACOIS,12,Aveyron,OCC,Occitanie,,,,,,,sans-site,,,,,annuaire public FFTT (carte.fftt.com),2026-09-02
11120046,TT DECAZEVILLOIS,12,Aveyron,OCC,Occitanie,,,,,,,sans-site,,,,,annuaire public FFTT (carte.fftt.com),2026-09-02
11120024,T.T.CARCENAC BARAQUEVILLE,12,Aveyron,OCC,Occitanie,Baraqueville,12160,GYMNASE 164 Allee des Sports,,,,sans-site,,,,,annuaire public FFTT (carte.fftt.com),2026-09-02
11120017,ESPALION AVEYRON TENNIS de TABLE,12,Aveyron,OCC,Occitanie,Espalion,12500,CENTRE FRANCIS POULENC ROUTE D'ESTAING,,,,sans-site,,,,,annuaire public FFTT (carte.fftt.com),2026-09-02
11120045,PPC LIOUJACOIS,12,Aveyron,OCC,Occitanie,La Loubiere,12740,SALLE DES SPORTS LES EPIS LIOUJAS,,,,sans-site,,,,,annuaire public FFTT (carte.fftt.com),2026-09-02
11120052,PING VALLON,12,Aveyron,OCC,Occitanie,Marcillac Vallon,12330,GYMNASE DU COLLEGE KERVALLON,,,,sans-site,,,,,annuaire public FFTT (carte.fftt.com),2026-09-02
11120004,STADE OLYMPIQUE MILLAVOIS,12,Aveyron,OCC,Occitanie,Millau,12100,GYMNASE PAUL TORT RUE DU REC MILLAU,,,,sans-site,,,,,annuaire public FFTT (carte.fftt.com),2026-09-02
11120009,PING CLUB D'OLEMPS,12,Aveyron,OCC,Occitanie,Olemps,12510,ESPACE SPORTIF GEORGES BRU PLACE DE LA FONTAINE,https://ping-club-olemps.sportsregions.fr/,logos/12/11120009-ping-club-d-olemps.webp,https://ping-club-olemps.sportsregions.fr/media/uploaded/sites/26199/association/67dd5cecb7219_NouveauLogoPingOlempspage0001.jpg,logo,#d0d0d0 #b0b0b0 #303030 #505050,clair,,,annuaire public FFTT (carte.fftt.com),2026-09-02
11340033,LE CAYLAR PPC,12,Aveyron,OCC,Occitanie,St Affrique,12400,LE CAYLAR PPC rue des 12 etoiles,,,,sans-site,,,,,annuaire public FFTT (carte.fftt.com),2026-09-02
11120047,PPC VILLEFRANCHOIS,12,Aveyron,OCC,Occitanie,Villefranche De Rouergue,12200,GYMNASE DU TRICOT LE TRICOT,https://ppcv-vdr.wixsite.com/monsite,,,aucun,,,,,annuaire public FFTT (carte.fftt.com),2026-09-02
13130152,AIX LES MILLES TT,13,Bouches-du-Rhône,PAC,Provence-Alpes-Côte d'Azur,,,,https://aix-les-milles-tt.assoconnect.com/page/3376184-accueil,logos/13/13130152-aix-les-milles-tt.webp,https://app.assoconnect.com/services/storage?id=5641610&type=picture&secret=zi5Pi4zXsWz3EoOCpvbGkhnxnI7GXOculgSaTEnX&timestamp=1777349270&size=small,logo,#b0b0b0 #909090 #d0d0d0 #707070,clair,,,annuaire public FFTT (carte.fftt.com),2026-09-02
13130012,AS MIRAMAS,13,Bouches-du-Rhône,PAC,Provence-Alpes-Côte d'Azur,,,,https://www.asttmiramas.fr/,,,aucun,,,,,annuaire public FFTT (carte.fftt.com),2026-09-02
13130159,ISTRES TENNIS DE TABLE,13,Bouches-du-Rhône,PAC,Provence-Alpes-Côte d'Azur,,,,https://www.istres-tennisdetable.com/,,,aucun,,,,,annuaire public FFTT (carte.fftt.com),2026-09-02
13130178,JAUMEGARDE TENNIS DE TABLE,13,Bouches-du-Rhône,PAC,Provence-Alpes-Côte d'Azur,,,Salle polyvalente de la mairie,,,,sans-site,,,,,annuaire public FFTT (carte.fftt.com),2026-09-02
13130165,LE MONDE DU PINGPONG,13,Bouches-du-Rhône,PAC,Provence-Alpes-Côte d'Azur,,,LE MONDE DU PINGPONG 268 AV DE LA CAPELETTE salle specifique bat G 13010 MARSEILLE 10,https://lemondedupingpong.com/,logos/13/13130165-le-monde-du-pingpong.webp,https://lemondedupingpong.com/img/logo-1728917841.jpg,logo,#303030 #303050 #301030 #301050,clair,,,annuaire public FFTT (carte.fftt.com),2026-09-02
13130162,MARSEILLE TENNIS DE TABLE,13,Bouches-du-Rhône,PAC,Provence-Alpes-Côte d'Azur,,,,https://marseille-tennis-de-table.com/,logos/13/13130162-marseille-tennis-de-table.webp,https://marseille-tennis-de-table.com/wp-content/uploads/2025/08/cropped-XRecorder_Edited_20250701_03bis.jpg,logo,#105090 #90b0d0 #3070b0 #d0d0f0,clair,,,annuaire public FFTT (carte.fftt.com),2026-09-02
13130183,TENNIS DE TABLE MARTEGAL,13,Bouches-du-Rhône,PAC,Provence-Alpes-Côte d'Azur,,,,,,,sans-site,,,,,annuaire public FFTT (carte.fftt.com),2026-09-02
13130180,TT BOUC BEL AIR - SIMIANE,13,Bouches-du-Rhône,PAC,Provence-Alpes-Côte d'Azur,,,Complexe des terres blanches,,,,sans-site,,,,,annuaire public FFTT (carte.fftt.com),2026-09-02
13130026,US CHEMINOTS MARSEILLAIS,13,Bouches-du-Rhône,PAC,Provence-Alpes-Côte d'Azur,,,USCM 30 RUE BENEDIT 13004 MARSEILLE 04,http://uscm-tt.e-monsite.com,,,aucun,,,,,annuaire public FFTT (carte.fftt.com),2026-09-02
13130049,USC GRANDE BASTIDE MARSEILLE,13,Bouches-du-Rhône,PAC,Provence-Alpes-Côte d'Azur,,,GYMNASE ECOLE PRIMAIRE GDE BASTI 50 BOULEVARD BOUYALA D'ARNAUD GRANDE BASTIDE CAZAULX 13012 MARSEILLE 12,,,,sans-site,,,,,annuaire public FFTT (carte.fftt.com),2026-09-02
13130005,TTC ARLES,13,Bouches-du-Rhône,PAC,Provence-Alpes-Côte d'Azur,Arles,13200,COMPLEXE LOUIS BRUN AVENUE LOUIS VISSAC QUARTIER BARRIOL,,,,sans-site,,,,,annuaire public FFTT (carte.fftt.com),2026-09-02
13130067,AUBAGNE TT,13,Bouches-du-Rhône,PAC,Provence-Alpes-Côte d'Azur,Aubagne,13400,GYMNASE NATHALIE SARRAUTE ROUTE D'EOURES GPS 43?17'55'N 05?33'50'E,https://www.aubagne-tennisdetable.fr/,logos/13/13130067-aubagne-tt.webp,https://image.jimcdn.com/app/cms/image/transf/dimension=130x10000:format=png/path/s7a90ff74849e83bf/image/i20b5a845e76aae27/version/1601041029/image.png,logo,#f0b010 #f0b030 #f0f0d0 #f0d090,clair,,,annuaire public FFTT (carte.fftt.com),2026-09-02
13130137,ASC LANBERNAC,13,Bouches-du-Rhône,PAC,Provence-Alpes-Côte d'Azur,Berre L Etang,13130,COSEC RUE ROBESPIERRE,https://www.lanbernac.fr/,logos/13/13130137-asc-lanbernac.webp,https://cdn.eu.mywebsite-editor.com/s/img/logo.gif,logo,#103090 #b0b0d0 #305090 #5070b0,clair,,,annuaire public FFTT (carte.fftt.com),2026-09-02
13130133,OLYMPIQUE CABRIES-CALAS TT,13,Bouches-du-Rhône,PAC,Provence-Alpes-Côte d'Azur,Cabries,13480,OLYMPIQUE CABRIES CALAS COMPLEXE RAYMOND MARTIN PLAINE DU BOULARD,http://occ-omnisports.com/tennis-de-table/,,,aucun,,,,,annuaire public FFTT (carte.fftt.com),2026-09-02
13130161,CEYRESTE PP,13,Bouches-du-Rhône,PAC,Provence-Alpes-Côte d'Azur,Ceyreste,13600,SALLE POLYVALENTE CHEMIN DES PEUPLIERS,,,,sans-site,,,,,annuaire public FFTT (carte.fftt.com),2026-09-02
13130164,TT CHATEAURENARDAIS,13,Bouches-du-Rhône,PAC,Provence-Alpes-Côte d'Azur,Chateaurenard,13160,COMPLEXE PIERRE DE COUBERTIN 31 AVENUE JEAN BOUIN SALLE ABEL LORENTE,,,,sans-site,,,,,annuaire public FFTT (carte.fftt.com),2026-09-02
13130170,ALPILLES TT EYGUIERES,13,Bouches-du-Rhône,PAC,Provence-Alpes-Côte d'Azur,Eyguieres,13430,COLLEGE LUCIE AUBRAC LES COUDOULIERES,https://www.alpillestt.com/,logos/13/13130170-alpilles-tt-eyguieres.webp,https://www.alpillestt.com/media/uploaded/sites/14133/association/629f55286225f_Logo1.jpg,logo,#103070 #105090 #305090 #701010,clair,,,annuaire public FFTT (carte.fftt.com),2026-09-02
13130022,ASSUP FOS SUR MER,13,Bouches-du-Rhône,PAC,Provence-Alpes-Côte d'Azur,Fos Sur Mer,13270,Gymnase de la Jonquieres Boulevard de Megle,https://assupfos.fr/,logos/13/13130022-assup-fos-sur-mer.webp,https://assupfos.fr/public/8667/upload/theme/kal-theme-logo-header.png,logo,#f0f010 #505050 #d0d010 #707070,clair,,,annuaire public FFTT (carte.fftt.com),2026-09-02
13130188,GEMENOS PING,13,Bouches-du-Rhône,PAC,Provence-Alpes-Côte d'Azur,Gemenos,13420,Espace sport et culture Albert GIRALDI 244 Av César BALDACCINI,,,,sans-site,,,,,annuaire public FFTT (carte.fftt.com),2026-09-02
13130146,GIGNAC VITROLLES TT,13,Bouches-du-Rhône,PAC,Provence-Alpes-Côte d'Azur,Gignac La Nerthe,13180,GYMNASE LE PETIT PRINCE LA POUSSARAQUE,https://la-ptite-raquette-gvtt.blogspot.com/,,,aucun,,,,,annuaire public FFTT (carte.fftt.com),2026-09-02
13130145,PING PONG JOUQUARD,13,Bouches-du-Rhône,PAC,Provence-Alpes-Côte d'Azur,Jouques,13490,CENTRE SOCIOCULTUREL GRANDE RUE,http://pingpongjouquard.webnball.fr,,,aucun,,,,,annuaire public FFTT (carte.fftt.com),2026-09-02
13130158,TT CHATEAUNEUF LA MEDE,13,Bouches-du-Rhône,PAC,Provence-Alpes-Côte d'Azur,La Mede,13220,BVM AVENUE SAINT MEDARD,,,,sans-site,,,,,annuaire public FFTT (carte.fftt.com),2026-09-02
13130189,ASSOCIATION MARIGNANE TT,13,Bouches-du-Rhône,PAC,Provence-Alpes-Côte d'Azur,Marignane,13700,Gymnase Saint Pierre Avenue du Général de Gaulle,,,,sans-site,,,,,annuaire public FFTT (carte.fftt.com),2026-09-02
13130004,ASAND MARSEILLE,13,Bouches-du-Rhône,PAC,Provence-Alpes-Côte d'Azur,Marseille,13013,GYMNASE ANTONIN ARTAUD 25 CH. NOTRE DAME DE LA CONSOLATION,http://www.asand-marseille.com,,,aucun,,,,,annuaire public FFTT (carte.fftt.com),2026-09-02
13130186,LE PING PHOCEEN,13,Bouches-du-Rhône,PAC,Provence-Alpes-Côte d'Azur,Marseille,13004,GYMNASE ECOLE ELEMENTAIRE CHARTREUX EUGENE CAS 217 AVENUE CHARTREUX EUGENE CAS,,,,sans-site,,,,,annuaire public FFTT (carte.fftt.com),2026-09-02
13130181,MARSEILLE 13 TENNIS DE TABLE,13,Bouches-du-Rhône,PAC,Provence-Alpes-Côte d'Azur,Marseille,13013,GYMNASE ROS CASTORS 189 CH. NOTRE DAME DE LA CONSOLATION,,,,sans-site,,,,,annuaire public FFTT (carte.fftt.com),2026-09-02
13130184,MAUSSANE PING,13,Bouches-du-Rhône,PAC,Provence-Alpes-Côte d'Azur,Maussane-Les-Alpilles,13520,SALLE JACK SAUTEL 5 AVENUE DES ALPILLES,,,,sans-site,,,,,annuaire public FFTT (carte.fftt.com),2026-09-02
13130138,TENNIS DE TABLE MEYREUIL,13,Bouches-du-Rhône,PAC,Provence-Alpes-Côte d'Azur,Meyreuil,13590,GYMNASE MUNICIPAL PLAN DE MEYREUIL RUE DES MINEURS,,,,sans-site,,,,,annuaire public FFTT (carte.fftt.com),2026-09-02
13130176,TENNIS DE TABLE DE PORT DE BOUC,13,Bouches-du-Rhône,PAC,Provence-Alpes-Côte d'Azur,Port-De-Bouc,13110,Complexe des Comtes Rue Marcel Gaussorgues,,,,sans-site,,,,,annuaire public FFTT (carte.fftt.com),2026-09-02
13130148,ROGNAC UTT,13,Bouches-du-Rhône,PAC,Provence-Alpes-Côte d'Azur,Rognac,13340,COSEC S GRUZZA AVENUE DU 8 MAI 1945,http://www.rognac-tennisdetable.fr/,logos/13/13130148-rognac-utt.webp,http://www.rognac-tennisdetable.fr/wp-content/uploads/2017/12/Logo-RUTT.png,logo,#f0d010 #f0d030 #f0d050 #f0d070,clair,,,annuaire public FFTT (carte.fftt.com),2026-09-02
13130166,SALON TENNIS DE TABLE,13,Bouches-du-Rhône,PAC,Provence-Alpes-Côte d'Azur,Salon De Provence,13300,GYMNASE DES BRESSONS RUE BOISGELIN ROUTE DE BEL AIR,,,,sans-site,,,,,annuaire public FFTT (carte.fftt.com),2026-09-02
13130118,Tennis de Table Saussetois,13,Bouches-du-Rhône,PAC,Provence-Alpes-Côte d'Azur,Sausset Les Pins,13960,GYMNASE ALAIN CALMAT MAISON DU TEMPS LIBRE 31 RUE PIERRE MATRAJA,,,,sans-site,,,,,annuaire public FFTT (carte.fftt.com),2026-09-02
13130124,FR SAINT-CANNAT,13,Bouches-du-Rhône,PAC,Provence-Alpes-Côte d'Azur,St Cannat,13760,FR SAINT-CANNAT SALLE DU 04 SEPTEMBRE Av. Jules Guesde,http://frsaintcannat.free.fr/,logos/13/13130124-fr-saint-cannat.webp,http://frsaintcannat.free.fr/images/logo_fr.png,logo,#3050b0 #f01030 #505050 #b0b0b0,clair,,,annuaire public FFTT (carte.fftt.com),2026-09-02
13130100,UTT SAINT-MARTIN DE CRAU,13,Bouches-du-Rhône,PAC,Provence-Alpes-Côte d'Azur,St Martin De Crau,13310,UTT ST MARTIN GYMNASE DU LAC Rue du lac de constance,,,,sans-site,,,,,annuaire public FFTT (carte.fftt.com),2026-09-02
13130157,SLC TT SAINT-REMY-DE-PROVENCE,13,Bouches-du-Rhône,PAC,Provence-Alpes-Côte d'Azur,St Remy De Provence,13210,SALLE JEAN MACE RUE CYPRIEN GAUTHIER,,,,sans-site,,,,,annuaire public FFTT (carte.fftt.com),2026-09-02
13130175,ASA PING VELAUX,13,Bouches-du-Rhône,PAC,Provence-Alpes-Côte d'Azur,Velaux,13880,BASTIDE BERTIN AV EMILE RIPERT,,,,sans-site,,,,,annuaire public FFTT (carte.fftt.com),2026-09-02
13130154,PING PONG DE VENELLES,13,Bouches-du-Rhône,PAC,Provence-Alpes-Côte d'Azur,Venelles,13770,SALLE NELSON MANDELA 759 CHEMIN COLLET REDON PARC MUNICIPAL,,,,sans-site,,,,,annuaire public FFTT (carte.fftt.com),2026-09-02
09140156,CAEN TTC,14,Calvados,NOR,Normandie,,,,https://caenttc.fr/,logos/14/09140156-caen-ttc.webp,https://caenttc.fr/favicon.ico,favicon,#d01010 #b01010 #d05050 #f0b0b0,clair,,,annuaire public FFTT (carte.fftt.com),2026-09-02
09140211,COURTONNE LA MEURDRAC FRTT,14,Calvados,NOR,Normandie,,,,,,,sans-site,,,,,annuaire public FFTT (carte.fftt.com),2026-09-02
09140239,AUTHIE TENNIS DE TABLE,14,Calvados,NOR,Normandie,Authie,14280,Salle Polyvalente 25 Rue De La Libération,,,,sans-site,,,,,annuaire public FFTT (carte.fftt.com),2026-09-02
09140014,BAYEUX TT,14,Calvados,NOR,Normandie,Bayeux,14400,COMPLEXE EINDHOVEN,http://club.sportsregions.fr/bayeuxtt,,,aucun,,,,,annuaire public FFTT (carte.fftt.com),2026-09-02
09140228,NACRE TENNIS DE TABLE,14,Calvados,NOR,Normandie,Bernieres Sur Mer,14990,Salle d Activites RUE BAZIN,https://nacretennisdetable.sportsregions.fr/,logos/14/09140228-nacre-tennis-de-table.webp,https://nacretennisdetable.sportsregions.fr/media/uploaded/sites/11048/association/66bb1c13528f1_NTTlogo.jpg,logo,#f0f010 #d0f030 #f0f030 #70d090,clair,,,annuaire public FFTT (carte.fftt.com),2026-09-02
09140083,BRETTEVILLE SUR LAIZE EVC,14,Calvados,NOR,Normandie,Bretteville Sur Laize,14680,GYMNASE 2 RUE CAMILLE BLAISOT Pres du college,,,,sans-site,,,,,annuaire public FFTT (carte.fftt.com),2026-09-02
09140012,CABOURG TT,14,Calvados,NOR,Normandie,Cabourg,14390,Specifique TENNIS DE TABLE Avenue de la Divette,http://www.cabourgtt.com,,,aucun,,,,,annuaire public FFTT (carte.fftt.com),2026-09-02
09140007,AG Caen,14,Calvados,NOR,Normandie,Caen,14000,AG CAENNAISE 6 Rue du Petit Clos St Marc La Folie Couvrechef,https://agcaen.com/,logos/14/09140007-ag-caen.webp,https://agcaen.com/web/images/bandeau-boutique-agcaen.jpg,logo,#1070b0 #105090 #103070 #101050,clair,,,annuaire public FFTT (carte.fftt.com),2026-09-02
09140013,CONDE EN NORMANDIE TENNIS DE TAB,14,Calvados,NOR,Normandie,Conde Sur Noireau,14110,Salle Spécifique Jean Jalley Rue des Pres Guilet,,,,sans-site,,,,,annuaire public FFTT (carte.fftt.com),2026-09-02
09140128,AS SPORT. CORMELLES TENNIS TABLE,14,Calvados,NOR,Normandie,Cormelles Le Royal,14123,HALLE DES SPORTS 4 Rue de la Pagnolee,https://ascormellestt.com/,logos/14/09140128-as-sport-cormelles-tennis-table.webp,https://ascormellestt.com/wp-content/uploads/2024/05/cropped-Logo-ASC-Bleu2-1.png,logo,#3070f0 #3090f0 #5090f0 #70b0f0,clair,,,annuaire public FFTT (carte.fftt.com),2026-09-02
09140174,THAON CREULLY TENNIS DE TABLE,14,Calvados,NOR,Normandie,Creully,14480,Gymnase de la Varende Rue Guy de Maupassant,http://thaonorivaltt.sportsregions.fr/,,,aucun,,,,,annuaire public FFTT (carte.fftt.com),2026-09-02
09140009,AVANT-GARDE-DEAUVILLAISE,14,Calvados,NOR,Normandie,Deauville,14800,POM'S Boulevard des Sports,,,,sans-site,,,,,annuaire public FFTT (carte.fftt.com),2026-09-02
09140162,DOUVRES TENNIS DE TABLE,14,Calvados,NOR,Normandie,Douvres La Delivrande,14440,Gymnase du Hutrel Avenue Pierre Roux,,,,sans-site,,,,,annuaire public FFTT (carte.fftt.com),2026-09-02
09140218,DOZULEENNE ASTT,14,Calvados,NOR,Normandie,Dozule,14430,ESPACE CULTUREL F. Seigneurie Place du Haras,,,,sans-site,,,,,annuaire public FFTT (carte.fftt.com),2026-09-02
09140127,EVRECY TT,14,Calvados,NOR,Normandie,Evrecy,14210,Gymnase route de Bougy en face du collège,,,,sans-site,,,,,annuaire public FFTT (carte.fftt.com),2026-09-02
09140072,FALAISE ES,14,Calvados,NOR,Normandie,Falaise,14700,COMPLEXE SPORTIF DIDIER BIANCO Rue du Champ St Georges,,,,sans-site,,,,,annuaire public FFTT (carte.fftt.com),2026-09-02
09140123,FLEURY SUR ORNE CSP,14,Calvados,NOR,Normandie,Fleury Sur Orne,14123,Salle Marius TRIOLET - Gymnase Rue Francois Mitterand,https://www.cspfleury-sur-orne.fr,,,aucun,,,,,annuaire public FFTT (carte.fftt.com),2026-09-02
09140167,FONTAINE-ETOUPEFOUR TT,14,Calvados,NOR,Normandie,Fontaine Etoupefour,14790,FONTAINE-ETOUPEFOUR T.T. Rue du Stade,,,,sans-site,,,,,annuaire public FFTT (carte.fftt.com),2026-09-02
09140130,ASTT FONTENAY LE PESNEL,14,Calvados,NOR,Normandie,Fontenay Le Pesnel,14250,Salle Polyvalente Rue de Beaumont,,,,sans-site,,,,,annuaire public FFTT (carte.fftt.com),2026-09-02
09140063,FRENOUVILLAIS TT,14,Calvados,NOR,Normandie,Frenouville,14630,Salle Omni. Paul RAPHAEL Rue Marechal FOCH,,,,sans-site,,,,,annuaire public FFTT (carte.fftt.com),2026-09-02
09140231,GRENTHEVILLE USTT,14,Calvados,NOR,Normandie,Grentheville,14540,Complexe Sportif Rue Urbain Cardon Pres du terrain de football,,,,sans-site,,,,,annuaire public FFTT (carte.fftt.com),2026-09-02
09140019,CAEN ASPTT,14,Calvados,NOR,Normandie,Herouville St Clair,14200,ASPTT CAEN Rue de la Pompe,https://www.tennis-de-table-asptt-caen-herouville.fr/,,,aucun,,,,,annuaire public FFTT (carte.fftt.com),2026-09-02
09140071,CLUB HONFLEURAIS DE TENNIS DE TA,14,Calvados,NOR,Normandie,Honfleur,14600,Salle TT - COSEC Rue Leon Leclerc,,,,sans-site,,,,,annuaire public FFTT (carte.fftt.com),2026-09-02
09140060,HOULGATAISE R,14,Calvados,NOR,Normandie,Houlgate,14510,Salle du Clos Guillaume Rue du Stade,http://perso.wanadoo.fr/raquettehoulgataise/,,,aucun,,,,,annuaire public FFTT (carte.fftt.com),2026-09-02
09500023,ISIGNY/ST PELLERIN TT,14,Calvados,NOR,Normandie,Isigny Sur Mer,14230,Salle Multi-activites Le Stade rue du fanal,,,,sans-site,,,,,annuaire public FFTT (carte.fftt.com),2026-09-02
09140032,LISIEUX ASTT,14,Calvados,NOR,Normandie,Lisieux,14100,Gymnase Alain Mimoun Rue St Hippolyte,https://www.asttl.fr/,logos/14/09140032-lisieux-astt.webp,https://image.jimcdn.com/app/cms/image/transf/none/path/s823659a45ca2af15/image/iba0e56060e64f3cf/version/1768815633/club-de-lisieux-tt.png,logo,#909090 #d0b090 #b09090 #505070,clair,,,annuaire public FFTT (carte.fftt.com),2026-09-02
09140216,FERVAQUES LP,14,Calvados,NOR,Normandie,Livarot Pays D'Auge,14140,Salle Multiactivtes Boulevard Robert Piquet Zone Nord Cour Debierre,,,,sans-site,,,,,annuaire public FFTT (carte.fftt.com),2026-09-02
09140111,LOUVIGNY ASL TT,14,Calvados,NOR,Normandie,Louvigny,14111,Gymnase Yannick Noah Avenue de Plein Ciel,,,,sans-site,,,,,annuaire public FFTT (carte.fftt.com),2026-09-02
09140202,LE MESNIL MAUGER LPT,14,Calvados,NOR,Normandie,Mezidon Vallee D'Auge.,14270,Salle multi-activites 173 rue les marronniers,,,,sans-site,,,,,annuaire public FFTT (carte.fftt.com),2026-09-02
09140235,MONDEVILLE TT,14,Calvados,NOR,Normandie,Mondeville,14120,Georges Lemarchand 1 rue Albert Bayet,https://app.gestion-ping.fr/dl/clubs/s/854878/r/dXIwcRFoSXiR57TmaPADow,logos/14/09140235-mondeville-tt.webp,https://app.gestion-ping.fr/dl/clubs/s/854878/r/dXIwcRFoSXiR57TmaPADow,logo,#1090d0 #10b0d0 #1090b0 #107090,clair,,,annuaire public FFTT (carte.fftt.com),2026-09-02
09140237,MOULTAIS AVENIR SPORTIF,14,Calvados,NOR,Normandie,Moult,14370,Salle de Sports Multi-Raquettes Rue du Traite de Rome,,,,sans-site,,,,,annuaire public FFTT (carte.fftt.com),2026-09-02
09140201,MOYAUSAINE ATT,14,Calvados,NOR,Normandie,Moyaux,14590,Salle nicolas batum Route d'Ouilly,,,,sans-site,,,,,annuaire public FFTT (carte.fftt.com),2026-09-02
09140055,Amicale Pongiste de Ouistreham,14,Calvados,NOR,Normandie,Ouistreham,14150,Salle Georges CAVELIER 46 Avenue de la Redoute,,,,sans-site,,,,,annuaire public FFTT (carte.fftt.com),2026-09-02
09140054,PONT L EVEQUE US,14,Calvados,NOR,Normandie,Pont L Eveque,14130,Gymnase Even Rue Gustave Flaubert A cote du college,,,,sans-site,,,,,annuaire public FFTT (carte.fftt.com),2026-09-02
09140190,PORT EN BESSIN C,14,Calvados,NOR,Normandie,Port En Bessin Huppain,14520,Salle Thiebot avenue Marechal de Tourville Preau,,,,sans-site,,,,,annuaire public FFTT (carte.fftt.com),2026-09-02
09140227,BRETTEVILLE L ORG/ROTS ABORTT,14,Calvados,NOR,Normandie,Rots,14980,Gymnase de ROTS Rue Haute Bonny,https://www.abortt.fr/,logos/14/09140227-bretteville-l-org-rots-abortt.webp,https://www.abortt.fr/assets/img/Logo-ABORTT.jpeg,logo,#303030 #909090 #505050 #707070,clair,,,annuaire public FFTT (carte.fftt.com),2026-09-02
09140238,SALINE TENNIS DE TABLE,14,Calvados,NOR,Normandie,Sannerville,14940,Salle des Fetes Rue de la Liberation,,,,sans-site,,,,,annuaire public FFTT (carte.fftt.com),2026-09-02
09140078,ST ANDRE/ORNE USSA,14,Calvados,NOR,Normandie,St Andre Sur Orne,14320,USSA ST ANDRE/ORNE Professeur Gombault,,,,sans-site,,,,,annuaire public FFTT (carte.fftt.com),2026-09-02
09140234,ST CONTEST TT,14,Calvados,NOR,Normandie,St Contest,14280,Salle Municipale Place de la Mairie,,,,sans-site,,,,,annuaire public FFTT (carte.fftt.com),2026-09-02
09140200,ST LAURENT DE CONDEL TT FR,14,Calvados,NOR,Normandie,St Laurent De Condel,14220,Salle Polyvalente,,,,sans-site,,,,,annuaire public FFTT (carte.fftt.com),2026-09-02
09140003,PETRUVIENNE US,14,Calvados,NOR,Normandie,St Pierre Sur Dives,14170,Salle Omnisports Rue des Sports,,,,sans-site,,,,,annuaire public FFTT (carte.fftt.com),2026-09-02
09140189,TT DE LA SUISSE NORMANDE,14,Calvados,NOR,Normandie,Thury Harcourt,14220,Gymnase 19 Boulevard des Champs Ste-Catherine,https://ttsn14.sportsregions.fr/,logos/14/09140189-tt-de-la-suisse-normande.webp,https://ttsn14.sportsregions.fr/media/uploaded/sites/1158/association/66fac4f14497f_LOGOTTSN.png,logo,#50b090 #70b0f0 #50b0b0 #d01010,clair,,,annuaire public FFTT (carte.fftt.com),2026-09-02
09140224,ASLO TT TOURVILLE VERSON,14,Calvados,NOR,Normandie,Tourville Sur Odon,14210,SALLE POLYVALENTE RUE DU CHATEAU,,,,sans-site,,,,,annuaire public FFTT (carte.fftt.com),2026-09-02
09140052,TROARN TT,14,Calvados,NOR,Normandie,Troarn,14670,"TROARN TT 44, Rue de l'Ancienne Gare",,,,sans-site,,,,,annuaire public FFTT (carte.fftt.com),2026-09-02
09140147,Reveil Pongiste Vasseen,14,Calvados,NOR,Normandie,Vassy,14410,Salle du Tennis de Table Rue Marcel Lepage Valdalliere,,,,sans-site,,,,,annuaire public FFTT (carte.fftt.com),2026-09-02
09140115,VILLERS BOCAGE US,14,Calvados,NOR,Normandie,Villers Bocage,14310,Gymnase Rue Saint Martin,,,,sans-site,,,,,annuaire public FFTT (carte.fftt.com),2026-09-02
09140023,USMVIRE Tennis de Table,14,Calvados,NOR,Normandie,Vire,14500,Salle de Tennis de Table Rue des Noes Davy,,,,sans-site,,,,,annuaire public FFTT (carte.fftt.com),2026-09-02
01150299,ASTT de LAROQUEBROU,15,Cantal,ARA,Auvergne-Rhône-Alpes,,,,,,,sans-site,,,,,annuaire public FFTT (carte.fftt.com),2026-09-02
01150148,C.O. ARPAJON,15,Cantal,ARA,Auvergne-Rhône-Alpes,,,,,,,sans-site,,,,,annuaire public FFTT (carte.fftt.com),2026-09-02
01150309,Tennis de table Pays de St FLOUR,15,Cantal,ARA,Auvergne-Rhône-Alpes,,,,,,,sans-site,,,,,annuaire public FFTT (carte.fftt.com),2026-09-02
01150159,Tennis de Table Aurillacois,15,Cantal,ARA,Auvergne-Rhône-Alpes,Aurillac,15000,GYMNASE ST GERAUD Place Saint-Geraud 1 rue des Freres Delmas,,,,sans-site,,,,,annuaire public FFTT (carte.fftt.com),2026-09-02
01150306,Union Sportive Marmanhacoise T T,15,Cantal,ARA,Auvergne-Rhône-Alpes,Marmanhac,15250,Foyer Rural Le Pont,,,,sans-site,,,,,annuaire public FFTT (carte.fftt.com),2026-09-02
01150291,TENNIS DE TABLE MAURIAC,15,Cantal,ARA,Auvergne-Rhône-Alpes,Mauriac,15200,GYMNASE MUNICIPAL Rue du 8 mai,https://ttmauriac15200.sportsregions.fr/,logos/15/01150291-tennis-de-table-mauriac.webp,https://ttmauriac15200.sportsregions.fr/media/uploaded/sites/21609/association/653a125d4e8b6_Composition1.jpg,logo,#f0f010 #f0f030 #9090b0 #9090d0,clair,,,annuaire public FFTT (carte.fftt.com),2026-09-02
01150290,TT DU PAYS DE MAURS,15,Cantal,ARA,Auvergne-Rhône-Alpes,Maurs,15600,TT DU PAYS DE MAURS GYMNASE MAURS AVENUE DU STADE,https://tennis-de-table-pays-de-maurs.com/,logos/15/01150290-tt-du-pays-de-maurs.webp,https://tennis-de-table-pays-de-maurs.com/media/uploaded/sites/12618/association/68fa824cf0e9d_LogoTTPM500.png,logo,#303030 #d0d0d0 #505050 #909090,clair,,,annuaire public FFTT (carte.fftt.com),2026-09-02
01150307,TENNIS DE TABLE 3 ROCHERS MURAT,15,Cantal,ARA,Auvergne-Rhône-Alpes,Murat,15300,COLLEGE GEORGES POMPIDOU Avenue d'Olonne sur mer,,,,sans-site,,,,,annuaire public FFTT (carte.fftt.com),2026-09-02
01150303,Ping du Pays de Naucelles,15,Cantal,ARA,Auvergne-Rhône-Alpes,Naucelles,15250,gymnase COSVA rue du stade,https://ping-naucelles.fr/,logos/15/01150303-ping-du-pays-de-naucelles.webp,https://ping-naucelles.fr/wp-content/uploads/2023/09/Logo-PPN.jpg,logo,#f0f0d0 #f0f0f0 #d0d0d0 #d0f0b0,clair,,,annuaire public FFTT (carte.fftt.com),2026-09-02
01150278,ST GEORGES S.L.,15,Cantal,ARA,Auvergne-Rhône-Alpes,St Georges,15100,SALLE POLYVALENTE,,,,sans-site,,,,,annuaire public FFTT (carte.fftt.com),2026-09-02
10160029,Angouleme TTGF,16,Charente,NAQ,Nouvelle-Aquitaine,,,,https://ttgf-angouleme.com/,logos/16/10160029-angouleme-ttgf.webp,https://ttgf-angouleme.com/wp-content/uploads/2023/09/cropped-cropped-cropped-LOGO-scaled-1.png,logo,#5090f0 #5090d0 #707070 #505050,clair,,,annuaire public FFTT (carte.fftt.com),2026-09-02
10160010,Chabanais tennis de table,16,Charente,NAQ,Nouvelle-Aquitaine,,,,,,,sans-site,,,,,annuaire public FFTT (carte.fftt.com),2026-09-02
10160040,Cognac UA,16,Charente,NAQ,Nouvelle-Aquitaine,,,,https://cognactennisdetable.fr/,logos/16/10160040-cognac-ua.webp,https://images.squarespace-cdn.com/content/v1/66c8afdaa3cc2956c1b5e38e/41ddc95e-fa1b-45a5-87a4-777b5acacca6/Logo+UACTT+Blason+long.png,logo,#f01010 #303030 #909090 #707070,clair,,,annuaire public FFTT (carte.fftt.com),2026-09-02
10160024,Gond Pontouvre T.T.G.P.,16,Charente,NAQ,Nouvelle-Aquitaine,,,,,,,sans-site,,,,,annuaire public FFTT (carte.fftt.com),2026-09-02
10160225,Ruffec Club Tennis de Table,16,Charente,NAQ,Nouvelle-Aquitaine,,,,,,,sans-site,,,,,annuaire public FFTT (carte.fftt.com),2026-09-02
10160226,Torsac Club Pongiste,16,Charente,NAQ,Nouvelle-Aquitaine,,,,,,,sans-site,,,,,annuaire public FFTT (carte.fftt.com),2026-09-02
10160237,Aigre Club Pongiste du Pays,16,Charente,NAQ,Nouvelle-Aquitaine,Aigre,16140,Gymnase Rue du renclos,,,,sans-site,,,,,annuaire public FFTT (carte.fftt.com),2026-09-02
10160069,TTC Baignes et Barbezieux,16,Charente,NAQ,Nouvelle-Aquitaine,Baignes Ste Radegonde,16360,SALLE POLYVALENTE 1 rue Baptiste ROUSSY,,,,sans-site,,,,,annuaire public FFTT (carte.fftt.com),2026-09-02
10160042,STT Brie Champniers,16,Charente,NAQ,Nouvelle-Aquitaine,Champniers,16430,CENTRE MULTI LOISIRS rue de la genoise ZA montagnes En contrebas de Decathlon,,,,sans-site,,,,,annuaire public FFTT (carte.fftt.com),2026-09-02
10160071,TT Luchac-Chassors,16,Charente,NAQ,Nouvelle-Aquitaine,Chassors,16200,MAIRIE,http://www.ttlc-luchac-chassors.com/,,,aucun,,,,,annuaire public FFTT (carte.fftt.com),2026-09-02
10160044,Chateaubernard SL TT,16,Charente,NAQ,Nouvelle-Aquitaine,Chateaubernard,16100,SALLE JEAN MONET RUE JEAN MONET,https://www.club-slctt.fr/,logos/16/10160044-chateaubernard-sl-tt.webp,https://www.club-slctt.fr/images/site/logo/logo-regular-sized.gif,logo,#507090 #505070 #b0b0d0 #305070,clair,,,annuaire public FFTT (carte.fftt.com),2026-09-02
10160051,Châteauneuf TT Castelnovien,16,Charente,NAQ,Nouvelle-Aquitaine,Chateauneuf Sur Charente,16120,Salle Omnisports François Gabart 3 Impasse du Chemin Piquet,https://ttcastelnovien.com,,,aucun,,,,,annuaire public FFTT (carte.fftt.com),2026-09-02
10160240,Chazellois Copains Pongistes,16,Charente,NAQ,Nouvelle-Aquitaine,Chazelles,16380,Salle des associations 1 route de Marthon,https://www.cpc16.com/,logos/16/10160240-chazellois-copains-pongistes.webp,https://www.cpc16.com/media/uploaded/sites/8949/association/668cf09460233_logopingpng.png,logo,#d01030 #f01030 #b07050 #b01030,clair,,,annuaire public FFTT (carte.fftt.com),2026-09-02
10160236,Confolens Tennis de Table,16,Charente,NAQ,Nouvelle-Aquitaine,Confolens,16500,Gymnase de la Gare,,,,sans-site,,,,,annuaire public FFTT (carte.fftt.com),2026-09-02
10160049,Fleac M J C,16,Charente,NAQ,Nouvelle-Aquitaine,Fleac,16730,SALLE DE SPORTS 1 avenue des Sports,,,,sans-site,,,,,annuaire public FFTT (carte.fftt.com),2026-09-02
10160186,L'Isle d'Espagnac 3STT,16,Charente,NAQ,Nouvelle-Aquitaine,L'Isle-D'Espagnac,16340,Salle omnisports l'isle o sports 5 Allée François Mitterrand,https://3stt.fr,,,aucun,,,,,annuaire public FFTT (carte.fftt.com),2026-09-02
10160023,La Couronne COC,16,Charente,NAQ,Nouvelle-Aquitaine,La Couronne,16400,Salle du Four Banal Place des Volontaires de l'an II,,,,sans-site,,,,,annuaire public FFTT (carte.fftt.com),2026-09-02
10160232,La Rochefoucauld UA TT,16,Charente,NAQ,Nouvelle-Aquitaine,La Rochefoucauld,16110,Salle Leon Jarton grande rue,https://www.larochefoucauldtt.com/,logos/16/10160232-la-rochefoucauld-ua-tt.webp,https://www.larochefoucauldtt.com/images/logona.png,logo,#30b0d0 #f05050 #70b030 #d0d0b0,clair,,,annuaire public FFTT (carte.fftt.com),2026-09-02
10160059,Magnac/Touvre TT Pirons,16,Charente,NAQ,Nouvelle-Aquitaine,Magnac Sur Touvre,16600,SALLE PIERRE DE COUBERTIN COMPLEXE SPORTIF RUE PIERRE DE COUBERTIN,http://www.ttpmagnac.fr.st,,,aucun,,,,,annuaire public FFTT (carte.fftt.com),2026-09-02
10160003,Mansle Coqs Rouges,16,Charente,NAQ,Nouvelle-Aquitaine,Mansle,16230,SALLE OMNISPORTS Rue de la Doue,,,,sans-site,,,,,annuaire public FFTT (carte.fftt.com),2026-09-02
10160030,Merpins U S,16,Charente,NAQ,Nouvelle-Aquitaine,Merpins,16100,MERPINS U S SALLE DES FETES RUE DE LA DISTILLERIE,,,,sans-site,,,,,annuaire public FFTT (carte.fftt.com),2026-09-02
10160085,Chalais - Montmoreau,16,Charente,NAQ,Nouvelle-Aquitaine,Montmoreau St Cybard,16190,CHALAIS - MONTMOREAU Avenue Henri Dunant,,,,sans-site,,,,,annuaire public FFTT (carte.fftt.com),2026-09-02
10160018,Mornac Tennis de Table,16,Charente,NAQ,Nouvelle-Aquitaine,Mornac,16600,SALLE DE TENNIS DE TABLE RUE DU CHAMP DE PENOT,,,,sans-site,,,,,annuaire public FFTT (carte.fftt.com),2026-09-02
10160185,Puymoyen Tennis de Table,16,Charente,NAQ,Nouvelle-Aquitaine,Puymoyen,16400,Salle des Sports 1 rue du Peusec,http://www.ttpuymoyennais.fr/,,,aucun,,,,,annuaire public FFTT (carte.fftt.com),2026-09-02
10160196,TTC SG.ROUILLAC,16,Charente,NAQ,Nouvelle-Aquitaine,Rouillac,16170,GYMNASE DE ROUILLAC RUE DES FIN BOIS,https://ttcsg-rouillac.wixsite.com/ttcsg-rouillac,logos/16/10160196-ttc-sg-rouillac.webp,https://static.wixstatic.com/media/fa981d_ccbab3533ff74a58b691ee0d0dfa0ade~mv2.jpg,logo,#d0d0d0 #f0f0f0 #909090 #707070,clair,,,annuaire public FFTT (carte.fftt.com),2026-09-02
10160122,AP Severinoise,16,Charente,NAQ,Nouvelle-Aquitaine,St Severin,16390,Salle des fetes Rue du Perigord,http://www.ap2s.club,,,aucun,,,,,annuaire public FFTT (carte.fftt.com),2026-09-02
10160197,Vars Entente Pongiste,16,Charente,NAQ,Nouvelle-Aquitaine,Vars,16330,Salle des Sports 12 bis route de la Gare,,,,sans-site,,,,,annuaire public FFTT (carte.fftt.com),2026-09-02
10170029,Aigrefeuille CP,17,Charente-Maritime,NAQ,Nouvelle-Aquitaine,,,,,,,sans-site,,,,,annuaire public FFTT (carte.fftt.com),2026-09-02
10170240,Atlantique Tennis de Table 17,17,Charente-Maritime,NAQ,Nouvelle-Aquitaine,,,,,,,sans-site,,,,,annuaire public FFTT (carte.fftt.com),2026-09-02
10170051,Club Pongiste Rochelais,17,Charente-Maritime,NAQ,Nouvelle-Aquitaine,,,,https://club-pongiste-rochelais.com/,logos/17/10170051-club-pongiste-rochelais.webp,https://club-pongiste-rochelais.com/wp-content/themes/pongiste2/img/logo-cpr.png,logo,#101010 #d0d0d0 #909090 #b0b0b0,clair,,,annuaire public FFTT (carte.fftt.com),2026-09-02
10170024,Jonzac CP,17,Charente-Maritime,NAQ,Nouvelle-Aquitaine,,,,,,,sans-site,,,,,annuaire public FFTT (carte.fftt.com),2026-09-02
10170007,Montlieu LA GARDE T T,17,Charente-Maritime,NAQ,Nouvelle-Aquitaine,,,,,,,sans-site,,,,,annuaire public FFTT (carte.fftt.com),2026-09-02
10170050,Saintes USSTT,17,Charente-Maritime,NAQ,Nouvelle-Aquitaine,,,,https://www.saintestt.fr/,logos/17/10170050-saintes-usstt.webp,https://www.saintestt.fr/uploaded/logo/adef9c7a639f5afbeaa64ec72231aa8f.png,logo,#d0d0d0 #f0f0f0 #b0b0b0 #f0f0d0,clair,,,annuaire public FFTT (carte.fftt.com),2026-09-02
10170049,Angoulins TT,17,Charente-Maritime,NAQ,Nouvelle-Aquitaine,Angoulins,17690,SALLE POLYVALENTE LOUIS FERRAND,,,,sans-site,,,,,annuaire public FFTT (carte.fftt.com),2026-09-02
10170178,Bords TT,17,Charente-Maritime,NAQ,Nouvelle-Aquitaine,Bords,17430,LES HALLES,,,,sans-site,,,,,annuaire public FFTT (carte.fftt.com),2026-09-02
10170223,Burie CTT,17,Charente-Maritime,NAQ,Nouvelle-Aquitaine,Burie,17770,Club de Tennis de Table de Burie Route du bois Barre,,,,sans-site,,,,,annuaire public FFTT (carte.fftt.com),2026-09-02
10170034,Corme Royal TTC,17,Charente-Maritime,NAQ,Nouvelle-Aquitaine,Corme Royal,17600,SALLE OMNISPORT RUE DU STADE,,,,sans-site,,,,,annuaire public FFTT (carte.fftt.com),2026-09-02
10170009,Cozes club pongiste,17,Charente-Maritime,NAQ,Nouvelle-Aquitaine,Cozes,17120,COZES CLUB PONGISTE boulevard du repos,https://cozescp.no-ip.info/,,,aucun,,,,,annuaire public FFTT (carte.fftt.com),2026-09-02
10170235,T.T. Echillais,17,Charente-Maritime,NAQ,Nouvelle-Aquitaine,Echillais,17620,Salle Multisports Echillais 1 rue des chevaux,,,,sans-site,,,,,annuaire public FFTT (carte.fftt.com),2026-09-02
10170064,Fouras CP,17,Charente-Maritime,NAQ,Nouvelle-Aquitaine,Fouras,17450,Fouras Salle Specifique Avenue du stade complexe sportif Roger Rondeaux,https://cpfouras.fr/,logos/17/10170064-fouras-cp.webp,https://cpfouras.fr/wp-content/themes/cpfouras/images/logo-reduit.png,logo,#303030 #f03030 #f0d0d0 #f09030,clair,,,annuaire public FFTT (carte.fftt.com),2026-09-02
10170005,Gemozac Tennis de Table,17,Charente-Maritime,NAQ,Nouvelle-Aquitaine,Gemozac,17260,GYMNASE RENE NICOT RUE DES BEAUPLANS,,,,sans-site,,,,,annuaire public FFTT (carte.fftt.com),2026-09-02
10170012,La Rochelle ASPTT,17,Charente-Maritime,NAQ,Nouvelle-Aquitaine,L Houmeau,17137,CENTRE SPORTIF ASPTT chemin de la Bridenelle,https://la-rochelle-tennis-de-table.asptt.com/,,,aucun,,,,,annuaire public FFTT (carte.fftt.com),2026-09-02
10170242,Association Multisports SMASH,17,Charente-Maritime,NAQ,Nouvelle-Aquitaine,La Rochelle,17000,Salle France Vatré 90 Rue du Vélodrome,,,,sans-site,,,,,annuaire public FFTT (carte.fftt.com),2026-09-02
10170162,Marans-Courcon ALTT,17,Charente-Maritime,NAQ,Nouvelle-Aquitaine,Marans,17230,GYMNASE INTERCOMMUNAL Avenue Général de Gaulle Gymnase Intercommunal,,,,sans-site,,,,,annuaire public FFTT (carte.fftt.com),2026-09-02
10170003,Mirambeau MTT,17,Charente-Maritime,NAQ,Nouvelle-Aquitaine,Mirambeau,17150,MIRAMBEAU SAM AIRE DE LOISIRS,,,,sans-site,,,,,annuaire public FFTT (carte.fftt.com),2026-09-02
10170237,Muron Tennis de Table FR,17,Charente-Maritime,NAQ,Nouvelle-Aquitaine,Muron,17430,SALLE POLYVALENTE Rue des Fruitiers,,,,sans-site,,,,,annuaire public FFTT (carte.fftt.com),2026-09-02
10170028,Club Pongiste Nieulais,17,Charente-Maritime,NAQ,Nouvelle-Aquitaine,Nieul Sur Mer,17137,Espace Michel Crepeau Rue de Lauzieres Salle Phare de Chauveau,https://cpn.kalisport.com/,logos/17/10170028-club-pongiste-nieulais.webp,https://cpn.kalisport.com/public/3841/upload/theme/kal-theme-logo-header_47.png,logo,#d0d0d0 #707070 #909090 #b0b0b0,clair,,,annuaire public FFTT (carte.fftt.com),2026-09-02
10170042,Périgny Ping,17,Charente-Maritime,NAQ,Nouvelle-Aquitaine,Perigny,17180,GYMNASE DU COMPLEXE SPORTIF 6 C RUE DE ST ROGATIEN,https://www.holdsport.net/klub/perigny-ping,logos/17/10170042-perigny-ping.webp,https://www.holdsport.dk/media/W1siZiIsIjIwMjYvMDQvMjEvMmV2cnRhNG9xOTFfTE9HT19QMl9IRF9CTEFOQy5wbmciXSxbInAiLCJ0aHVtYiIsIjM1MHgzNTAiXV0=?sha=ddd7083a9d73de23,logo,,sombre,,,annuaire public FFTT (carte.fftt.com),2026-09-02
10170073,Rochefort CRTT,17,Charente-Maritime,NAQ,Nouvelle-Aquitaine,Rochefort,17300,Ecole Anatole France rue du Dressage Gymnase de l'ecole,,,,sans-site,,,,,annuaire public FFTT (carte.fftt.com),2026-09-02
10170138,Royan Gazelec Sports,17,Charente-Maritime,NAQ,Nouvelle-Aquitaine,Royan,17200,SLV 4 RUE DES CENDRILLES,,,,sans-site,,,,,annuaire public FFTT (carte.fftt.com),2026-09-02
10170229,U.P. St Genis Champagnac,17,Charente-Maritime,NAQ,Nouvelle-Aquitaine,St Genis De Saintonge,17240,Gymnase du College 7 av Alcide Beauvais,,,,sans-site,,,,,annuaire public FFTT (carte.fftt.com),2026-09-02
10170158,St Georges des Coteaux AS,17,Charente-Maritime,NAQ,Nouvelle-Aquitaine,St Georges Des Coteaux,17810,ST GEORGES DES COTEAUX AS SALLE POLYVALENTE,http://www.ascsgc.fr,,,aucun,,,,,annuaire public FFTT (carte.fftt.com),2026-09-02
10170150,St Germain Lusignan FR,17,Charente-Maritime,NAQ,Nouvelle-Aquitaine,St Germain De Lusignan,17500,SALLE JEAN MOULIN PLACE JEAN MOULIN,,,,sans-site,,,,,annuaire public FFTT (carte.fftt.com),2026-09-02
10170046,St Jean d'Angely TT,17,Charente-Maritime,NAQ,Nouvelle-Aquitaine,St Jean D Angely,17400,SALLE DANSE/TENNIS TABLE ECOLE GAMBETTA RUE DES FOSSES,,,,sans-site,,,,,annuaire public FFTT (carte.fftt.com),2026-09-02
10170218,Bourgneuf/St-Rogatien TT,17,Charente-Maritime,NAQ,Nouvelle-Aquitaine,St Rogatien,17220,SALLE ASSOCIATIVE Rue du Gymnase,http://bourgneuf-tt.over-blog.fr/,,,aucun,,,,,annuaire public FFTT (carte.fftt.com),2026-09-02
10170214,Surgeres ACP,17,Charente-Maritime,NAQ,Nouvelle-Aquitaine,Surgeres,17700,SURGERES ASS CLUB PONGISTE GYMNASE N 3 RUE DU STADE,https://ping-surgeres.fr/,,,aucun,,,,,annuaire public FFTT (carte.fftt.com),2026-09-02
10170241,TENNIS DE TABLE VILLEDOUX A.,17,Charente-Maritime,NAQ,Nouvelle-Aquitaine,Villedoux,17230,SALLE DES FETES Rue du Fiton,,,,sans-site,,,,,annuaire public FFTT (carte.fftt.com),2026-09-02
04180737,TENNIS DE TABLE SUD CHER,18,Cher,CVL,Centre-Val de Loire,,,,,,,sans-site,,,,,annuaire public FFTT (carte.fftt.com),2026-09-02
04180041,TT AUBIGNY SUR NERE,18,Cher,CVL,Centre-Val de Loire,,,,https://aubignytt.sportsregions.fr/,logos/18/04180041-tt-aubigny-sur-nere.webp,https://aubignytt.sportsregions.fr/images/common/mobile-app.png,aucun,#d01050 #105090 #f03070 #f07090,clair,,,annuaire public FFTT (carte.fftt.com),2026-09-02
04180696,VIERZON PING,18,Cher,CVL,Centre-Val de Loire,,,,https://vierzonping.wordpress.com/,logos/18/04180696-vierzon-ping.webp,https://vierzonping.wordpress.com/wp-content/uploads/2018/10/fdva.png,logo,#b0b0d0 #90b0b0 #9090b0 #d0d0d0,clair,,,annuaire public FFTT (carte.fftt.com),2026-09-02
04180157,AVORD TT,18,Cher,CVL,Centre-Val de Loire,Avord,18520,STADE MUNICIPAL - SALLE OMNISPOR ROUTE DE BOURGES,,,,sans-site,,,,,annuaire public FFTT (carte.fftt.com),2026-09-02
04180734,BAUGY TENNIS DE TABLE,18,Cher,CVL,Centre-Val de Loire,Baugy,18800,Ancienne caserne des pompiers 6 rue du Champs de Foire,,,,sans-site,,,,,annuaire public FFTT (carte.fftt.com),2026-09-02
04180485,TT.BELLEVILLE-LERE,18,Cher,CVL,Centre-Val de Loire,Belleville Sur Loire,18240,GYMNASE ROUTE DE SANTRANGES,,,,sans-site,,,,,annuaire public FFTT (carte.fftt.com),2026-09-02
04180486,C P BIGNY VALLENAY,18,Cher,CVL,Centre-Val de Loire,Bigny Vallenay,18190,ENCLOS DES CHARMES 23 Avenue Hubert Gaulier ENCLOS DES CHARMES,,,,sans-site,,,,,annuaire public FFTT (carte.fftt.com),2026-09-02
04180613,CJM BOURGES TT,18,Cher,CVL,Centre-Val de Loire,Bourges,18000,COMPL. SPORTIF YVES DU MANOIR 135 Rue De Turly,http://cjmbourgestt.e-monsite.com/,,,aucun,,,,,annuaire public FFTT (carte.fftt.com),2026-09-02
04180057,GAZELEC BOURGES TT,18,Cher,CVL,Centre-Val de Loire,Bourges,18000,STADE GAZELEC CAS. RUE LOUIS MALLET,,,,sans-site,,,,,annuaire public FFTT (carte.fftt.com),2026-09-02
04180716,TT SIPS DUN SUR AURON,18,Cher,CVL,Centre-Val de Loire,Dun Sur Auron,18130,COMPLEXE SPORTIF M.PINSON RUE DU STADE,https://sipsping.com/,logos/18/04180716-tt-sips-dun-sur-auron.webp,https://sipsping.com/wp-content/uploads/2024/04/logo-tt-sips-dun-150x150.png,logo,#303090 #103070 #3050b0 #3050f0,clair,,,annuaire public FFTT (carte.fftt.com),2026-09-02
04180304,FJ FOËCY TT,18,Cher,CVL,Centre-Val de Loire,Foecy,18500,EN FACE DE LA MAIRIE RUE G.GORNAVIN,,,,sans-site,,,,,annuaire public FFTT (carte.fftt.com),2026-09-02
04180530,FUSSY PING,18,Cher,CVL,Centre-Val de Loire,Fussy,18110,SALLE DES SPORTS 2 Route de Vasselay,,,,sans-site,,,,,annuaire public FFTT (carte.fftt.com),2026-09-02
04180621,E.P. GRACAY-GENOUILLY,18,Cher,CVL,Centre-Val de Loire,Gracay,18310,GYMNASE HENRI BEAUFOL Chemin de Trompe Souris,https://ententepongiste.gracay.info/accueil_026.htm,logos/18/04180621-e-p-gracay-genouilly.webp,https://ententepongiste.gracay.info/images/logo-epgg-500x150.jpg,logo,#101030 #303050 #101010 #707070,clair,,,annuaire public FFTT (carte.fftt.com),2026-09-02
04180741,TENNIS DE TABLE HENRICHEMONT,18,Cher,CVL,Centre-Val de Loire,Henrichemont,18250,Centre Sportif et Culturel 27 Rue Victor Hugo,,,,sans-site,,,,,annuaire public FFTT (carte.fftt.com),2026-09-02
04180732,AVENIR DE LIGNIERES TT,18,Cher,CVL,Centre-Val de Loire,Lignieres,18160,Complexe Sportif Rue du Stade J. DALLOUX,https://avenir-de-lignieres.fr/,logos/18/04180732-avenir-de-lignieres-tt.webp,https://avenir-de-lignieres.fr/assets/icons/LOGO_AVL_old.png,logo,#f0f010 #303010 #d0b050 #b0b010,clair,,,annuaire public FFTT (carte.fftt.com),2026-09-02
04180174,CERCLE PONGISTE MEHUNOIS,18,Cher,CVL,Centre-Val de Loire,Mehun Sur Yevre,18500,GYMN.PIERRE DE COUBERTIN BD.DE LA LIBERTE,https://cpmehunois.com/,logos/18/04180174-cercle-pongiste-mehunois.webp,https://cpmehunois.com/media/uploaded/sites/21377/association/630a371e590b9_logo2Copie.jpg,logo,#f0f010 #f03010 #f07070 #f09090,clair,,,annuaire public FFTT (carte.fftt.com),2026-09-02
04180711,FOYER RURAL PARASSY T.T.,18,Cher,CVL,Centre-Val de Loire,Parassy,18220,Salle Victor GAUVIN Route d'Henrichemont,,,,sans-site,,,,,annuaire public FFTT (carte.fftt.com),2026-09-02
04180728,TT PLAIMPIED GIVAUDINS,18,Cher,CVL,Centre-Val de Loire,Plaimpied Givaudins,18340,SALLE MULTISPORTS Rue de la Paille,,,,sans-site,,,,,annuaire public FFTT (carte.fftt.com),2026-09-02
04180738,SAINT AMAND PING,18,Cher,CVL,Centre-Val de Loire,St Amand Montrond,18200,GYMNASE DES BUISSONNETS Avenue de la Republique,,,,sans-site,,,,,annuaire public FFTT (carte.fftt.com),2026-09-02
04180313,ST. DOULCHARD TT.,18,Cher,CVL,Centre-Val de Loire,St Doulchard,18230,CENTRE DE LOISIRS CHEMIN DES PLANTES,,,,sans-site,,,,,annuaire public FFTT (carte.fftt.com),2026-09-02
04180682,T.T. GERMINOIS,18,Cher,CVL,Centre-Val de Loire,St Germain Du Puy,18390,GYMNASE YANNICK SOUVRE ALLEE PIERRE FERDONNET,https://www.ttgerminois.org/,logos/18/04180682-t-t-germinois.webp,https://www.ttgerminois.org/media/uploaded/sites/28374/association/6a4bf9efe9b45_logoTTG_reduit.jpeg,logo,#d0d0d0 #303030 #505050 #f0f0f0,clair,,,annuaire public FFTT (carte.fftt.com),2026-09-02
04180740,Corpo 18 Tennis de Table,18,Cher,CVL,Centre-Val de Loire,Vierzon,18100,Salle de Tennis de Table 4 bis rue du Cavalier,,,,sans-site,,,,,annuaire public FFTT (carte.fftt.com),2026-09-02
10190075,ENTENTE BASSES MONEDIERES,19,Corrèze,NAQ,Nouvelle-Aquitaine,,,,http://bassesmonedieres.club.sportsregions.fr/,,,aucun,,,,,annuaire public FFTT (carte.fftt.com),2026-09-02
10190096,MEYMAC ATHLETIC CLUB,19,Corrèze,NAQ,Nouvelle-Aquitaine,,,,http://www.meymac-ping.com,,,aucun,,,,,annuaire public FFTT (carte.fftt.com),2026-09-02
10190080,ST VIANCE TENNIS DE TABLE,19,Corrèze,NAQ,Nouvelle-Aquitaine,,,,,,,sans-site,,,,,annuaire public FFTT (carte.fftt.com),2026-09-02
10190043,RAQUETTE ARDOISIERE,19,Corrèze,NAQ,Nouvelle-Aquitaine,Allassac,19240,Gymn. du Colombier Salle annexe rue du Colombier,http://raquetteardoisiereclubeo.com,,,aucun,,,,,annuaire public FFTT (carte.fftt.com),2026-09-02
10190133,Xaintrie TT,19,Corrèze,NAQ,Nouvelle-Aquitaine,Bassignac Le Haut,19220,Foyer Rural 19220 BASSIGNAC LE HAUT Salle des Fetes,,,,sans-site,,,,,annuaire public FFTT (carte.fftt.com),2026-09-02
10190148,Lagarde Albussac Midi Correzien,19,Corrèze,NAQ,Nouvelle-Aquitaine,Beynat,19190,Gymnase intercommunal Beynat,,,,sans-site,,,,,annuaire public FFTT (carte.fftt.com),2026-09-02
10190108,ASPO BRIVE,19,Corrèze,NAQ,Nouvelle-Aquitaine,Brive La Gaillarde,19100,STADE GAETAN DEVAUD 11 rue Leonce BOURLIAGUET,,,,sans-site,,,,,annuaire public FFTT (carte.fftt.com),2026-09-02
10190066,CA BRIVE CORREZE TT,19,Corrèze,NAQ,Nouvelle-Aquitaine,Brive La Gaillarde,19100,Gymnase de TUJAC Rue Pierre CHAUMEIL,https://www.cabctennisdetable.fr/,logos/19/10190066-ca-brive-correze-tt.webp,https://www.cabctennisdetable.fr/wp-content/uploads/2026/07/logo-cabctt.webp,logo,#b0b0b0 #909090 #d0d0d0 #707070,clair,,,annuaire public FFTT (carte.fftt.com),2026-09-02
10190152,Cercle Pongiste Egletons,19,Corrèze,NAQ,Nouvelle-Aquitaine,Egletons,19300,Gymnase des Combes Stade Omnisports des Combres,,,,sans-site,,,,,annuaire public FFTT (carte.fftt.com),2026-09-02
10190147,TT NESPOULS,19,Corrèze,NAQ,Nouvelle-Aquitaine,Nespouls,19600,SALLE POLYVALENTE LE BOURG,,,,sans-site,,,,,annuaire public FFTT (carte.fftt.com),2026-09-02
10190153,LES COPING DU PONG,19,Corrèze,NAQ,Nouvelle-Aquitaine,Saint-Clement,19700,LES COPING DU PONG Le Bourg,,,,sans-site,,,,,annuaire public FFTT (carte.fftt.com),2026-09-02
10190120,FRJEP ST GERMAIN L VERGNES,19,Corrèze,NAQ,Nouvelle-Aquitaine,St Germain Les Vergnes,19330,CULTURE-LOISIRS Le Bourg,,,,sans-site,,,,,annuaire public FFTT (carte.fftt.com),2026-09-02
10190134,Ping Sarroux St Julien,19,Corrèze,NAQ,Nouvelle-Aquitaine,St Julien Pres Bort,19110,Salle Omnisports Le Bourg,,,,sans-site,,,,,annuaire public FFTT (carte.fftt.com),2026-09-02
10190145,SAINTE FORTUNADE CORNIL TT,19,Corrèze,NAQ,Nouvelle-Aquitaine,Ste Fortunade,19490,Salle Polyvalente 1 Route du Chateau Comtal,,,,sans-site,,,,,annuaire public FFTT (carte.fftt.com),2026-09-02
10190111,ASPTT DE TULLE,19,Corrèze,NAQ,Nouvelle-Aquitaine,Tulle,19000,Centre culturel et sportif 36 av. Alasace Lorraine,,,,sans-site,,,,,annuaire public FFTT (carte.fftt.com),2026-09-02
10190073,Haute Correze Tenn.de Tabl,19,Corrèze,NAQ,Nouvelle-Aquitaine,Ussel,19200,Complexe Sportif Municipal 3 Rue du Stade,http://www.hctt.fr,,,aucun,,,,,annuaire public FFTT (carte.fftt.com),2026-09-02
10190151,FCS UZERCHE,19,Corrèze,NAQ,Nouvelle-Aquitaine,Uzerche,19140,SALLE POLYVALENTE 15 Rue de Combe La Rose,,,,sans-site,,,,,annuaire public FFTT (carte.fftt.com),2026-09-02
02210029,ASC SAINT APOLLINAIRE,21,Côte-d'Or,BFC,Bourgogne-Franche-Comté,,,,http://asc-st-apollinaire-tt.fr,,,aucun,,,,,annuaire public FFTT (carte.fftt.com),2026-09-02
02210007,CL MARSANNAY TENNIS DE TABLE,21,Côte-d'Or,BFC,Bourgogne-Franche-Comté,,,,http://www.ttclm21.clubeo.com,,,aucun,,,,,annuaire public FFTT (carte.fftt.com),2026-09-02
02210059,CLUB PONGISTE GENLISSIEN,21,Côte-d'Or,BFC,Bourgogne-Franche-Comté,,,,https://www.cpgenlis.fr/,logos/21/02210059-club-pongiste-genlissien.webp,https://lh3.googleusercontent.com/sitesv/AG8ngQVVYiEo53meBv7RGSm-_FvOvB483OdHTgNNJ5sQUe8mdlRpGEFs-5IIvyIJJw7GzRRbzOqOiK0-RCGB1zs6Sw13EOIb3Ykrf7b28bbxT1oEnBTHQ7SlVNp1iLVWQN2Wg1jO0UJR-hN1MUB4lraxRlFB35lUWlAqj7aTGmm9wHLRk5285UXCHqwbIO9EsF4=w16383,logo,#707070 #909090 #b0b0b0 #d0d0d0,clair,,,annuaire public FFTT (carte.fftt.com),2026-09-02
02210100,CSTT TALANT,21,Côte-d'Or,BFC,Bourgogne-Franche-Comté,,,,,,,sans-site,,,,,annuaire public FFTT (carte.fftt.com),2026-09-02
02210048,ETOILE AUXONNAISE TENNIS DE TABL,21,Côte-d'Or,BFC,Bourgogne-Franche-Comté,Auxonne,21130,Salle du Château Prost 2 place de l'Illiotte,,,,sans-site,,,,,annuaire public FFTT (carte.fftt.com),2026-09-02
02210132,Comité d'animation de Barges,21,Côte-d'Or,BFC,Bourgogne-Franche-Comté,Barges,21910,Salle Polyvalente Route de Broindon,,,,sans-site,,,,,annuaire public FFTT (carte.fftt.com),2026-09-02
02210005,FILS DE FRANCE DE BEAUNE,21,Côte-d'Or,BFC,Bourgogne-Franche-Comté,Beaune,21200,FILS DE FRANCE 7 Rue Pasteur,https://www.tt-beaune21.com/,logos/21/02210005-fils-de-france-de-beaune.webp,https://static.wixstatic.com/media/24a9b1_f38adbe70e5b4c8dbea94443fa1140fd~mv2.png,logo,#b01030 #f0d0d0 #d0b0b0 #b05070,clair,,,annuaire public FFTT (carte.fftt.com),2026-09-02
02210088,CLUB PONGISTE BELLENEUVOIS,21,Côte-d'Or,BFC,Bourgogne-Franche-Comté,Belleneuve,21310,COMPLEXE SPORTIF DE BELLENEUVE RUE DES SPORTS,https://cpbelleneuve.fr/,logos/21/02210088-club-pongiste-belleneuvois.webp,https://cpbelleneuve.fr/public/789/upload/images/clubs/logo-club-pongiste-belleneuvois.jpg,logo,#1070d0 #f0f010 #1070b0 #5090d0,clair,,,annuaire public FFTT (carte.fftt.com),2026-09-02
02210037,TT DU CHATILLONNAIS,21,Côte-d'Or,BFC,Bourgogne-Franche-Comté,Chatillon Sur Seine,21400,Salle Desire Nisard Rue de la liberation,,,,sans-site,,,,,annuaire public FFTT (carte.fftt.com),2026-09-02
02210052,CHEVIGNY TENNIS DE TABLE,21,Côte-d'Or,BFC,Bourgogne-Franche-Comté,Chevigny St Sauveur,21800,Espace Liberte 32 AVE DE LA REPUBLIQUE,,,,sans-site,,,,,annuaire public FFTT (carte.fftt.com),2026-09-02
02210101,DIJON TENNIS DE TABLE,21,Côte-d'Or,BFC,Bourgogne-Franche-Comté,Dijon,21000,COMPLEXE DE LA SOURCE BOULEVARD GASTON BACHELARD,https://www.dijontt.fr/,logos/21/02210101-dijon-tennis-de-table.webp,https://www.dijontt.fr/wp-content/uploads/2024/09/France_3_Bourgogne_Franche-Comte_-_Logo.svg_.png,logo,#303030 #1090f0,clair,,,annuaire public FFTT (carte.fftt.com),2026-09-02
02210131,VAL DE VERGY TENNIS DE TABLE,21,Côte-d'Or,BFC,Bourgogne-Franche-Comté,L'Etang-Vergy,21220,Salle de motricité du pôle scolaire Route de Beaune,,,,sans-site,,,,,annuaire public FFTT (carte.fftt.com),2026-09-02
02210089,FR LAMARCHE SUR SAONE TT,21,Côte-d'Or,BFC,Bourgogne-Franche-Comté,Lamarche Sur Saone,21760,SALLE POLYVALENTE 5 RUE GAL DE GAULLE,,,,sans-site,,,,,annuaire public FFTT (carte.fftt.com),2026-09-02
02210081,ALC LONGVIC,21,Côte-d'Or,BFC,Bourgogne-Franche-Comté,Longvic,21600,SALLE CLAUDE BARDIN IMPASSE ABBE DEBLANGEY,,,,sans-site,,,,,annuaire public FFTT (carte.fftt.com),2026-09-02
02210119,TT NOLAY PASSION,21,Côte-d'Or,BFC,Bourgogne-Franche-Comté,Nolay,21340,GYMNASE DU COLLEGE Lazare CARNOT Place Pfeddersheim,,,,sans-site,,,,,annuaire public FFTT (carte.fftt.com),2026-09-02
02210123,TT POUILLY EN AUXOIS,21,Côte-d'Or,BFC,Bourgogne-Franche-Comté,Pouilly En Auxois,21320,Salle Omnisport de Pouilly Auxoi Avenue du Gen de Gaulle,,,,sans-site,,,,,annuaire public FFTT (carte.fftt.com),2026-09-02
02210126,CORPOS CD 21,21,Côte-d'Or,BFC,Bourgogne-Franche-Comté,Saint-Apollinaire,21850,Centre Sportif du Grand Dijon Rue François Mitterrand,,,,sans-site,,,,,annuaire public FFTT (carte.fftt.com),2026-09-02
02210129,TENNIS DE TABLE SAULIEU,21,Côte-d'Or,BFC,Bourgogne-Franche-Comté,Saulieu,21210,"GYMNASE MUNICIPAL 6, Rue de l'Abattoir",,,,sans-site,,,,,annuaire public FFTT (carte.fftt.com),2026-09-02
02210127,SEMUR MONTBARD TENNIS DE TABLE,21,Côte-d'Or,BFC,Bourgogne-Franche-Comté,Semur En Auxois,21140,Petit Gymnase rue Jean Mermoz (Aerodrome),https://www.semurmontbardtennisdetable.fr/,logos/21/02210127-semur-montbard-tennis-de-table.webp,https://www.semurmontbardtennisdetable.fr/wp-content/uploads/2025/07/cropped-BC05D084-61FB-4448-B8A1-CEC456BE7B67-1.png,logo,#d0d0f0 #90b0d0 #105090 #3070b0,clair,,,annuaire public FFTT (carte.fftt.com),2026-09-02
03220047,7 ILES TT,22,Côtes-d'Armor,BRE,Bretagne,,,,https://7ilestt.fr/,logos/22/03220047-7-iles-tt.webp,https://7ilestt.fr/wp-content/uploads/2021/06/cropped-7-îles-TT-Treb-logo-gradient-300x300.jpg,logo,#b0d0d0 #d0f0d0 #505050 #90d0d0,clair,,,annuaire public FFTT (carte.fftt.com),2026-09-02
03220087,ENTENTE DINAN TT,22,Côtes-d'Armor,BRE,Bretagne,,,,https://www.ententedinantt.com/,logos/22/03220087-entente-dinan-tt.webp,"https://assets.zyrosite.com/cdn-cgi/image/format=auto,w=375,fit=crop/mv0XqMDkBjigMWl2/logo-2023-variable-1-Yg2La6y201H69vRX.png",logo,#101030 #d0b070 #103050 #305090,clair,,,annuaire public FFTT (carte.fftt.com),2026-09-02
03220138,ST-BRIEUC TT ST-LAMBERT,22,Côtes-d'Armor,BRE,Bretagne,,,,,,,sans-site,,,,,annuaire public FFTT (carte.fftt.com),2026-09-02
03220124,Tennis de Table CORLAY,22,Côtes-d'Armor,BRE,Bretagne,,,,,,,sans-site,,,,,annuaire public FFTT (carte.fftt.com),2026-09-02
03220041,TT ERQUY/PLENEUF,22,Côtes-d'Armor,BRE,Bretagne,,,,https://tterquypleneuf.sportsregions.fr/,logos/22/03220041-tt-erquy-pleneuf.webp,https://tterquypleneuf.sportsregions.fr/media/uploaded/sites/16878/association/690a43dbd8c46_TTErquyPlneufMainLogo2400x1800transparentpoursite.png,logo,#101030 #303050 #505070 #707090,clair,,,annuaire public FFTT (carte.fftt.com),2026-09-02
03220127,TT LOUANNEC PLOUARET LANNION,22,Côtes-d'Armor,BRE,Bretagne,,,,https://www.ttlpl.com/,logos/22/03220127-tt-louannec-plouaret-lannion.webp,https://www.ttlpl.com/images/main_data/ttlpl_logo.png,logo,#d0f0d0 #b0d090 #707070 #f0f0d0,clair,,,annuaire public FFTT (carte.fftt.com),2026-09-02
03220037,TT QUEVERT,22,Côtes-d'Armor,BRE,Bretagne,,,,,,,sans-site,,,,,annuaire public FFTT (carte.fftt.com),2026-09-02
03220004,YVIGNAC LA TOUR T.T.,22,Côtes-d'Armor,BRE,Bretagne,,,,,,,sans-site,,,,,annuaire public FFTT (carte.fftt.com),2026-09-02
03220129,BEGARD TT,22,Côtes-d'Armor,BRE,Bretagne,Begard,22140,Gymnase Jean Moulin rue Jean Moulin,http://begardtennisdetable.over-blog.com,,,aucun,,,,,annuaire public FFTT (carte.fftt.com),2026-09-02
03220002,LA CHATELAUDRINAISE,22,Côtes-d'Armor,BRE,Bretagne,Châtelaudren-Plouagat,22170,Le KUBE 40 rue de Saint-Brieuc,https://www.lachatelaudrinaisett.fr,,,aucun,,,,,annuaire public FFTT (carte.fftt.com),2026-09-02
03220145,FREHEL TENNIS DE TABLE,22,Côtes-d'Armor,BRE,Bretagne,Frehel,22240,"Complexe sportif La Ville Oie, Pléhérel-Plage La Ville Oie Pléhérel-Plage",,,,sans-site,,,,,annuaire public FFTT (carte.fftt.com),2026-09-02
03220007,GOUDELIN/PLOUHA T.T.,22,Côtes-d'Armor,BRE,Bretagne,Goudelin,22290,Salle Omnisports Rue de la Mairie,,,,sans-site,,,,,annuaire public FFTT (carte.fftt.com),2026-09-02
03220064,TT GRACES,22,Côtes-d'Armor,BRE,Bretagne,Graces,22200,Salle Jean-Pierre LEGRAND Place André Bardoux Annexe à la salle omnisports,http://ttgm.over-blog.com/,,,aucun,,,,,annuaire public FFTT (carte.fftt.com),2026-09-02
03560093,GUERLEDAN TT-MUR DE BRETAGNE,22,Côtes-d'Armor,BRE,Bretagne,Guerlédan,22530,Complexe Sportif Departemental 106 Rue du Lac Base de Pein Air de Guerledan,,,,sans-site,,,,,annuaire public FFTT (carte.fftt.com),2026-09-02
03220146,Tennis de Table Bréhat,22,Côtes-d'Armor,BRE,Bretagne,Ile De Bréhat,22870,Salle de tennis de table Centre Bourg,,,,sans-site,,,,,annuaire public FFTT (carte.fftt.com),2026-09-02
03220139,PENTHIEVRE LAMBALLE TT,22,Côtes-d'Armor,BRE,Bretagne,Lamballe,22400,Halle des sports du Liffré Rue Fernand Labbé Salle près du Centre Leclerc,https://lamballett.fr/,logos/22/03220139-penthievre-lamballe-tt.webp,https://lamballett.fr/wp-content/uploads/2021/12/logo-footerFichier-3.png,logo,#303050 #d0d0d0 #103050 #707090,clair,,,annuaire public FFTT (carte.fftt.com),2026-09-02
03220065,TTC GRAND LANVALLAY,22,Côtes-d'Armor,BRE,Bretagne,Lanvallay,22100,Salle Omnisports rue Colombier,,,,sans-site,,,,,annuaire public FFTT (carte.fftt.com),2026-09-02
03220128,UP PLEDRANAISE,22,Côtes-d'Armor,BRE,Bretagne,Pledran,22960,Salle omnisports rue du challonge,http://upp.eklablog.com/,,,aucun,,,,,annuaire public FFTT (carte.fftt.com),2026-09-02
03220031,T.T. PLEMET,22,Côtes-d'Armor,BRE,Bretagne,Plemet,22210,Gymnase du Minerai,http://tt-plemet.e-monsite.com/,,,aucun,,,,,annuaire public FFTT (carte.fftt.com),2026-09-02
03220033,Argantel Club PLERIN,22,Côtes-d'Armor,BRE,Bretagne,Plerin,22190,Complexe sportif Robert-Moy Rue du Lieutenant Mounier Salle Maurice Hélard,https://ac-plerin.fr/,logos/22/03220033-argantel-club-plerin.webp,https://ac-plerin.fr/uploads/images/logo_acplerin.jpg,logo,#1070b0 #1090d0 #303030 #f0f0f0,clair,,,annuaire public FFTT (carte.fftt.com),2026-09-02
03220001,C.P. PLEVINOIS,22,Côtes-d'Armor,BRE,Bretagne,Plevin,22340,Salle des fetes Place de la Mairie,,,,sans-site,,,,,annuaire public FFTT (carte.fftt.com),2026-09-02
03220113,US PLOUBALAY,22,Côtes-d'Armor,BRE,Bretagne,Ploubalay,22650,Salle Omnisports Rue du Chaffaud,,,,sans-site,,,,,annuaire public FFTT (carte.fftt.com),2026-09-02
03220142,PLOUBAZLANEC Tennis de Table,22,Côtes-d'Armor,BRE,Bretagne,Ploubazlanec,22620,Gymnase de Ploubazlanec 7 rue du Pouldu,,,,sans-site,,,,,annuaire public FFTT (carte.fftt.com),2026-09-02
03220005,ARMOR PING PLOUFRAGAN,22,Côtes-d'Armor,BRE,Bretagne,Ploufragan,22440,"Salle specifique de TT 69, rue des grands chemins Complexe Sportif Grands Chemins",https://www.armorping.com/,logos/22/03220005-armor-ping-ploufragan.webp,https://i0.wp.com/www.armorping.com/wp-content/uploads/2023/12/20231125_135557.jpg?resize=595%2C335&ssl=1,logo,#705030 #503030 #505030 #907050,clair,,,annuaire public FFTT (carte.fftt.com),2026-09-02
03220123,TT Ambition-Loisirs-PLOUMAGOAR,22,Côtes-d'Armor,BRE,Bretagne,Ploumagoar,22970,Salle Omnisports Bourg,,,,sans-site,,,,,annuaire public FFTT (carte.fftt.com),2026-09-02
03220011,ENTENTE TT PONTRIEUX,22,Côtes-d'Armor,BRE,Bretagne,Pontrieux,22260,Salle Omnisports de Pen Fantan Rue de Pen Fantan,,,,sans-site,,,,,annuaire public FFTT (carte.fftt.com),2026-09-02
03220052,Tennis de Table corpo briochin,22,Côtes-d'Armor,BRE,Bretagne,Saint Brieuc,22000,Gymnase Beaufeuillage 20 rue Anatole France,,,,sans-site,,,,,annuaire public FFTT (carte.fftt.com),2026-09-02
03220022,G.M. ST-POTAN,22,Côtes-d'Armor,BRE,Bretagne,St Potan,22550,Salle Jean Yves Hingant Bourg,,,,sans-site,,,,,annuaire public FFTT (carte.fftt.com),2026-09-02
03220048,ESPERANCE ST-QUAY PORTRIEUX,22,Côtes-d'Armor,BRE,Bretagne,St Quay Portrieux,22410,"Esperance St Quay Portrieux 21, rue Poincare",,,,sans-site,,,,,annuaire public FFTT (carte.fftt.com),2026-09-02
03220013,A.S. MINIHY-TREGUIER TT,22,Côtes-d'Armor,BRE,Bretagne,Treguier,22220,Complexe Sportif LE MOIGNE (pres de la Picine),http://a.s.minihy-treguier.t.t.over-blog.com/,,,aucun,,,,,annuaire public FFTT (carte.fftt.com),2026-09-02
03220008,TT LA BAIE YFFINIAC,22,Côtes-d'Armor,BRE,Bretagne,Yffiniac,22120,Complexe sportif rue Joseph Turmel,https://www.ttlabaie.com/,logos/22/03220008-tt-la-baie-yffiniac.webp,https://www.ttlabaie.com/img/logo.jpg,logo,#1050b0 #3070b0 #507090 #90b0d0,clair,,,annuaire public FFTT (carte.fftt.com),2026-09-02
10230067,Entente Pongiste Pays Sostranien,23,Creuse,NAQ,Nouvelle-Aquitaine,,,,http://epps.cd23tt.org/,,,aucun,,,,,annuaire public FFTT (carte.fftt.com),2026-09-02
10230105,AEL GUERET,23,Creuse,NAQ,Nouvelle-Aquitaine,Gueret,23000,Complexe Leo Lagrange rue Jean Bussiere,https://tt.aelgueret.fr/,logos/23/10230105-ael-gueret.webp,https://tt.aelgueret.fr/web/image/website/1/logo/AEL%20Gu%C3%A9ret%20Tennis%20de%20table?unique=e685da2,logo,#d01070 #b01070 #d03070 #10b0f0,clair,,,annuaire public FFTT (carte.fftt.com),2026-09-02
10230111,TT GRAND-BOURG,23,Creuse,NAQ,Nouvelle-Aquitaine,Le Grand Bourg,23240,Espace sports et loisirs,https://tt-grand-bourg.asso-web.com/,logos/23/10230111-tt-grand-bourg.webp,https://tt-grand-bourg.asso-web.com/uploaded/logo/2a7324ac279e4dcd1a2606d3e8c6afc9.png,logo,#d0d0d0 #b0b0b0 #f0f0f0 #909090,clair,,,annuaire public FFTT (carte.fftt.com),2026-09-02
10240007,ASTT TERRASSON,24,Dordogne,NAQ,Nouvelle-Aquitaine,,,,,,,sans-site,,,,,annuaire public FFTT (carte.fftt.com),2026-09-02
10240040,PING CLUB CHIGNACOIS,24,Dordogne,NAQ,Nouvelle-Aquitaine,,,,,,,sans-site,,,,,annuaire public FFTT (carte.fftt.com),2026-09-02
10240005,SARLIAC TENNIS DE TABLE,24,Dordogne,NAQ,Nouvelle-Aquitaine,,,,,,,sans-site,,,,,annuaire public FFTT (carte.fftt.com),2026-09-02
10240018,TT DU PERIGORD NOIR,24,Dordogne,NAQ,Nouvelle-Aquitaine,,,,,,,sans-site,,,,,annuaire public FFTT (carte.fftt.com),2026-09-02
10240036,TTC RIBERACOIS,24,Dordogne,NAQ,Nouvelle-Aquitaine,,,,,,,sans-site,,,,,annuaire public FFTT (carte.fftt.com),2026-09-02
10240030,TT AUBAS,24,Dordogne,NAQ,Nouvelle-Aquitaine,Aubas,24290,Salle Omnisport Les Mascottes Le Bourg,,,,sans-site,,,,,annuaire public FFTT (carte.fftt.com),2026-09-02
10240001,E F BERGERAC,24,Dordogne,NAQ,Nouvelle-Aquitaine,Bergerac,24100,SALLE T.T PLACE ANDRE JAVERZAC,,,,sans-site,,,,,annuaire public FFTT (carte.fftt.com),2026-09-02
10240020,AL COULOUNIEIX T T,24,Dordogne,NAQ,Nouvelle-Aquitaine,Coulounieix Chamiers,24660,Salle Pierre Pousse STADE MUNICIPAL DE PAREAU RUE DU COLONEL ROSSEL,,,,sans-site,,,,,annuaire public FFTT (carte.fftt.com),2026-09-02
10240002,R LINDOISE,24,Dordogne,NAQ,Nouvelle-Aquitaine,Lalinde,24150,SALLE T.T (Regionale 2 et 3) La Guillou Camping Municipal,,,,sans-site,,,,,annuaire public FFTT (carte.fftt.com),2026-09-02
10240014,TT SARLADAIS,24,Dordogne,NAQ,Nouvelle-Aquitaine,Sarlat La Caneda,24200,41 rue du Stade,,,,sans-site,,,,,annuaire public FFTT (carte.fftt.com),2026-09-02
10240039,TT SAINT ANDRE ALLAS,24,Dordogne,NAQ,Nouvelle-Aquitaine,St Andre D Allas,24200,Salle Intergénérationnelle 1 Place des Festivités,,,,sans-site,,,,,annuaire public FFTT (carte.fftt.com),2026-09-02
10240015,ST MEDARD DE MUSSIDAN TT,24,Dordogne,NAQ,Nouvelle-Aquitaine,St Medard De Mussidan,24400,Ecole Primaire 5 Rue des Ecoles,,,,sans-site,,,,,annuaire public FFTT (carte.fftt.com),2026-09-02
10240006,TT TRELISSACOIS,24,Dordogne,NAQ,Nouvelle-Aquitaine,Trelissac,24750,TT TRELISSACOIS 4 Rue des Glycines,,,,sans-site,,,,,annuaire public FFTT (carte.fftt.com),2026-09-02
02250015,JA MAICHE,25,Doubs,BFC,Bourgogne-Franche-Comté,,,,,,,sans-site,,,,,annuaire public FFTT (carte.fftt.com),2026-09-02
02250229,MARCHAUX TENNIS DE TABLE,25,Doubs,BFC,Bourgogne-Franche-Comté,,,,,,,sans-site,,,,,annuaire public FFTT (carte.fftt.com),2026-09-02
02250234,TT ROCHE-BESANCON,25,Doubs,BFC,Bourgogne-Franche-Comté,,,,,,,sans-site,,,,,annuaire public FFTT (carte.fftt.com),2026-09-02
02250138,TT ARBOUANS,25,Doubs,BFC,Bourgogne-Franche-Comté,Arbouans,25400,SALLE POLYVALENTE RUE DU STADE,,,,sans-site,,,,,annuaire public FFTT (carte.fftt.com),2026-09-02
02250154,ASC DES AUXONS TT,25,Doubs,BFC,Bourgogne-Franche-Comté,Auxon Dessous,25870,Salle des sports Tennis de table 7 rue du stade,https://lesauxonstt.fr/,logos/25/02250154-asc-des-auxons-tt.webp,https://lesauxonstt.fr/wp-content/uploads/media/cropped-logoClub-110x73.png,logo,#d01010 #d0d0d0 #101090 #101070,clair,,,annuaire public FFTT (carte.fftt.com),2026-09-02
02250137,AVANNE AVENEY TT,25,Doubs,BFC,Bourgogne-Franche-Comté,Avanne Aveney,25720,AVANNE AVENEY TT 2 RUE DE L'ECOLE,,,,sans-site,,,,,annuaire public FFTT (carte.fftt.com),2026-09-02
02250204,AS AVOUDREY T T,25,Doubs,BFC,Bourgogne-Franche-Comté,Avoudrey,25690,MAIRIE GRANDE RUE,,,,sans-site,,,,,annuaire public FFTT (carte.fftt.com),2026-09-02
02250208,US BAUME LES DAMES,25,Doubs,BFC,Bourgogne-Franche-Comté,Baume Les Dames,25110,SALLE TENNIS DE TABLE 10 RUE DE L'INDUSTRIE,http://usbaumois.jimdo.com,,,aucun,,,,,annuaire public FFTT (carte.fftt.com),2026-09-02
02250193,PPC BAVANS,25,Doubs,BFC,Bourgogne-Franche-Comté,Bavans,25550,PPC BAVANS RUE DU STADE,https://www.ppcbavans.fr/,logos/25/02250193-ppc-bavans.webp,https://image.jimcdn.com/app/cms/image/transf/dimension=120x10000:format=png/path/s40ae43af7afde239/image/i732c7b72b7a1dd0c/version/1519769492/image.png,logo,#f01010 #501010 #d01010 #b01010,clair,,,annuaire public FFTT (carte.fftt.com),2026-09-02
02250213,ETOILE SPORTIVE ST FERJEUX,25,Doubs,BFC,Bourgogne-Franche-Comté,Besancon,25000,JANTET RUE DES SAPINS,https://essaintferjeux.wordpress.com/tennis-de-table/,logos/25/02250213-etoile-sportive-st-ferjeux.webp,https://essaintferjeux.wordpress.com/wp-content/uploads/2013/06/20.gif,logo,#f0d010 #f0b010 #f0f010 #f07070,clair,,,annuaire public FFTT (carte.fftt.com),2026-09-02
02250221,LA BOUSBOTTE,25,Doubs,BFC,Bourgogne-Franche-Comté,Besancon,25000,ESPLANADE BEAUREGARD 57 CHE MIN DU FORT DE BREGILLE,,,,sans-site,,,,,annuaire public FFTT (carte.fftt.com),2026-09-02
02250151,AMICALE PONGISTE BOUCLANS,25,Doubs,BFC,Bourgogne-Franche-Comté,Bouclans,25360,SALLE DES FETES,https://apbouclans.clubeo.com/,,,aucun,,,,,annuaire public FFTT (carte.fftt.com),2026-09-02
02250162,BOURGUIGNON,25,Doubs,BFC,Bourgogne-Franche-Comté,Bourguignon,25150,POLYVALENTE RUE DE CHAMPAGNE,https://stbtt.sportsregions.fr/,logos/25/02250162-bourguignon.webp,https://stbtt.sportsregions.fr/media/uploaded/sites/9114/association/569c2be22ccc6_logoSTB3.jpg,logo,#f0d030 #301010 #303010 #b09030,clair,,,annuaire public FFTT (carte.fftt.com),2026-09-02
02250217,SEP CHALEZEULE,25,Doubs,BFC,Bourgogne-Franche-Comté,Chalezeule,25220,MAISON COMMUNE RUE DES CLOS,http://ttchalezeule.free.fr/,logos/25/02250217-sep-chalezeule.webp,http://ttchalezeule.free.fr/logoLAOLA1.png,logo,#f03010 #1070b0 #f0d010 #10b030,clair,,,annuaire public FFTT (carte.fftt.com),2026-09-02
02250197,TENNIS DE TABLE CHAMPLIVE,25,Doubs,BFC,Bourgogne-Franche-Comté,Champlive,25360,SALLE DES FETES,,,,sans-site,,,,,annuaire public FFTT (carte.fftt.com),2026-09-02
02250132,PING CHEMAUDIN-ET-VAUX,25,Doubs,BFC,Bourgogne-Franche-Comté,Chemaudin-Et-Vaux,25770,SALLE TRINCANO 3 rue des Fougères,,,,sans-site,,,,,annuaire public FFTT (carte.fftt.com),2026-09-02
02250125,TENNIS DE TABLE DE DAMPRICHARD,25,Doubs,BFC,Bourgogne-Franche-Comté,Damprichard,25450,"BATIMENT DES ASSOCIATIONS 8 RUE DE LA MAIRIE porte de droite, 1er etage",https://ttdamprichard.clubeo.com/,logos/25/02250125-tennis-de-table-de-damprichard.webp,https://s1.static-clubeo.com/250/uploads/ttdamprichard/logo__76a9t1wss.png,logo,#707070 #909090 #505050 #b01010,clair,,,annuaire public FFTT (carte.fftt.com),2026-09-02
02250095,MJ EPENOY,25,Doubs,BFC,Bourgogne-Franche-Comté,Epenoy,25800,MJ EPENOY Route de passonfontaine,,,,sans-site,,,,,annuaire public FFTT (carte.fftt.com),2026-09-02
02250002,PPC FESCHES LE CHATEL,25,Doubs,BFC,Bourgogne-Franche-Comté,Fesches Le Chatel,25490,SALLE DE SPORTS MUNICIPAL 1 RUE FRANCOIS MITTERRAND,,,,sans-site,,,,,annuaire public FFTT (carte.fftt.com),2026-09-02
02250185,FRASNE,25,Doubs,BFC,Bourgogne-Franche-Comté,Frasne,25560,GYMNASE XAVIER MARMIER RUE DE LA GARE,,,,sans-site,,,,,annuaire public FFTT (carte.fftt.com),2026-09-02
02250021,PP CLUB L'ISLOIS,25,Doubs,BFC,Bourgogne-Franche-Comté,L Isle Sur Le Doubs,25250,PP CLUB L'ISLOIS 16 RUE DE LA VELLE,,,,sans-site,,,,,annuaire public FFTT (carte.fftt.com),2026-09-02
02250176,FOYER RURAL LES BANNO,25,Doubs,BFC,Bourgogne-Franche-Comté,Lantenne Vertiere,25170,SALLE COMMUNALE RUE DU CHARMOT ROUTE DE BURGILLE,,,,sans-site,,,,,annuaire public FFTT (carte.fftt.com),2026-09-02
02250033,ASC LAVERNAY,25,Doubs,BFC,Bourgogne-Franche-Comté,Lavernay,25170,PLACE DU BREUIL,http://ascl25.over-blog.com,,,aucun,,,,,annuaire public FFTT (carte.fftt.com),2026-09-02
02250110,MAMIROLLE TENNIS CLUB,25,Doubs,BFC,Bourgogne-Franche-Comté,Mamirolle,25620,SALLE DES FETES RUE DU STADE,,,,sans-site,,,,,annuaire public FFTT (carte.fftt.com),2026-09-02
02250052,AVENIR DE MANDEURE,25,Doubs,BFC,Bourgogne-Franche-Comté,Mandeure,25350,SALLE DE L AVENIR 27 rue de l eglise,http://avenirdemandeure.e-monsite.com,,,aucun,,,,,annuaire public FFTT (carte.fftt.com),2026-09-02
02250205,ASC MATHAY,25,Doubs,BFC,Bourgogne-Franche-Comté,Mathay,25700,ASC MATHAY PLACE DE L EGLISE,,,,sans-site,,,,,annuaire public FFTT (carte.fftt.com),2026-09-02
02250007,ASCAP SOCHAUX TT,25,Doubs,BFC,Bourgogne-Franche-Comté,Montbeliard,25200,Gymnase Lou Blazer Rue Helene Boucher,,,,sans-site,,,,,annuaire public FFTT (carte.fftt.com),2026-09-02
02250238,MONTFERRAND TENNIS DE TABLE,25,Doubs,BFC,Bourgogne-Franche-Comté,Montferrand-Le-Château,25320,MAIRIE 45 Rue de Besancon,,,,sans-site,,,,,annuaire public FFTT (carte.fftt.com),2026-09-02
02250196,ASTT MORRE / ETALANS,25,Doubs,BFC,Bourgogne-Franche-Comté,Morre,25660,SALLE DES FETES RUE DE L'ECHANGEUR,,,,sans-site,,,,,annuaire public FFTT (carte.fftt.com),2026-09-02
02250231,LA SAINT MICHEL MORTEAU,25,Doubs,BFC,Bourgogne-Franche-Comté,Morteau,25500,LA SAINT MICHEL 8 RUE SAINT MICHEL,,,,sans-site,,,,,annuaire public FFTT (carte.fftt.com),2026-09-02
02250031,CERCLE PONGISTE ORNANAIS,25,Doubs,BFC,Bourgogne-Franche-Comté,Ornans,25290,GYMNASE SAINTE MARIE Rue du Clos des Haies,,,,sans-site,,,,,annuaire public FFTT (carte.fftt.com),2026-09-02
02250216,ALE PELOUSEY,25,Doubs,BFC,Bourgogne-Franche-Comté,Pelousey,25170,MAISON DE LA NOUE La Plantiere,https://ttpelousey.clubeo.com/,logos/25/02250216-ale-pelousey.webp,https://s2.static-clubeo.com/100/uploads/ttpelousey/logo__76a9t25qe.png,logo,#1090d0 #505050 #707070 #303030,clair,,,annuaire public FFTT (carte.fftt.com),2026-09-02
02250059,A U O PONT DE ROIDE,25,Doubs,BFC,Bourgogne-Franche-Comté,Pont De Roide,25150,AUO PONT DE ROIDE RUE DE LA GARE,,,,sans-site,,,,,annuaire public FFTT (carte.fftt.com),2026-09-02
02250016,CA PONTARLIER TENNIS DE TABLE,25,Doubs,BFC,Bourgogne-Franche-Comté,Pontarlier,25300,COMPLEXE SPORTIF RUE DE LA FONTAINE,https://pontarlierping.fr/,logos/25/02250016-ca-pontarlier-tennis-de-table.webp,https://pontarlierping.fr/wp-content/uploads/2023/05/cropped-logo-captt-1-140x100.png,logo,#d0d0d0 #f0f0f0 #b0b0b0 #f03030,clair,,,annuaire public FFTT (carte.fftt.com),2026-09-02
02250199,AEP ETOILE,25,Doubs,BFC,Bourgogne-Franche-Comté,Pouilley Les Vignes,25115,Salle Communale du GYMNASE Rue du Collège,,,,sans-site,,,,,annuaire public FFTT (carte.fftt.com),2026-09-02
02250017,T DE T SELONCOURTOIS,25,Doubs,BFC,Bourgogne-Franche-Comté,Seloncourt,25230,TENNIS DE TABLE RUE ARTHUR MOTTELER,https://gratuit-4695601.webadorsite.com/,logos/25/02250017-t-de-t-seloncourtois.webp,https://primary.jwwb.nl/public/z/w/i/temp-dutwpflnjptavcgqhulz/2026-logo-tennis2table-sans-ombre-01-standard-thrme7.png,logo,#d0d0d0 #1070b0 #d01010 #b01010,clair,,,annuaire public FFTT (carte.fftt.com),2026-09-02
02250070,TT SAINT-VIT,25,Doubs,BFC,Bourgogne-Franche-Comté,St Vit,25410,MAISON MAITRE 7 RUE DES SAPINS,http://ttsaintvit.fr,,,aucun,,,,,annuaire public FFTT (carte.fftt.com),2026-09-02
02250224,AVENIR DE THISE,25,Doubs,BFC,Bourgogne-Franche-Comté,Thise,25220,GYMNASE RUE CHAMPENATRE,,,,sans-site,,,,,annuaire public FFTT (carte.fftt.com),2026-09-02
02250024,US TORPES BOUSSIERES,25,Doubs,BFC,Bourgogne-Franche-Comté,Torpes,25320,SALLE POLYVALENTE 2 ROUTE D'OSSELLE,http://ustbtt.sportsregions.fr,,,aucun,,,,,annuaire public FFTT (carte.fftt.com),2026-09-02
02250237,PING VAL D'USIERS,25,Doubs,BFC,Bourgogne-Franche-Comté,Val D'Usiers,25520,SALLE DES FETES 1 rue des Ecoles,,,,sans-site,,,,,annuaire public FFTT (carte.fftt.com),2026-09-02
02250083,CTT VALDAHON,25,Doubs,BFC,Bourgogne-Franche-Comté,Valdahon,25800,GYMNASE DU COLLEGE RUE DU STADE,,,,sans-site,,,,,annuaire public FFTT (carte.fftt.com),2026-09-02
02250066,AS VALENTIGNEY TENNIS DE TABLE,25,Doubs,BFC,Bourgogne-Franche-Comté,Valentigney,25700,GYMNASE DE PEZOLE 2 RUE VINCENT D'INDY,,,,sans-site,,,,,annuaire public FFTT (carte.fftt.com),2026-09-02
02250192,TENNIS DE TABLE VOUJEAUCOURT,25,Doubs,BFC,Bourgogne-Franche-Comté,Voujeaucourt,25420,COSEC VOUJEAUCOUR 43 rue Combes,,,,sans-site,,,,,annuaire public FFTT (carte.fftt.com),2026-09-02
01260004,A.T.T. Sud Ardèche Drôme,26,Drôme,ARA,Auvergne-Rhône-Alpes,,,,https://www.attsad.fr/,logos/26/01260004-a-t-t-sud-ardeche-drome.webp,https://www.attsad.fr/media/uploaded/sites/12746/association/6a4bfc0e3982c_LOGOATTSADVALIDELONG.png,logo,#d0d0d0 #b0b0b0 #909090 #707070,clair,,,annuaire public FFTT (carte.fftt.com),2026-09-02
01260010,ASPTT ROMANS,26,Drôme,ARA,Auvergne-Rhône-Alpes,,,,https://www.aspttromans.fr/,logos/26/01260010-asptt-romans.webp,"https://static.wixstatic.com/media/b3f698_aaef8ba7a1964fdea95298bb30d93959~mv2.png/v1/fill/w_144,h_144,al_c,q_85,usm_0.66_1.00_0.01,enc_avif,quality_auto/Logo-FSASPTT-Dor%C3%A9-F%C3%A9d%C3%A9ration-omnisports-noir.png",logo,#d09050 #d0b050 #f0b050 #f0b070,clair,,,annuaire public FFTT (carte.fftt.com),2026-09-02
01260068,TT BASSIN D'ANNONAY,26,Drôme,ARA,Auvergne-Rhône-Alpes,,,,,,,sans-site,,,,,annuaire public FFTT (carte.fftt.com),2026-09-02
01260054,valence-bourg tennis de table,26,Drôme,ARA,Auvergne-Rhône-Alpes,,,,https://vbtt.fr/,logos/26/01260054-valence-bourg-tennis-de-table.webp,https://vbtt.fr/wp-content/uploads/2025/04/Logo_IND.png,logo,#103070 #f05010 #f03070 #f07030,clair,,,annuaire public FFTT (carte.fftt.com),2026-09-02
01260001,T.T.C. BUIS LES BARONNIES,26,Drôme,ARA,Auvergne-Rhône-Alpes,Buis Les Baronnies,26170,"SALLE J.P. CARISSAN 3, Chemin de sous ville au fond de l'impasse",,,,sans-site,,,,,annuaire public FFTT (carte.fftt.com),2026-09-02
01260071,TT GOUBETOIS,26,Drôme,ARA,Auvergne-Rhône-Alpes,Chatuzange Le Goubet,26300,halle Gilbert Tournigand 18 rte nationale 532,https://www.tennisdetablegoubetois.fr/,logos/26/01260071-tt-goubetois.webp,https://www.tennisdetablegoubetois.fr/wp-content/uploads/2026/07/cropped-LOGO-TTG-NEW-136x89.png,logo,#505050 #d0d0d0 #303030 #909090,clair,,,annuaire public FFTT (carte.fftt.com),2026-09-02
01260055,PING PONG CLUB DIEULEFITOIS,26,Drôme,ARA,Auvergne-Rhône-Alpes,Dieulefit,26220,Gymnase du Juncher Vieille route proche du terrain de foot-rugby,,,,sans-site,,,,,annuaire public FFTT (carte.fftt.com),2026-09-02
01260005,TT MANTHES,26,Drôme,ARA,Auvergne-Rhône-Alpes,Manthes,26210,Salle de Tennis de Table 110 Route de la Paillanche,https://t-t-r-v.sportsregions.fr/,logos/26/01260005-tt-manthes.webp,https://t-t-r-v.sportsregions.fr/media/uploaded/sites/2769/association/67812f17ad4d0_LogocourrierTTMANTHES1.jpg,logo,#f010b0 #f030b0 #d0d0d0 #b0b0b0,clair,,,annuaire public FFTT (carte.fftt.com),2026-09-02
01260045,ENTENTE BLACONS-CREST TT,26,Drôme,ARA,Auvergne-Rhône-Alpes,Mirabel Et Blacons,26400,SALLE PASCAL ROUSSET Places des papeteries Latune PLACE DE LA MAIRIE,https://www.ebctt.fr/,logos/26/01260045-entente-blacons-crest-tt.webp,https://www.ebctt.fr/wp-content/uploads/2018/06/logo_EBCTT.png,logo,#b0b0b0 #d0d0d0 #f0f0f0 #707090,clair,,,annuaire public FFTT (carte.fftt.com),2026-09-02
01260040,T.T. MONTELIER,26,Drôme,ARA,Auvergne-Rhône-Alpes,Montelier,26120,La Pimpie Chemin de la Pimpie,,,,sans-site,,,,,annuaire public FFTT (carte.fftt.com),2026-09-02
01260006,U.M.S.T.T. MONTELIMAR,26,Drôme,ARA,Auvergne-Rhône-Alpes,Montelimar,26200,GYMNASE JOLIOT CURIE 17 RUE JOLIOT CURIE,https://umstt.com/,logos/26/01260006-u-m-s-t-t-montelimar.webp,https://umstt.com/public/2990/upload/theme/kal-social-og-image.png,logo,#b0f0f0 #30b0f0 #90f0f0 #505050,clair,,,annuaire public FFTT (carte.fftt.com),2026-09-02
01260073,TENNIS DE TABLE RAMBERTOIS,26,Drôme,ARA,Auvergne-Rhône-Alpes,Saint Rambert D'Albon,26140,Salle Jean Ferrat 15 rue du levant,,,,sans-site,,,,,annuaire public FFTT (carte.fftt.com),2026-09-02
01260056,AIRE PING,26,Drôme,ARA,Auvergne-Rhône-Alpes,Saulce-Sur-Rhône,26270,Gym des Acacias et Esp culturel 3 Place Émile Loubet,http://aireping.unblog.fr/,logos/26/01260056-aire-ping.webp,http://aireping.unblog.fr/files/2014/07/logo-aire-ping.1-150x150.jpg,logo,#f07030 #b0b010 #d07050 #d05010,clair,,,annuaire public FFTT (carte.fftt.com),2026-09-02
01260026,Tennis de Table TRICASTIN,26,Drôme,ARA,Auvergne-Rhône-Alpes,St Paul Trois Chateaux,26130,GYMNASE PLEIN SOLEIL Boulevard Saint Vincent,https://tttricastin-saint-paul-trois-chateaux.sportsregions.fr/,logos/26/01260026-tennis-de-table-tricastin.webp,https://tttricastin-saint-paul-trois-chateaux.sportsregions.fr/media/uploaded/sites/26196/association/6a3ea0703a84b_NouveauLogo.png,logo,#101030 #101010 #d01010 #103030,clair,,,annuaire public FFTT (carte.fftt.com),2026-09-02
09270030,A S BRETEUIL,27,Eure,NOR,Normandie,,,,,,,sans-site,,,,,annuaire public FFTT (carte.fftt.com),2026-09-02
09270150,AS HAYE MALHERBE TT,27,Eure,NOR,Normandie,,,,,,,sans-site,,,,,annuaire public FFTT (carte.fftt.com),2026-09-02
09270005,CAPA TT,27,Eure,NOR,Normandie,,,,,,,sans-site,,,,,annuaire public FFTT (carte.fftt.com),2026-09-02
09270060,CROTH - EZY-GARENNES TT,27,Eure,NOR,Normandie,,,,https://cegtt.fr/,logos/27/09270060-croth-ezy-garennes-tt.webp,https://cegtt.fr/wp-content/uploads/2017/05/cegttlogo.jpg,logo,#d0d0d0 #707070 #b0b0b0 #505050,clair,,,annuaire public FFTT (carte.fftt.com),2026-09-02
09270006,EVREUX ETUDIANTS CERCLE,27,Eure,NOR,Normandie,,,,,,,sans-site,,,,,annuaire public FFTT (carte.fftt.com),2026-09-02
09270152,GAILLON AUBEVOYE TT,27,Eure,NOR,Normandie,,,,https://www.gattping.com/,logos/27/09270152-gaillon-aubevoye-tt.webp,https://www.gattping.com/media/uploaded/sites/20049/association/62502e5118d7f_raquettesdtoures.png,logo,#d03050 #d05050 #301010 #505050,clair,,,annuaire public FFTT (carte.fftt.com),2026-09-02
09270153,T.T. FRESNE CAUVERVILLE,27,Eure,NOR,Normandie,,,,,,,sans-site,,,,,annuaire public FFTT (carte.fftt.com),2026-09-02
09270063,TT DE L ARCHE,27,Eure,NOR,Normandie,,,,,,,sans-site,,,,,annuaire public FFTT (carte.fftt.com),2026-09-02
09270139,US GRAVIGNY TT,27,Eure,NOR,Normandie,,,,,,,sans-site,,,,,annuaire public FFTT (carte.fftt.com),2026-09-02
09270175,ALIZAY TT,27,Eure,NOR,Normandie,Alizay,27460,GYMNASE MUNICIPAL RUE DE L'EGLISE,,,,sans-site,,,,,annuaire public FFTT (carte.fftt.com),2026-09-02
09270166,CTT AVIRON,27,Eure,NOR,Normandie,Aviron,27930,SALLE POLYVALENTE RUE DU CHATEAU FACE TERRAIN DE FOOT,,,,sans-site,,,,,annuaire public FFTT (carte.fftt.com),2026-09-02
09270156,C. S. BEAUMONT TT,27,Eure,NOR,Normandie,Beaumont Le Roger,27170,LIONEL LEPRINCE Impasse de la côte rouge,,,,sans-site,,,,,annuaire public FFTT (carte.fftt.com),2026-09-02
09270028,SPORTING CLUB BERNAY TT,27,Eure,NOR,Normandie,Bernay,27300,Gymnase Jacques SEBIRE Chemin De La Couture,,,,sans-site,,,,,annuaire public FFTT (carte.fftt.com),2026-09-02
09270087,BEUZEVILLE ATHLETIC CLUB,27,Eure,NOR,Normandie,Beuzeville,27210,Halle Sportive Rue Gustave Camut,,,,sans-site,,,,,annuaire public FFTT (carte.fftt.com),2026-09-02
09270180,BOISSEY PING,27,Eure,NOR,Normandie,Boissey Le Chatel,27520,Salle Colette BESSON Rue des longs Champs,,,,sans-site,,,,,annuaire public FFTT (carte.fftt.com),2026-09-02
09270004,TT BRIONNE,27,Eure,NOR,Normandie,Brionne,27800,"Salle des Sports Jean LEROY 1, BOULEVARD EUGENE MARIE CARREFOUR HOTEL DE VILLE",,,,sans-site,,,,,annuaire public FFTT (carte.fftt.com),2026-09-02
09270077,MONTREUIL L'ARGILLE TENNIS DE TA,27,Eure,NOR,Normandie,Broglie,27270,Gymnase du Collège de Broglie 1 rue du Stade,http://www.montreuil-tennis-de-table.com,,,aucun,,,,,annuaire public FFTT (carte.fftt.com),2026-09-02
09270112,U S ETREPAGNY T T,27,Eure,NOR,Normandie,Etrepagny,27150,U S ETREPAGNY T T RUE LAVOISIER,,,,sans-site,,,,,annuaire public FFTT (carte.fftt.com),2026-09-02
09270013,Jeanne D'ARC EVREUX,27,Eure,NOR,Normandie,Evreux,27000,JEANNE D ARC D EVREUX 45 Rue St Germain,https://jaevreux.fr/,logos/27/09270013-jeanne-d-arc-evreux.webp,https://jaevreux.fr/wp-content/uploads/2022/03/1000145-300x225.jpg,logo,#305010 #5070b0 #303030 #303010,clair,,,annuaire public FFTT (carte.fftt.com),2026-09-02
09270185,CDF FOURGES,27,Eure,NOR,Normandie,Fourges,27630,"Salle des Sports de FOURGES (VEXIN SUR EPTE) 47, Route de Gasny (pres du stade)",,,,sans-site,,,,,annuaire public FFTT (carte.fftt.com),2026-09-02
09270069,ENTENTE GISORSIENNE T.T,27,Eure,NOR,Normandie,Gisors,27140,Jean Philippe GATIEN 10 RUE FRANCOIS CADENNES,https://www.egtt.fr/index.php,logos/27/09270069-entente-gisorsienne-t-t.webp,https://www.egtt.fr/images/Site/Logo_EGTT.png,favicon,#901010 #701010 #501010 #301010,clair,,,annuaire public FFTT (carte.fftt.com),2026-09-02
09270126,GROSSOEUVRE SPORTS,27,Eure,NOR,Normandie,Grossoeuvre,27220,SALLE ETIENNE RAYER RUE SAINT PIERRE,,,,sans-site,,,,,annuaire public FFTT (carte.fftt.com),2026-09-02
09270181,GUICHAINVILLE TT,27,Eure,NOR,Normandie,Guichainville,27930,SALLE DES ASSOCIATIONS 2 BIS RUE DES MOISSONNEURS,http://www.guichainvillett.fr,,,aucun,,,,,annuaire public FFTT (carte.fftt.com),2026-09-02
09270188,Assoc. des Loisirs de Guiseniers,27,Eure,NOR,Normandie,Guiseniers,27700,SALLE DES FETES 7 Rue Jules Pedron,,,,sans-site,,,,,annuaire public FFTT (carte.fftt.com),2026-09-02
09270159,CS BONNEVILLOIS,27,Eure,NOR,Normandie,La Bonneville Sur Iton,27190,GYMNASE ESPACE DE LA NOE,,,,sans-site,,,,,annuaire public FFTT (carte.fftt.com),2026-09-02
09270095,AS BOSC ROGER EN ROUMOIS,27,Eure,NOR,Normandie,Le Bosc Roger En Roumois,27670,GYMNASE J. ANQUETIL 34 RUE de la GALISSONNIERE,,,,sans-site,,,,,annuaire public FFTT (carte.fftt.com),2026-09-02
09270148,U.S FIDELAIRE TENNIS DE TABLE,27,Eure,NOR,Normandie,Le Fidelaire,27190,SALLE POLYVALENTE,,,,sans-site,,,,,annuaire public FFTT (carte.fftt.com),2026-09-02
09270151,NEUBOURG QUITTEBEUF TT,27,Eure,NOR,Normandie,Le Neubourg,27110,ROLAND THOMAS SQUARE DU HUIT MAI STADE MARCEL GUILLOT,https://www.nqtt.fr/,logos/27/09270151-neubourg-quittebeuf-tt.webp,https://www.nqtt.fr/templates/nqttjoomla5/images/entete-site-nqtt-2023-2.jpg,logo,#103030 #3070b0 #105070 #3090b0,clair,,,annuaire public FFTT (carte.fftt.com),2026-09-02
09270047,ASSO OMNISP THUIT SIGNOL,27,Eure,NOR,Normandie,Le Thuit Signol,27370,SALLE SPECIALISEE T.T. TERRAIN DE SPORT derriere gymnase gachassin,,,,sans-site,,,,,annuaire public FFTT (carte.fftt.com),2026-09-02
09270071,AS VAUDREUIL TENNIS TABLE,27,Eure,NOR,Normandie,Le Vaudreuil,27100,"ENS SPORTIF LES TILLEULS 3, rue Edmond Mailloux",,,,sans-site,,,,,annuaire public FFTT (carte.fftt.com),2026-09-02
09270015,CS ANDELYS,27,Eure,NOR,Normandie,Les Andelys,27700,GYMNASE Daniel HOUSSAYS RUE LAVOISIER,,,,sans-site,,,,,annuaire public FFTT (carte.fftt.com),2026-09-02
09270183,LES PONGISTES MESNILOIS,27,Eure,NOR,Normandie,Mesnil Sur L Estree,27650,Foyer Communal Rue du Moulin,https://www.lespongistesmesnilois.com/,logos/27/09270183-les-pongistes-mesnilois.webp,https://www.lespongistesmesnilois.com/media/uploaded/sites/21495/bandeau/631af485ead35_logolespongistesmesnil1140x200.png,logo,#303030 #505050 #d0b050 #707070,clair,,,annuaire public FFTT (carte.fftt.com),2026-09-02
09270110,ST PHILBERT ATHLETIC CLUB,27,Eure,NOR,Normandie,Montfort Sur Risle,27290,Gymnase du College Rue St-Pierre,,,,sans-site,,,,,annuaire public FFTT (carte.fftt.com),2026-09-02
09270089,AMICALE PONG PACY MENILLES,27,Eure,NOR,Normandie,Pacy Sur Eure,27120,AMICALE PONG PACY MENILLES RUE JULES COIGNARD,,,,sans-site,,,,,annuaire public FFTT (carte.fftt.com),2026-09-02
09270169,RAS ROMILLY AS,27,Eure,NOR,Normandie,Romilly Sur Andelle,27610,JEAN FOUET COMPLEXE LOUIS ARAGON RTE DE LA LIBERATION,http://ras.sportsregions,,,aucun,,,,,annuaire public FFTT (carte.fftt.com),2026-09-02
09270138,ROUGEMONTIER SPORTS LOISIRS,27,Eure,NOR,Normandie,Rougemontiers,27350,Salle Communale 1 Place Jean Hubert LEREFAIT,,,,sans-site,,,,,annuaire public FFTT (carte.fftt.com),2026-09-02
09270045,AMIC SPORTIVE ROUTOTOISE,27,Eure,NOR,Normandie,Routot,27350,Gymnase du college Routot rue Roumois Gymnase du college Routot,,,,sans-site,,,,,annuaire public FFTT (carte.fftt.com),2026-09-02
09270187,AS HONGUEMARE-LE LANDIN,27,Eure,NOR,Normandie,Routot,27350,gymnase de Routot rue du Roumois,,,,sans-site,,,,,annuaire public FFTT (carte.fftt.com),2026-09-02
09270102,LA STEPHANOISE TT,27,Eure,NOR,Normandie,St Etienne L Allier,27450,SALLE JEAN DESPERROIS Rue de la Chevalerie,,,,sans-site,,,,,annuaire public FFTT (carte.fftt.com),2026-09-02
09270021,SAINT MARCEL TT SMTT,27,Eure,NOR,Normandie,St Marcel,27950,Gymnase du complexe scolaire Rue Jules Ferry,,,,sans-site,,,,,annuaire public FFTT (carte.fftt.com),2026-09-02
09270176,ST PIERRE LA GARENNE,27,Eure,NOR,Normandie,St Pierre La Garenne,27600,SALLE DE TENNIS DE TABLE 2 Rue Faguette,,,,sans-site,,,,,annuaire public FFTT (carte.fftt.com),2026-09-02
09270140,SAINT SEBASTIEN TENNIS DE TABLE,27,Eure,NOR,Normandie,St Sebastien De Morsent,27180,Salle Pierre Janvier Rue du Sentier,,,,sans-site,,,,,annuaire public FFTT (carte.fftt.com),2026-09-02
09270177,THIBERVILLE TT,27,Eure,NOR,Normandie,Thiberville,27230,Gymnase Route de Bernay,,,,sans-site,,,,,annuaire public FFTT (carte.fftt.com),2026-09-02
09270136,A.C.O.S.TILLIERES/AVRE,27,Eure,NOR,Normandie,Tillieres Sur Avre,27570,Salle des Associations Rue du Chateau,,,,sans-site,,,,,annuaire public FFTT (carte.fftt.com),2026-09-02
09270162,VAL DE REUIL CSTT,27,Eure,NOR,Normandie,Val De Reuil,27100,GYMNASE DU PARC DES SPORTS chaussee de Ritterhude,,,,sans-site,,,,,annuaire public FFTT (carte.fftt.com),2026-09-02
09270008,STADE VERNOLIEN T T,27,Eure,NOR,Normandie,Verneuil Sur Avre,27130,SALLE THOMAS GOILARD CH.DU MOULIN AUX MALADES,,,,sans-site,,,,,annuaire public FFTT (carte.fftt.com),2026-09-02
09270041,STADE PORTE NORMANDE VERNON,27,Eure,NOR,Normandie,Vernon,27200,GYMNASE DE GAMILLY ROBERT SCHUMANN,,,,sans-site,,,,,annuaire public FFTT (carte.fftt.com),2026-09-02
04280725,AS PING CHAUFFOURS,28,Eure-et-Loir,CVL,Centre-Val de Loire,,,,,,,sans-site,,,,,annuaire public FFTT (carte.fftt.com),2026-09-02
04280681,BARJOUVILLE SCL.,28,Eure-et-Loir,CVL,Centre-Val de Loire,,,,http://www.barjouping.fr,,,aucun,,,,,annuaire public FFTT (carte.fftt.com),2026-09-02
04280322,PAYS COURVILLOIS TT,28,Eure-et-Loir,CVL,Centre-Val de Loire,,,,https://payscourvilloistt.fr/,logos/28/04280322-pays-courvillois-tt.webp,https://payscourvilloistt.fr/wp-content/uploads/2025/11/PaysCourvilloisTT.jpg,logo,#1010f0 #d0d0f0 #f0f0f0 #7090d0,clair,,,annuaire public FFTT (carte.fftt.com),2026-09-02
04280104,ASTT BAILLEAU LE PIN,28,Eure-et-Loir,CVL,Centre-Val de Loire,Bailleau Le Pin,28120,SALLE DES SPORTS RUE des TUILERIES,,,,sans-site,,,,,annuaire public FFTT (carte.fftt.com),2026-09-02
04280719,ASTT BREZOLLES,28,Eure-et-Loir,CVL,Centre-Val de Loire,Brezolles,28270,Salle 15 rue de Nonancourt,,,,sans-site,,,,,annuaire public FFTT (carte.fftt.com),2026-09-02
04280724,CHAMPHOL AS TENNIS DE TABLE,28,Eure-et-Loir,CVL,Centre-Val de Loire,Champhol,28300,Salle Polyvalente Espace Jean Moulin 22 rue Jean Moulin,,,,sans-site,,,,,annuaire public FFTT (carte.fftt.com),2026-09-02
04280004,C'CHARTRES TENNIS DE TABLE,28,Eure-et-Loir,CVL,Centre-Val de Loire,Chartres,28000,COMPLEXE ROSSKOPF Rue Raoul Brandon,https://c-chartrestt.com/,logos/28/04280004-c-chartres-tennis-de-table.webp,https://c-chartrestt.com/wp-content/themes/917-29/logo.jpg,logo,#d0f0f0 #b0b0b0 #d0d0d0 #d0f0d0,clair,,,annuaire public FFTT (carte.fftt.com),2026-09-02
04280005,CH CHATEAUDUN,28,Eure-et-Loir,CVL,Centre-Val de Loire,Chateaudun,28200,SALLE JACQUES SECRETIN 19 RUE LOUIS APPERT,http://www.chctt.fr,,,aucun,,,,,annuaire public FFTT (carte.fftt.com),2026-09-02
04280038,A S THYMERAIS CHATEAUNEUF,28,Eure-et-Loir,CVL,Centre-Val de Loire,Chateauneuf En Thymerais,28170,GYMNASE INTERCOMMUNAL RUE DU CHEMIN DE FER,,,,sans-site,,,,,annuaire public FFTT (carte.fftt.com),2026-09-02
04280612,TT.CLOYSIEN,28,Eure-et-Loir,CVL,Centre-Val de Loire,Cloyes Sur Le Loir,28220,GYMNASE LES 3 RIVIERES ROUTE DE MONTIGNY,https://tennisdetablecloysien.fr/,logos/28/04280612-tt-cloysien.svg,https://tennisdetablecloysien.fr/img/junior.svg,logo,,clair,,,annuaire public FFTT (carte.fftt.com),2026-09-02
04280610,P.C. COLTAINVILLE TT.,28,Eure-et-Loir,CVL,Centre-Val de Loire,Coltainville,28300,SALLE DES FETES 56 RUE DE LA REPUBLIQUE,,,,sans-site,,,,,annuaire public FFTT (carte.fftt.com),2026-09-02
04280722,AGGLO DREUX VERNOUILLET TT,28,Eure-et-Loir,CVL,Centre-Val de Loire,Dreux,28100,AGGLO DREUX VERNOUILLET TT LES BATES RUE PABLO NERUDA,https://www.adv-tennisdetable.fr/,logos/28/04280722-agglo-dreux-vernouillet-tt.webp,https://www.adv-tennisdetable.fr/media/uploaded/sites/10336/association/56c333a7edc95_logo5Fvrier2015..JPG,logo,#10b010 #d0d0d0 #f01010 #f0f010,clair,,,annuaire public FFTT (carte.fftt.com),2026-09-02
04280045,AMICALE EPERNON,28,Eure-et-Loir,CVL,Centre-Val de Loire,Epernon,28230,GYMNASE MUNICIPAL 1 ROUTE DE GALLARDON,,,,sans-site,,,,,annuaire public FFTT (carte.fftt.com),2026-09-02
04280517,FRANCOURVILLE LD.,28,Eure-et-Loir,CVL,Centre-Val de Loire,Francourville,28700,SALLE POLYVALENTE Rue de la Fosse a l'eau,,,,sans-site,,,,,annuaire public FFTT (carte.fftt.com),2026-09-02
04280718,FRESNAY L'EVEQUE TENNIS DE TABLE,28,Eure-et-Loir,CVL,Centre-Val de Loire,Fresnay L Eveque,28310,FRESNAY L'EVEQUE TENNIS DE TABLE Rue des Ouches,http://tennisdetablefresnayleveque.e-monsite.com/,,,aucun,,,,,annuaire public FFTT (carte.fftt.com),2026-09-02
09270127,A.S. INTERCOM. GUAINVILLE,28,Eure-et-Loir,CVL,Centre-Val de Loire,Guainville,28260,SALLE POLYVALENTE desgrouettes,,,,sans-site,,,,,annuaire public FFTT (carte.fftt.com),2026-09-02
04280617,PONGISTES DE COMBRAY,28,Eure-et-Loir,CVL,Centre-Val de Loire,Illiers Combray,28120,COMPLEXE SPORTIF Les Glorettes 2 avenue des Gloriettes Salle Spado Girard Gilbert Damus,,,,sans-site,,,,,annuaire public FFTT (carte.fftt.com),2026-09-02
04280593,ES.JOUY ST-PREST TT.,28,Eure-et-Loir,CVL,Centre-Val de Loire,Jouy,28300,COMPLEXE SPORTIF DE JOUY Rue des Renardieres,,,,sans-site,,,,,annuaire public FFTT (carte.fftt.com),2026-09-02
04280359,STADE LOUPEEN TENNIS DE TABLE,28,Eure-et-Loir,CVL,Centre-Val de Loire,La Loupe,28240,SALLE MICHEL POCHIC PARC DU CHATEAU,,,,sans-site,,,,,annuaire public FFTT (carte.fftt.com),2026-09-02
04280705,GUE DE LONGROI TENNIS DE TABLE,28,Eure-et-Loir,CVL,Centre-Val de Loire,Le Gue De Longroi,28700,SALLE COMMUNALE 19 RUE DE LA MAIRIE,,,,sans-site,,,,,annuaire public FFTT (carte.fftt.com),2026-09-02
04280121,LUISANT AC Tennis de Table,28,Eure-et-Loir,CVL,Centre-Val de Loire,Luisant,28600,Salle Specifique tennis de table Rue Raymond Poirier Anciennement stade Marcel Roblot,https://luisant-ac-tt.assoconnect.com/page/3107486-presentation,logos/28/04280121-luisant-ac-tennis-de-table.webp,https://assets.assoconnect.com/legacy/common/image/logo/logo.small.png,logo,#f05070 #f090b0 #f07090 #f0d0d0,clair,,,annuaire public FFTT (carte.fftt.com),2026-09-02
04280716,ES Nogent le roi-Villemeux TT,28,Eure-et-Loir,CVL,Centre-Val de Loire,Nogent Le Roi,28210,GYMNASE GEORGES POMPIDOU 4 RUE CHARLES PEGUY,https://club.quomodo.com/esnvtt,,,aucun,,,,,annuaire public FFTT (carte.fftt.com),2026-09-02
04280048,A.S.J.NOGENT LE ROTROU,28,Eure-et-Loir,CVL,Centre-Val de Loire,Nogent Le Rotrou,28400,ASSOCIATION ST JEAN 36 RUE DES TANNEURS,,,,sans-site,,,,,annuaire public FFTT (carte.fftt.com),2026-09-02
04280529,E.S.MAINTENON-PIERRES T.T.,28,Eure-et-Loir,CVL,Centre-Val de Loire,Pierres,28130,SALLE DE TENNIS DE TABLE 41 RUE R. ET J. LEFEVRE,https://www.esmptt.fr/,logos/28/04280529-e-s-maintenon-pierres-t-t.webp,https://www.esmptt.fr/wp-content/uploads/2025/07/cropped-NvxLogo-1.jpg,logo,#d0d0d0 #f0f0f0 #b0b0b0 #f0d0d0,clair,,,annuaire public FFTT (carte.fftt.com),2026-09-02
04280049,TTPS SENONCHES,28,Eure-et-Loir,CVL,Centre-Val de Loire,Senonches,28250,TTPS SENONCHES Avenue De Badouleau,,,,sans-site,,,,,annuaire public FFTT (carte.fftt.com),2026-09-02
09270137,Vallee d'Avre Tennis de Table,28,Eure-et-Loir,CVL,Centre-Val de Loire,St Remy Sur Avre,28380,SALLE OSCAR AVENUE DU PRE DE L'EGLISE,,,,sans-site,,,,,annuaire public FFTT (carte.fftt.com),2026-09-02
04280404,GAIS MOIS. VOVES,28,Eure-et-Loir,CVL,Centre-Val de Loire,Voves,28150,GAIS MOIS. VOVES 14 RUE ROGER GOMMIER,,,,sans-site,,,,,annuaire public FFTT (carte.fftt.com),2026-09-02
04280202,US YEVRES,28,Eure-et-Loir,CVL,Centre-Val de Loire,Yevres,28160,SALLE DES SPORTS 16 RUE DE LA CROIX VERTE,http://usytt.free.fr/,logos/28/04280202-us-yevres.webp,http://usytt.free.fr/50ans.png?v=2gqmxkukrc0t5r,logo,#d0d0d0 #f0f0f0 #d0f0f0 #f0d0d0,clair,,,annuaire public FFTT (carte.fftt.com),2026-09-02
03290001,ASPTT BREST,29,Finistère,BRE,Bretagne,,,,,,,sans-site,,,,,annuaire public FFTT (carte.fftt.com),2026-09-02
03290090,LEGION ST PIERRE BREST,29,Finistère,BRE,Bretagne,,,,https://www.lsp-tt-brest.fr/,logos/29/03290090-legion-st-pierre-brest.webp,https://www.lsp-tt-brest.fr/media/uploaded/sites/21430/association/637926b4e4cf5_LSPTTsansTransparence.png,logo,#f0f0f0 #f0d0d0 #d09090 #b05050,clair,,,annuaire public FFTT (carte.fftt.com),2026-09-02
03290263,LES PONGISTES DE L'AULNE,29,Finistère,BRE,Bretagne,,,,,,,sans-site,,,,,annuaire public FFTT (carte.fftt.com),2026-09-02
03290003,MORLAIX ST-MARTIN TT,29,Finistère,BRE,Bretagne,,,,,,,sans-site,,,,,annuaire public FFTT (carte.fftt.com),2026-09-02
03290223,QUIMPER CORNOUAILLE TT,29,Finistère,BRE,Bretagne,,,,https://qctt.org/,logos/29/03290223-quimper-cornouaille-tt.webp,https://scontent-cdg4-1.xx.fbcdn.net/v/t39.30808-6/649268952_1373846161215543_4024651381032546857_n.jpg?_nc_cat=111&ccb=1-7&_nc_sid=dc4938&_nc_ohc=lvg70FnbZzoQ7kNvwGf6a-g&_nc_oc=AdrBK6vVOzgXpxuNY9h2gNfRjlkRX3qm60n3vma8NFyLwta_0yhOIzw2mFDR4zVQzK4&_nc_zt=23&_nc_ht=scontent-cdg4-1.xx&edm=AJdBtusEAAAA&_nc_gid=TvaiQQFgINdTJT_aoT6RJw&_nc_tpa=Q5bMBQIgl5KNpIEo9v-VbE5ty33eXJmyMavQR3gmWWQ7wIW9yqe-k2v5_cvq-jAVwkX7mYrLVFq9LuXHdA&oh=00_AQIIoiJfEShG3kSf7OXIO7xmiSlEinis-_dSh6q2KBLo0g&oe=6A9D6757,logo,#303030 #5090b0 #7090b0 #d05030,clair,,,annuaire public FFTT (carte.fftt.com),2026-09-02
03290208,TOURC'H-ELLIANT TT,29,Finistère,BRE,Bretagne,,,,,,,sans-site,,,,,annuaire public FFTT (carte.fftt.com),2026-09-02
03290264,TT JA CHATEAULIN,29,Finistère,BRE,Bretagne,,,,,,,sans-site,,,,,annuaire public FFTT (carte.fftt.com),2026-09-02
03290249,RAQ ESQUIBIENNOISE,29,Finistère,BRE,Bretagne,Audierne,29770,Salle de Tennis de Table 2 Place Rene Laennec à ESQUIBIEN,,,,sans-site,,,,,annuaire public FFTT (carte.fftt.com),2026-09-02
03290227,BANNALEC TT,29,Finistère,BRE,Bretagne,Bannalec,29380,Salle de Tennis de Table 45 rue de Quimperlé - RD 765,,,,sans-site,,,,,annuaire public FFTT (carte.fftt.com),2026-09-02
03290284,BODILIS PLOUGAR TT,29,Finistère,BRE,Bretagne,Bodilis,29400,Salle Multifonctions Rue de l'école Parking de l'école,,,,sans-site,,,,,annuaire public FFTT (carte.fftt.com),2026-09-02
03290024,GSY BOURG-BLANC,29,Finistère,BRE,Bretagne,Bourg-Blanc,29860,Salle Omnisports Touroussel Stade Touroussel Accès par la rue Saint-Yves,,,,sans-site,,,,,annuaire public FFTT (carte.fftt.com),2026-09-02
03290288,PL SANQUER BREST,29,Finistère,BRE,Bretagne,Brest,29200,Salle Georges VIGIER 59 Rue RICHELIEU,,,,sans-site,,,,,annuaire public FFTT (carte.fftt.com),2026-09-02
03290285,TTC BREST,29,Finistère,BRE,Bretagne,Brest,29200,TTC BREST rue du Commandant Drogou Gymnase de Kérinou,https://www.ttc-brest.fr/,logos/29/03290285-ttc-brest.webp,https://www.ttc-brest.fr/wp-content/uploads/2026/05/cropped-ttcb_logo-180x180.png,logo,#303030 #301030 #d0d0d0 #707070,clair,,,annuaire public FFTT (carte.fftt.com),2026-09-02
03290244,RC BRIEC DE L ODET,29,Finistère,BRE,Bretagne,Briec,29510,Complexe Sportif Rue de la boissiere salle Colette Besson,https://rcbtt.fr/,logos/29/03290244-rc-briec-de-l-odet.webp,https://rcbtt.fr/www2/wp-content/uploads/2023/11/cropped-test-200x78.png,logo,#d0d0d0 #f01030 #b0b0b0 #f03030,clair,,,annuaire public FFTT (carte.fftt.com),2026-09-02
03290292,CARANTEC Tennis de Table,29,Finistère,BRE,Bretagne,Carantec,29660,Espace Sportif Maurice GUYOMARD 6 - 4 rue Cst An Dour,,,,sans-site,,,,,annuaire public FFTT (carte.fftt.com),2026-09-02
03290207,LES PONGISTES DU POHER,29,Finistère,BRE,Bretagne,Carhaix Plouguer,29270,Ecole de Persivien Pres de la Piscine,,,,sans-site,,,,,annuaire public FFTT (carte.fftt.com),2026-09-02
03290245,LES PONGISTES CASTOIS,29,Finistère,BRE,Bretagne,Cast,29150,Salle des Sports Stade municipal,,,,sans-site,,,,,annuaire public FFTT (carte.fftt.com),2026-09-02
03290212,EP DU CAP-SIZUN,29,Finistère,BRE,Bretagne,Cleden Cap Sizun,29770,Salle Polyvalente Rue du Castelmeur,,,,sans-site,,,,,annuaire public FFTT (carte.fftt.com),2026-09-02
03290031,PPC CLEDEROIS,29,Finistère,BRE,Bretagne,Cleder,29233,Salle Specifique 16 rue du Pont Jegu,,,,sans-site,,,,,annuaire public FFTT (carte.fftt.com),2026-09-02
03290232,AL CONCARNEAU,29,Finistère,BRE,Bretagne,Concarneau,29900,Halle des Sports Allee de Coubertin Complexe Sportif Le Porzou,http://www.concarneautennisdetable.fr/,,,aucun,,,,,annuaire public FFTT (carte.fftt.com),2026-09-02
03290276,PRESQU'ILE de CROZON TT,29,Finistère,BRE,Bretagne,Crozon,29160,Complexe SPORTIF 6 rue VOLTAIRE,https://www.presquiletennisdetable.fr/,logos/29/03290276-presqu-ile-de-crozon-tt.webp,https://www.presquiletennisdetable.fr/templates/1870j3/images/logo.gif,logo,#90d0b0 #70d0f0 #90d090 #f0b0b0,clair,,,annuaire public FFTT (carte.fftt.com),2026-09-02
03290255,DOUARNENEZ TT,29,Finistère,BRE,Bretagne,Douarnenez,29100,Salle Specifique Rue Jules VERNE TREBOUL,https://www.douarnenez-tt.fr/,logos/29/03290255-douarnenez-tt.webp,https://lh3.googleusercontent.com/sitesv/AG8ngQXHjpaA8ofI9jBZ9NJVtOt5JkCsZBXuSU77BDNCAMoK1Q7wYkyiAIredixwrwSAUbJPaAU1MWCHhlXFQUUxkIg-mLj887iN0NfC6NAB_6aWdB6DFc2eXB5fZsafoKo6QxT03mdMNaLKRL-J3Xxz7fWCAQx18_1PbTHbVKrj-3fJ-biapHM8z130izrU1GI=w16383,logo,#f0d0d0 #f0f0f0 #f0b0b0 #f07090,clair,,,annuaire public FFTT (carte.fftt.com),2026-09-02
03290281,EDERN TENNIS DE TABLE,29,Finistère,BRE,Bretagne,Edern,29510,Gynmase Espace Andre ANGOT Rue de Kermazégan,http://tt-edern.clubeo.com/,,,aucun,,,,,annuaire public FFTT (carte.fftt.com),2026-09-02
03290229,RP FOUESNANT,29,Finistère,BRE,Bretagne,Fouesnant,29170,RAQ DU PAYS FOUESNANT 31 Chemin du Château d'Eau,https://www.rpfouesnant-tt.com/,logos/29/03290229-rp-fouesnant.webp,https://www.rpfouesnant-tt.com/media/uploaded/sites/1316/association/6582b7fae4772_axelvaldezstickermockupsingle.png,logo,#3090b0 #70b0d0 #d0f0f0 #b0d0f0,clair,,,annuaire public FFTT (carte.fftt.com),2026-09-02
03290006,TT GOUESNOU,29,Finistère,BRE,Bretagne,Gouesnou,29850,Espace Charles HUON Complexe Jean GOURMELON Rue du Gymnase,http://www.tennisdetablegouesnou.com,,,aucun,,,,,annuaire public FFTT (carte.fftt.com),2026-09-02
03290037,ASC GUICLAN TT,29,Finistère,BRE,Bretagne,Guiclan,29410,Terrain des Sports Route de Guern,,,,sans-site,,,,,annuaire public FFTT (carte.fftt.com),2026-09-02
03290018,AL GUILERS,29,Finistère,BRE,Bretagne,Guilers,29820,Complexe Sportif Louis Ballard,,,,sans-site,,,,,annuaire public FFTT (carte.fftt.com),2026-09-02
03290087,GDR GUIPAVAS,29,Finistère,BRE,Bretagne,Guipavas,29490,Complexe de Kercoco - Espace sportif Europe Rue Commandant Challe Salle Callington,https://www.guipavastdt.fr/,logos/29/03290087-gdr-guipavas.webp,https://image.jimcdn.com/app/cms/image/transf/dimension=409x2048:format=png/path/sc3ea47799ad52412/image/if78d1eb1bcfcc111/version/1687376788/image.png,logo,#d0f0f0 #b0d0d0 #f0f0d0 #70b0b0,sombre,,,annuaire public FFTT (carte.fftt.com),2026-09-02
03290222,TTAL HUELGOAT-PLOUYE,29,Finistère,BRE,Bretagne,Huelgoat,29690,Gymnase Place de la Mairie,,,,sans-site,,,,,annuaire public FFTT (carte.fftt.com),2026-09-02
03290235,ILE TUDY COMBRIT TT,29,Finistère,BRE,Bretagne,Ile Tudy,29980,SALLE POLYVALENTE Rue Principale,,,,sans-site,,,,,annuaire public FFTT (carte.fftt.com),2026-09-02
03290214,AL KERNEVEL,29,Finistère,BRE,Bretagne,Kernevel,29140,Terrain des Sports,,,,sans-site,,,,,annuaire public FFTT (carte.fftt.com),2026-09-02
03290019,TTE LAMPAUL/LOCMELAR,29,Finistère,BRE,Bretagne,Lampaul Guimiliau,29400,Salle Claude GASCHET Complexe de la Tannerie ZA de la Tannerie,http://www.ttenclos.fr/,,,aucun,,,,,annuaire public FFTT (carte.fftt.com),2026-09-02
03290005,LANDERNEAU TT,29,Finistère,BRE,Bretagne,Landerneau,29800,Salle Cosec,https://landerneautennisdetable.sportsregions.fr/,logos/29/03290005-landerneau-tt.webp,https://landerneautennisdetable.sportsregions.fr/media/uploaded/sites/13442/association/621f4c01c390d_logocouleurcarr.png,logo,#103050 #305070 #303050 #f0b010,clair,,,annuaire public FFTT (carte.fftt.com),2026-09-02
03290044,TT LANDIVISIAU,29,Finistère,BRE,Bretagne,Landivisiau,29400,SALLE DE KERVANOUS BD DE LA REPUBLIQUE PRES DU CENTRE LECLERC,http://ttlandivisien.reseaudesassociations.fr/,,,aucun,,,,,annuaire public FFTT (carte.fftt.com),2026-09-02
03290226,UJR LANGOLEN,29,Finistère,BRE,Bretagne,Langolen,29510,Terrain des Sports,,,,sans-site,,,,,annuaire public FFTT (carte.fftt.com),2026-09-02
03290278,TT DES ABERS,29,Finistère,BRE,Bretagne,Lannilis,29870,Salle Omnisports 18 rue GORREKEAR,,,,sans-site,,,,,annuaire public FFTT (carte.fftt.com),2026-09-02
03290012,TT CONQUETOIS,29,Finistère,BRE,Bretagne,Le Conquet,29217,Salle Omnisports - Gymnase 2 Impasse Kennedy,,,,sans-site,,,,,annuaire public FFTT (carte.fftt.com),2026-09-02
03290081,PPC KERHUONNAIS,29,Finistère,BRE,Bretagne,Le Relecq Kerhuon,29480,Salle de Tennis de Table 5 rue Jean Zay,https://ppck.asso.fr/,,,aucun,,,,,annuaire public FFTT (carte.fftt.com),2026-09-02
03290274,LE TREVOUX ADLTT,29,Finistère,BRE,Bretagne,Le Trevoux,29380,Salle Polyvalente 2 rue des SPORTS,,,,sans-site,,,,,annuaire public FFTT (carte.fftt.com),2026-09-02
03290036,TT LE FOLGOET-LESNEVEN,29,Finistère,BRE,Bretagne,Lesneven,29260,Salle Félix et Alexis LEBRUN Rue Saint-Exupéry Complexe sportif Alice MILLIAT,https://ttlefolgoetlesneven.sportsregions.fr/,logos/29/03290036-tt-le-folgoet-lesneven.webp,https://ttlefolgoetlesneven.sportsregions.fr/media/uploaded/sites/3175/association/5da27d6dec3f2_61078764293605254883436769981078034186240n.jpg,logo,#303030 #f03030 #505050 #503030,clair,,,annuaire public FFTT (carte.fftt.com),2026-09-02
03290023,TT LOC MARIA-PLOUZANE,29,Finistère,BRE,Bretagne,Locmaria Plouzane,29280,Salle Omnisports Keralaurent Route de Pen Ar Menez,,,,sans-site,,,,,annuaire public FFTT (carte.fftt.com),2026-09-02
03290047,TENNIS DE TABLE DE LOPERHET,29,Finistère,BRE,Bretagne,Loperhet,29470,Salle Omnisports ALLEE DU TRIMARAN COADIC VIHAN,https://www.ttloperhet.fr/,logos/29/03290047-tennis-de-table-de-loperhet.webp,https://www.ttloperhet.fr/media/uploaded/sites/21330/association/630614de8c61d_LogoTTLPNG.png,logo,#707030 #303010 #505030 #303030,clair,,,annuaire public FFTT (carte.fftt.com),2026-09-02
03290224,MOELAN TENNIS DE TABLE,29,Finistère,BRE,Bretagne,Moelan Sur Mer,29350,Gymnase Parc ar C'hoat et salle Albert Martin Rue de Porz Moelan,,,,sans-site,,,,,annuaire public FFTT (carte.fftt.com),2026-09-02
03290268,NEVEZ PING,29,Finistère,BRE,Bretagne,Nevez,29920,Salle OMNISPORTS Route de PORT MANECH,https://nevez-ping.sportsregions.fr/,logos/29/03290268-nevez-ping.webp,https://nevez-ping.sportsregions.fr/media/uploaded/sites/28623/association/6a2c6cec4ed92_LogoNevezPingV5.jpg,logo,#d0d0d0 #b0b0b0 #f0f0f0 #909090,clair,,,annuaire public FFTT (carte.fftt.com),2026-09-02
03290228,TTC PENMARC'H,29,Finistère,BRE,Bretagne,Penmarch,29760,Salle Specifique Stade Municipal,https://club.quomodo.com/penmarc-h-tennis-de-table,,,aucun,,,,,annuaire public FFTT (carte.fftt.com),2026-09-02
03290027,PC PLABENNEC,29,Finistère,BRE,Bretagne,Plabennec,29860,Salle Abbé LE GUEN Rue des Ecoles (à côté de la MFR),,,,sans-site,,,,,annuaire public FFTT (carte.fftt.com),2026-09-02
03290266,TT PLOBANNALEC-LESCONIL,29,Finistère,BRE,Bretagne,Plobannalec Lesconil,29740,Salle Omisports Pont Plat,,,,sans-site,,,,,annuaire public FFTT (carte.fftt.com),2026-09-02
03290291,PLOGONNEC SPORT TENNIS DE TABLE,29,Finistère,BRE,Bretagne,Plogonnec,29180,Halle des sports Rue du Stade,,,,sans-site,,,,,annuaire public FFTT (carte.fftt.com),2026-09-02
03290217,RAQUETTE PLOM-TREM-PLUG,29,Finistère,BRE,Bretagne,Plomelin,29700,ENSEMBLE SPORTIF HENT KERAMER,http://www.raquetteplomelin.fr/,,,aucun,,,,,annuaire public FFTT (carte.fftt.com),2026-09-02
03290221,PLOMEUR TT,29,Finistère,BRE,Bretagne,Plomeur,29120,Salle de la Mairie Annexe Rue Ti Ker Pendreff,https://plomeurtt.sportsregions.fr/,logos/29/03290221-plomeur-tt.webp,https://plomeurtt.sportsregions.fr/media/uploaded/sites/4972/association/5cf11e8d525e0_logoPlomeurTT04.jpg,logo,#f01010 #f03030 #f0b0b0 #f07070,clair,,,annuaire public FFTT (carte.fftt.com),2026-09-02
03290200,PLONEOUR-LANVERN TT,29,Finistère,BRE,Bretagne,Ploneour Lanvern,29720,PLONEOUR-LANVERN TT Place du 19 mars 1962,https://www.pingploneour.fr/,logos/29/03290200-ploneour-lanvern-tt.webp,https://www.pingploneour.fr/wp-content/uploads/2018/05/AL-Ploneour-Lanvern-TT.png,logo,#d0d0d0 #f0f0f0 #b0b0b0 #f0b0b0,clair,,,annuaire public FFTT (carte.fftt.com),2026-09-02
03290262,RAQUETTE DU PORZAY,29,Finistère,BRE,Bretagne,Plonevez Porzay,29550,Salle Omnisports,http://www.raquetteduporzay.over-blog.com,,,aucun,,,,,annuaire public FFTT (carte.fftt.com),2026-09-02
03290277,PLOUDALMEZEAU TENNIS DE TABLE,29,Finistère,BRE,Bretagne,Ploudalmezeau,29830,Salle du Moulin Neuf 23 rue Amedee LE MEUR Parking ecole primaire Keribin,http://pingploudal.fr,,,aucun,,,,,annuaire public FFTT (carte.fftt.com),2026-09-02
03290275,PLOUESCAT TT Club,29,Finistère,BRE,Bretagne,Plouescat,29430,Salle Omnisports du Centre Parc des Sports pres de la Poste,https://plouescatttc.weebly.com/,logos/29/03290275-plouescat-tt-club.webp,http://plouescatttc.weebly.com/uploads/6/0/8/4/60846025/1443423986.png,logo,#303030 #505050 #707070 #d0d0d0,clair,,,annuaire public FFTT (carte.fftt.com),2026-09-02
03290039,TT PLOUGOULM,29,Finistère,BRE,Bretagne,Plougoulm,29250,Salle Omnisports Rue du Stade,,,,sans-site,,,,,annuaire public FFTT (carte.fftt.com),2026-09-02
03290029,CTT PLOUIGNEAU,29,Finistère,BRE,Bretagne,Plouigneau,29610,Salle Michel TALARMAIN Complexe Joseph URIEN,https://cttplouigneau.sportsregions.fr/,,,aucun,,,,,annuaire public FFTT (carte.fftt.com),2026-09-02
03290286,KPP PLOUNEVEZ-LOCHRIST,29,Finistère,BRE,Bretagne,Plounevez Lochrist,29430,Salle Polyvalente Rue de Bellevue,,,,sans-site,,,,,annuaire public FFTT (carte.fftt.com),2026-09-02
03290290,PONVEL TENNIS DE TABLE,29,Finistère,BRE,Bretagne,Plounevezel,29270,Salle Multifonctions 3 rue Jean-Marie LE GALL,,,,sans-site,,,,,annuaire public FFTT (carte.fftt.com),2026-09-02
03290041,AL PLOUZANE TT,29,Finistère,BRE,Bretagne,Plouzane,29280,Gymnse KROAS-SALIOU Rue du 8 mai 1945,,,,sans-site,,,,,annuaire public FFTT (carte.fftt.com),2026-09-02
03290237,PPC PLOZEVET,29,Finistère,BRE,Bretagne,Plozevet,29710,Gymnase Henri LE MOAL derriere le college de Plozevet,,,,sans-site,,,,,annuaire public FFTT (carte.fftt.com),2026-09-02
03290282,AL PLUGUFFAN,29,Finistère,BRE,Bretagne,Pluguffan,29700,Espace Salvador ALLENDE Rue de Llandovery Salle socio-culturelle,,,,sans-site,,,,,annuaire public FFTT (carte.fftt.com),2026-09-02
03290205,TT PONT DE BUIS,29,Finistère,BRE,Bretagne,Pont De Buis Les Quimerch,29590,Halle des sports Jean Poudoulec Rue de la Source,https://www.tennisdetablepontdebuis.fr/,logos/29/03290205-tt-pont-de-buis.webp,https://www.tennisdetablepontdebuis.fr/public/media/logo.gif,logo,#107050 #107030 #105050 #309030,clair,,,annuaire public FFTT (carte.fftt.com),2026-09-02
03290273,LES PONGISTES BIGOUDENS,29,Finistère,BRE,Bretagne,Pouldreuzic,29710,Salle Omnisp Hent Kreisker Bourg Route de l'usine Parking du college,,,,sans-site,,,,,annuaire public FFTT (carte.fftt.com),2026-09-02
03290256,UNION SPORTIVE QUEMENEVENOISE,29,Finistère,BRE,Bretagne,Quemeneven,29180,Salle des sports US Quéménéven Terrain des Sports,,,,sans-site,,,,,annuaire public FFTT (carte.fftt.com),2026-09-02
03290215,TT KEMPERLE,29,Finistère,BRE,Bretagne,Quimperle,29300,Anciens Ateliers Lycee de Kerneuzec Place de la salle omnisport,https://ttkemperle.com/,logos/29/03290215-tt-kemperle.webp,https://ttkemperle.com/uploads/designs/Ritekhela/logo_officiel_cercle.png,logo,#3090b0 #70b0d0 #b0d0f0 #d0f0f0,clair,,,annuaire public FFTT (carte.fftt.com),2026-09-02
03290280,Asso TT SANTEC-ROSCOFF,29,Finistère,BRE,Bretagne,Roscoff,29680,Salle Polyvalente 135 route de la BAIE Complexe Sportif LAGADENNOU,,,,sans-site,,,,,annuaire public FFTT (carte.fftt.com),2026-09-02
03290202,SCAER/CORAY TT,29,Finistère,BRE,Bretagne,Scaer,29390,Gymnase Joliot Curie Rue Pierre Curie,,,,sans-site,,,,,annuaire public FFTT (carte.fftt.com),2026-09-02
03290052,SAINT-DIVY SPORT TT,29,Finistère,BRE,Bretagne,St Divy,29800,Salle Spe Claude ABGRALL Route du Valy Ledan,http://www.sdstt.com/,,,aucun,,,,,annuaire public FFTT (carte.fftt.com),2026-09-02
03290010,ESK ST-POL DE LEON,29,Finistère,BRE,Bretagne,St Pol De Leon,29250,SALLE JEAN RIOU Rue du College,,,,sans-site,,,,,annuaire public FFTT (carte.fftt.com),2026-09-02
03290009,SAINT-RENAN TT,29,Finistère,BRE,Bretagne,St Renan,29290,Complexe Sportif de LOKOURNAN Pres du Camping Route de l'Aber,https://srtt.web-tt.fr/,logos/29/03290009-saint-renan-tt.svg,https://srtt.web-tt.fr/,logo,#cfd4db,clair,,,annuaire public FFTT (carte.fftt.com),2026-09-02
03290026,TT DE SAINTE-SEVE,29,Finistère,BRE,Bretagne,Ste Seve,29600,Maison des Associations Bourg,https://ttsainteseve.wordpress.com/,logos/29/03290026-tt-de-sainte-seve.webp,https://ttsainteseve.wordpress.com/wp-content/uploads/2025/06/cropped-logo_ttss_rond-1.png?w=61,logo,#90b0f0 #5090d0 #b0d0f0 #d0d0f0,clair,,,annuaire public FFTT (carte.fftt.com),2026-09-02
03290014,CTT TAULESIEN,29,Finistère,BRE,Bretagne,Taulé,29670,Salle Polyvalente Rue du Terrain des Sports,http://www.ctttaule.fr,,,aucun,,,,,annuaire public FFTT (carte.fftt.com),2026-09-02
05990027,ASSOCIATION CLUB AJACCIEN DE P.P,2A,Corse-du-Sud,COR,Corse,Ajaccio,20000,Gymnase Saint-Jean Ave Kennedy Ecole primaire Saint-Jean,,,,sans-site,,,,,annuaire public FFTT (carte.fftt.com),2026-09-02
05990007,CLUB AJACCIEN T.T.,2A,Corse-du-Sud,COR,Corse,Ajaccio,20000,Gymnase Saint-Jean Ave Kennedy Ecole primaire Saint-Jean,,,,sans-site,,,,,annuaire public FFTT (carte.fftt.com),2026-09-02
05990009,A.S.BASTELICACCIA,2A,Corse-du-Sud,COR,Corse,Bastelicaccia,20129,Salle omnisports Chemin De Carditelli,,,,sans-site,,,,,annuaire public FFTT (carte.fftt.com),2026-09-02
05990010,A.S.P.BONIFACIO,2A,Corse-du-Sud,COR,Corse,Bonifacio,20169,Gymnase Libertas Ave Sylver Bohn,,,,sans-site,,,,,annuaire public FFTT (carte.fftt.com),2026-09-02
05990014,T.T.PORTO-VECCHIAIS,2A,Corse-du-Sud,COR,Corse,Porto Vecchio,20137,Gymnase college Leon Bougeot Rte de l'Ospedale Cosec Municipal des 4 chemins,,,,sans-site,,,,,annuaire public FFTT (carte.fftt.com),2026-09-02
05990021,CLUB PONGISTE SARTENE,2A,Corse-du-Sud,COR,Corse,Sartene,20100,Gymnase Municipal Marfisi Cite administrative,,,,sans-site,,,,,annuaire public FFTT (carte.fftt.com),2026-09-02
05990022,CLUB TENNIS DE TABLE SOLENZARA,2A,Corse-du-Sud,COR,Corse,Solenzara,20145,SALLE DES FETES SOLENZARA RN 198,,,,sans-site,,,,,annuaire public FFTT (carte.fftt.com),2026-09-02
05980003,PPC BASTIA,2B,Haute-Corse,COR,Corse,Bastia,20600,Halle des sports Pepito Feretti Montesoro,,,,sans-site,,,,,annuaire public FFTT (carte.fftt.com),2026-09-02
05980004,T.T.C.CORTE,2B,Haute-Corse,COR,Corse,Corte,20250,T.T.C.CORTE Quartier Chabrieres,,,,sans-site,,,,,annuaire public FFTT (carte.fftt.com),2026-09-02
11300012,BAGNOLS MARCOULE SABRAN TT,30,Gard,OCC,Occitanie,,,,https://bmstt.sitew.fr/,logos/30/11300012-bagnols-marcoule-sabran-tt.webp,https://bmstt.sitew.fr/site/screenshot/?size_preset=fb&v=1698222812,logo,#b0b0f0 #5070f0 #90b0f0 #f0f0f0,clair,,,annuaire public FFTT (carte.fftt.com),2026-09-02
11300008,CONGENIES PPC,30,Gard,OCC,Occitanie,,,,,,,sans-site,,,,,annuaire public FFTT (carte.fftt.com),2026-09-02
11300007,NIMES ASPC,30,Gard,OCC,Occitanie,,,,http://aspcnfh.cluster028.hosting.ovh.net/,logos/30/11300007-nimes-aspc.webp,http://aspcnfh.cluster028.hosting.ovh.net/wp-content/uploads/2020/06/logo-aspcn-blanc.png,logo,,sombre,,,annuaire public FFTT (carte.fftt.com),2026-09-02
11300019,QUISSAC T.T.,30,Gard,OCC,Occitanie,,,,,,,sans-site,,,,,annuaire public FFTT (carte.fftt.com),2026-09-02
11300023,SALINDRES AS,30,Gard,OCC,Occitanie,,,,http://www.assalindrestt.fr,,,aucun,,,,,annuaire public FFTT (carte.fftt.com),2026-09-02
11300014,ST CHRISTOL LEZ ALES AS,30,Gard,OCC,Occitanie,,,,http://www.ascl.fr/,logos/30/11300014-st-christol-lez-ales-as.webp,http://www.ascl.fr/img/Tennis.png,logo,,clair,,,annuaire public FFTT (carte.fftt.com),2026-09-02
11300010,UCHAUD ASTT,30,Gard,OCC,Occitanie,,,,https://asttuchaud.com/,logos/30/11300010-uchaud-astt.webp,https://asttuchaud.com/wp-content/uploads/2026/06/LOGO-PNG-BLANC-SITE-ASTTU.png,logo,#30b070 #309070 #d0d0f0 #b0d0d0,clair,,,annuaire public FFTT (carte.fftt.com),2026-09-02
11300040,ALES CEVENNES TENNIS DE TABLE,30,Gard,OCC,Occitanie,Alès,30100,Gymnase Rene Gatien Rue Ampère,https://actt.sportsregions.fr/,logos/30/11300040-ales-cevennes-tennis-de-table.webp,https://actt.sportsregions.fr/media/uploaded/sites/17014/association/5e80fdc948f0e_LogoACTT.JPG,logo,#1070b0 #70d030 #d0d0d0 #b0b0b0,clair,,,annuaire public FFTT (carte.fftt.com),2026-09-02
11300055,TENNIS DE TABLE ARAMON,30,Gard,OCC,Occitanie,Aramon,30390,Gymnase Halle des Sports 10 Avenue Jean Moulin,,,,sans-site,,,,,annuaire public FFTT (carte.fftt.com),2026-09-02
11300021,CO BELLEGARDE TT,30,Gard,OCC,Occitanie,Bellegarde,30127,Salle omnisport P. de Coubertin AVENUE VILLAMARTIN,,,,sans-site,,,,,annuaire public FFTT (carte.fftt.com),2026-09-02
11300015,BESSEGES/GAGNIERES CPM,30,Gard,OCC,Occitanie,Besseges,30160,CENTRE CULTURE ET LOISIRS Place Jean-Jaures rue Francois Mitterand,,,,sans-site,,,,,annuaire public FFTT (carte.fftt.com),2026-09-02
11300059,BOISSET PING,30,Gard,OCC,Occitanie,Boisset Et Gaujac,30140,Halle des sports René Mourier Chemin des écoles,,,,sans-site,,,,,annuaire public FFTT (carte.fftt.com),2026-09-02
11300025,CTT CALVISSON,30,Gard,OCC,Occitanie,Calvisson,30420,Maison des sports et de loisirs 526 Rue des entrepreneurs,https://tennisdetablecalvisson.sportsregions.fr/,logos/30/11300025-ctt-calvisson.webp,https://tennisdetablecalvisson.sportsregions.fr/media/uploaded/sites/8755/association/64667a36954aa_logoorpreviewrev1.png,logo,#1070b0 #f0d010 #307090 #f0b090,clair,,,annuaire public FFTT (carte.fftt.com),2026-09-02
11300050,TENNIS CLUB CRUVIERS-LASCOURS,30,Gard,OCC,Occitanie,Cruviers Lascours,30360,SALLE DU PARC RUE DE LA MAIRIE,https://tccl-cruvierslascours.clubeo.com/,logos/30/11300050-tennis-club-cruviers-lascours.webp,https://s2.static-clubeo.com/100/uploads/tccl-cruvierslascours/logo__76a9t1qah.jpg,logo,#f0f0f0 #d0d0d0 #f0d0f0 #907090,sombre,,,annuaire public FFTT (carte.fftt.com),2026-09-02
11300057,AS GALLARGUOISE TENNIS DE TABLE,30,Gard,OCC,Occitanie,Gallargues-Le-Montueux,30660,Halle des sports Claude Chappe 600 Avenue Des Marchandises,,,,sans-site,,,,,annuaire public FFTT (carte.fftt.com),2026-09-02
11300032,GENERAC T.T.,30,Gard,OCC,Occitanie,Generac,30510,Gymnase de Generac Route de Franquevaux,,,,sans-site,,,,,annuaire public FFTT (carte.fftt.com),2026-09-02
11300022,BAD PING LE GRAU DU ROI,30,Gard,OCC,Occitanie,Le Grau Du Roi,30240,PALAIS DES SPORTS ALLEE VICTOR HUGO,,,,sans-site,,,,,annuaire public FFTT (carte.fftt.com),2026-09-02
11300003,Tennis de Table en Pays Viganais,30,Gard,OCC,Occitanie,Le Vigan,30120,Salle Saint Euzeby Quartier Saint Euzeby,,,,sans-site,,,,,annuaire public FFTT (carte.fftt.com),2026-09-02
11300017,LEDIGNAN ALASC,30,Gard,OCC,Occitanie,Ledignan,30350,Gymnase College de Ledignan Route de Montpellier,,,,sans-site,,,,,annuaire public FFTT (carte.fftt.com),2026-09-02
11300041,MANDUEL ASTT,30,Gard,OCC,Occitanie,Manduel,30129,Complexe sportif 1719 Chemin de St Paul,https://www.astt-manduel.fr/,logos/30/11300041-manduel-astt.webp,https://www.astt-manduel.fr/img/Logo.png,logo,#50b030 #307030 #509030 #309030,clair,,,annuaire public FFTT (carte.fftt.com),2026-09-02
11300016,NIMES ASPTT TENNIS DE TABLE,30,Gard,OCC,Occitanie,Nimes,30000,NIMES ASPTT 415 Av Notre Dame de Santa Cruz Au bas du Sanctuaire Santa Cruz,https://asptt30-ping.org/,logos/30/11300016-nimes-asptt-tennis-de-table.webp,https://asptt30-ping.org/images/logo_asptt_nimes-295.jpg,logo,#f0d0b0 #f0f0d0 #f0f0f0 #d0d0d0,sombre,,,annuaire public FFTT (carte.fftt.com),2026-09-02
11300005,NIMES ST CESAIRE AM,30,Gard,OCC,Occitanie,Nimes,30900,Salle Gaston Lessut rue de Mascard,,,,sans-site,,,,,annuaire public FFTT (carte.fftt.com),2026-09-02
13840045,TT PUJAUT-GRAND AVIGNON,30,Gard,OCC,Occitanie,Pujaut,30131,SALLE POLYVALENTE PLACE DU MARCHE,,,,sans-site,,,,,annuaire public FFTT (carte.fftt.com),2026-09-02
11300039,CAMARGUE TT,30,Gard,OCC,Occitanie,Saint-Laurent-D'Aigouze,30220,GYMNASE JACQUES DUCLOS Boulevard Alexandra David Neel,,,,sans-site,,,,,annuaire public FFTT (carte.fftt.com),2026-09-02
11300028,VAUVERT OPP,30,Gard,OCC,Occitanie,Vauvert,30600,Salle Jacques Secrétin rue du Chaillot,,,,sans-site,,,,,annuaire public FFTT (carte.fftt.com),2026-09-02
11300004,VILLENEUVE LES AVIGNON AS,30,Gard,OCC,Occitanie,Villeneuve Les Avignon,30400,Gymnase du Mourion Avenue des Cevennes,https://www.tennisdetable-villeneuvelezavignon.club/,logos/30/11300004-villeneuve-les-avignon-as.webp,https://cdn.pepsup.com/resources/images/CLUBS/000/000/270/2703/IMAGE/logo.png?1784286120493,logo,#d0d0d0 #f0f0f0 #707070 #303030,clair,,,annuaire public FFTT (carte.fftt.com),2026-09-02
11310019,C.L.L.L.COLOMIERS,31,Haute-Garonne,OCC,Occitanie,,,,https://colomiers-tt.fr/,logos/31/11310019-c-l-l-l-colomiers.webp,https://colomiers-tt.fr/wp-content/uploads/2022/01/logo-clll-colomiers.png,logo,#909090 #d03030 #303030 #d01030,clair,,,annuaire public FFTT (carte.fftt.com),2026-09-02
11310121,JS CUGNAUX/VILLENEUVE TOLOSANE,31,Haute-Garonne,OCC,Occitanie,,,,https://jscvtt.sportsregions.fr/,logos/31/11310121-js-cugnaux-villeneuve-tolosane.webp,https://jscvtt.sportsregions.fr/media/uploaded/sites/14731/association/5be98d4a4e1ee_JSCVTT3.jpg,logo,#305070 #101030 #303050 #103050,clair,,,annuaire public FFTT (carte.fftt.com),2026-09-02
11310132,SAINT SULPICE TENNIS DE TABLE,31,Haute-Garonne,OCC,Occitanie,,,,http://saintsulpice.tt.free.fr/,logos/31/11310132-saint-sulpice-tennis-de-table.webp,http://saintsulpice.tt.free.fr/images/bouton-planning.jpg,logo,#f0f0f0 #d0d0d0 #f0b070 #d0b090,clair,,,annuaire public FFTT (carte.fftt.com),2026-09-02
11310060,TT PLAISANCOIS,31,Haute-Garonne,OCC,Occitanie,,,,https://ttplaisancois.fr/,logos/31/11310060-tt-plaisancois.webp,https://ttplaisancois.fr/wp-content/uploads/2023/04/cropped-cropped-New-Logo-TTP-double-cercle-fond-noir-transparent-1-180x180.png,logo,#f0b010 #f09010 #d09010 #d07010,clair,,,annuaire public FFTT (carte.fftt.com),2026-09-02
11310133,PIRATES LAURAGAIS,31,Haute-Garonne,OCC,Occitanie,Baziège,31450,Complexe Omnisports 261 chemin de la Plaine d'Amont,,,,sans-site,,,,,annuaire public FFTT (carte.fftt.com),2026-09-02
11310047,TT BLAGNACAIS,31,Haute-Garonne,OCC,Occitanie,Blagnac,31700,COMPLEXE SPORTIF DE NAUDIN 33 CHEMIN DE NAUDIN,https://www.ttblagnacais.fr/,,,aucun,,,,,annuaire public FFTT (carte.fftt.com),2026-09-02
11310115,CASTELGINEST TT,31,Haute-Garonne,OCC,Occitanie,Castelginest,31780,GYMNASE 62 RUE DU DOCTEUR MATEO,http://www.castelginest-tt.com,,,aucun,,,,,annuaire public FFTT (carte.fftt.com),2026-09-02
11310126,TT FRONTON,31,Haute-Garonne,OCC,Occitanie,Fronton,31620,GYMNASE DU LYCEE P. BOURDIEU 1005 AVENUE DE VILLAUDRIC,https://ttfronton.fr/,logos/31/11310126-tt-fronton.webp,https://ttfronton.fr/favicon.png,logo,#909090 #505050 #b0b0b0 #d0d0f0,clair,,,annuaire public FFTT (carte.fftt.com),2026-09-02
11310098,TT FROUZINOIS,31,Haute-Garonne,OCC,Occitanie,Frouzins,31270,LA CHAPELLERIE 27 AVENUE DES PYRENEES a cote Ent.VARIALU,https://www.ttfrouzinois.fr/,logos/31/11310098-tt-frouzinois.webp,https://static.wixstatic.com/media/116fb4_77cf1fd6632d421298f93cc732b1776a~mv2.png,logo,#f01010 #f01030 #d03030 #d01030,clair,,,annuaire public FFTT (carte.fftt.com),2026-09-02
11310033,L AVENIR MURETAIN T T,31,Haute-Garonne,OCC,Occitanie,Muret,31600,GYMNASE DE L EREA 134 AVENUE DES PYRENEES,,,,sans-site,,,,,annuaire public FFTT (carte.fftt.com),2026-09-02
11310130,TT DE LA HYSE,31,Haute-Garonne,OCC,Occitanie,Noueilles,31450,SALLE POLYVALENTE LE VILLAGE,,,,sans-site,,,,,annuaire public FFTT (carte.fftt.com),2026-09-02
11310135,TENNIS DE TABLE ODARS,31,Haute-Garonne,OCC,Occitanie,Odars,31450,SALLE POLYVALENTE,,,,sans-site,,,,,annuaire public FFTT (carte.fftt.com),2026-09-02
11310131,TENNIS DE TABLE PIBRACAIS,31,Haute-Garonne,OCC,Occitanie,Pibrac,31820,Complexe sportif de la Castanette BD DES ECOLES,https://pingpong-pibrac.fr/,logos/31/11310131-tennis-de-table-pibracais.webp,https://i0.wp.com/pingpong-pibrac.fr/wp-content/uploads/2025/11/cropped-cropped-logo-Final.png?fit=240%2C240&ssl=1,logo,#105090 #103090 #303030 #1050b0,clair,,,annuaire public FFTT (carte.fftt.com),2026-09-02
11310075,PINS-JUSTARET VILLATE TT,31,Haute-Garonne,OCC,Occitanie,Pins Justaret,31860,GYMN DE L ECOLE PRIMAIRE ROUTE DE VILLATE Halle des sports,http://pjvtt.fr,,,aucun,,,,,annuaire public FFTT (carte.fftt.com),2026-09-02
11310076,POINTIS RIVIERE STT,31,Haute-Garonne,OCC,Occitanie,Pointis-De-Rivière,31210,GYMNASE Pointis-de-Rivière,,,,sans-site,,,,,annuaire public FFTT (carte.fftt.com),2026-09-02
11310129,QUINT FONSEGRIVES TENNIS DE TABL,31,Haute-Garonne,OCC,Occitanie,Quint Fonsegrives,31130,COMPLEXE PIERRE IZARD Rue St Germain,https://quint-fonsegrives-tennisdetable.weebly.com/,logos/31/11310129-quint-fonsegrives-tennis-de-tabl.webp,https://cdn11.editmysite.com/images/site/footer/footer-toast-published-image-1.png,logo,#f0f0f0 #d0d0d0 #303030 #101010,clair,,,annuaire public FFTT (carte.fftt.com),2026-09-02
11310029,US Ramonville Tennis de Table,31,Haute-Garonne,OCC,Occitanie,Ramonville St Agne,31520,SALLE LEON BLUM PARC MUNICIPAL DES SPORTS AVENUE DES SABLES,http://www.usramonvillett.fr,,,aucun,,,,,annuaire public FFTT (carte.fftt.com),2026-09-02
11310124,TT REVEL-LAURAGAIS,31,Haute-Garonne,OCC,Occitanie,Revel,31250,SALLE OMNISPORT 2 2 Avenue Julien Nougier,,,,sans-site,,,,,annuaire public FFTT (carte.fftt.com),2026-09-02
11310123,RIEUMES MAUZAC SLTT,31,Haute-Garonne,OCC,Occitanie,Rieumes,31370,GYMNASE DE RIEUMES RUE DU STADE,https://rieumesmauzactt.com/,logos/31/11310123-rieumes-mauzac-sltt.webp,https://rieumesmauzactt.com/images/logoTennis.jpg,logo,#10b0f0 #505070 #d0d0d0 #f0f0f0,clair,,,annuaire public FFTT (carte.fftt.com),2026-09-02
11310099,COTEAUX BELLEVUE TT,31,Haute-Garonne,OCC,Occitanie,St Genies Bellevue,31180,COMPLEXE SPORTIF CHEMIN DE L'ENGUILLE,https://cbtt.fr/,logos/31/11310099-coteaux-bellevue-tt.svg,https://cbtt.fr/wp-content/uploads/2025/07/logo_CCCB.svg,logo,#371410 #ce4617 #fdc419 #ffd114,clair,,,annuaire public FFTT (carte.fftt.com),2026-09-02
11310117,TT ST JORY,31,Haute-Garonne,OCC,Occitanie,St Jory,31790,GYMNASE DU COLLEGE Rue Jacques BREL,https://www.ttsaintjory.com/page/2610922-a-la-une,logos/31/11310117-tt-st-jory.webp,https://app.assoconnect.com/services/storage?id=6958371&type=picture&secret=ex4O9lDGJvC74pgJ1hkZgK57NsXqbmszIeofG5fT&timestamp=1781775718&size=small,logo,#d01070 #f01090 #303030 #909090,clair,,,annuaire public FFTT (carte.fftt.com),2026-09-02
11310005,S L O TENNIS DE TABLE,31,Haute-Garonne,OCC,Occitanie,St Lys,31470,COSEC CHEMIN De PILLORE,https://saintlysolympiquett.wixsite.com/slott,logos/31/11310005-s-l-o-tennis-de-table.webp,https://static.wixstatic.com/media/c2617a_73d344cc49854c2a8f8eff09513cf8d0~mv2.jpg,logo,#1030b0 #103090 #d01030 #b01030,clair,,,annuaire public FFTT (carte.fftt.com),2026-09-02
11310064,SAINT-ORENS TENNIS DE TABLE,31,Haute-Garonne,OCC,Occitanie,St Orens De Gameville,31650,MAM ST O 81 Chemin des Tuileries,https://saint-orenstt.com/,logos/31/11310064-saint-orens-tennis-de-table.webp,https://saint-orenstt.com/wp-content/uploads/2014/05/Logo-Nouveau.png,logo,#b03030 #303030 #b01010 #b05030,clair,,,annuaire public FFTT (carte.fftt.com),2026-09-02
11310070,A.S.C. MONTAUDRAN,31,Haute-Garonne,OCC,Occitanie,Toulouse,31400,C. POLYVAL. DE MONTAUDRAN IMPASSE GASTON GENIN,https://www.montaudrantt.fr/,logos/31/11310070-a-s-c-montaudran.webp,https://www.montaudrantt.fr/wp-content/uploads/2021/12/cropped-output-onlinepngtools-450x450.png,logo,#f03030 #f0b010 #f0d010 #f05030,clair,,,annuaire public FFTT (carte.fftt.com),2026-09-02
11310006,ASPTT TOULOUSE T.T.,31,Haute-Garonne,OCC,Occitanie,Toulouse,31500,ASPTT TOULOUSE T.T. 47 RUE DE SOUPETARD,https://grand-toulouse-tennis-de-table.asptt.com/,,,aucun,,,,,annuaire public FFTT (carte.fftt.com),2026-09-02
11310011,TOAC Tennis de Table,31,Haute-Garonne,OCC,Occitanie,Toulouse,31200,Salle de tennis de table du TOAC 20 Chemin de Garric,https://toac-tt.fr/,logos/31/11310011-toac-tennis-de-table.webp,https://toac-tt.fr/wp-content/uploads/2022/10/logo-web-TOAC-TT.png,logo,#305070 #303050 #103050 #103070,clair,,,annuaire public FFTT (carte.fftt.com),2026-09-02
11310008,TOULOUSE AC TENNIS DE TABLE,31,Haute-Garonne,OCC,Occitanie,Toulouse,31100,COMPLEXE SPORTIF DE GIRONIS 35 Rue de Gironis,https://www.tac-tennis-de-table-toulouse.fr/,logos/31/11310008-toulouse-ac-tennis-de-table.webp,https://www.tac-tennis-de-table-toulouse.fr/media/uploaded/sites/20688/association/6297c65a90b89_LOGOTACmodfi1.png,logo,#303070 #b0b0b0 #103070 #303090,clair,,,annuaire public FFTT (carte.fftt.com),2026-09-02
11310077,TOULOUSE PATTE D'OIE T.T.,31,Haute-Garonne,OCC,Occitanie,Toulouse,31100,TOULOUSE PATTE D OIE T.T. Gymnase Christine Rumeau Rue des Turres,https://toulouse-pattedoie-tt.fr/,logos/31/11310077-toulouse-patte-d-oie-t-t.webp,https://toulouse-pattedoie-tt.fr/wp-content/uploads/tpott_Logo_50x50.png,logo,#303070 #103070 #f0d010 #505090,clair,,,annuaire public FFTT (carte.fftt.com),2026-09-02
11320005,CP AUSCITAIN,32,Gers,OCC,Occitanie,,,,https://www.cpauch.com/,logos/32/11320005-cp-auscitain.webp,https://www.cpauch.com/media/uploaded/sites/2832/association/5d8762f80a7f6_logoCPA.jpg,logo,#f0d0d0 #f0f0f0 #b01010 #d01010,clair,,,annuaire public FFTT (carte.fftt.com),2026-09-02
11320039,CP FLEURANTIN,32,Gers,OCC,Occitanie,,,,https://www.club-pongiste-fleurantin.fr/,logos/32/11320039-cp-fleurantin.webp,https://www.club-pongiste-fleurantin.fr/wp-content/uploads/2024/09/Icone-Site-300x300.png,logo,#1010f0,clair,,,annuaire public FFTT (carte.fftt.com),2026-09-02
11320046,VIC EAUZE GASCOGNE ARMAGNAC TT,32,Gers,OCC,Occitanie,,,,,,,sans-site,,,,,annuaire public FFTT (carte.fftt.com),2026-09-02
11320032,PREIGNAN AUBIET CASTELNAU TT,32,Gers,OCC,Occitanie,Castelnau Barbarens,32450,F.R. Castelnau,,,,sans-site,,,,,annuaire public FFTT (carte.fftt.com),2026-09-02
11320041,A.S.T.T. L'ISLOIS,32,Gers,OCC,Occitanie,L Isle Jourdain,32600,SALLE POLYVALENTE RUE CELESTIN FREYNET,,,,sans-site,,,,,annuaire public FFTT (carte.fftt.com),2026-09-02
11320040,CP DU BAS ARMAGNAC,32,Gers,OCC,Occitanie,Lannemaignan,32240,FOYER RURAL LANNEMAIGNAN OU FR MAULEON 05.62.09.62.43.,,,,sans-site,,,,,annuaire public FFTT (carte.fftt.com),2026-09-02
11320033,Cercle Pongiste Lectourois,32,Gers,OCC,Occitanie,Lectoure,32700,Salle omnisport Avenue Jacques Descamps Salle omnisport Judo Tennis de T,,,,sans-site,,,,,annuaire public FFTT (carte.fftt.com),2026-09-02
11320045,RAQUETTE SEISSANNAISE,32,Gers,OCC,Occitanie,Seissan,32260,HALLE AU GRAS PLACE DE GASCOGNE,,,,sans-site,,,,,annuaire public FFTT (carte.fftt.com),2026-09-02
10330084,A S VILLENAVE T T,33,Gironde,NAQ,Nouvelle-Aquitaine,,,,https://www.asvillenavett.fr/,logos/33/10330084-a-s-villenave-t-t.webp,https://www.asvillenavett.fr/wp-content/uploads/2026/08/cropped-Capture-decran-2026-08-23-a-13.35.45.png,logo,#103050 #103030 #101030 #305070,clair,,,annuaire public FFTT (carte.fftt.com),2026-09-02
10330050,AL EYSINES,33,Gironde,NAQ,Nouvelle-Aquitaine,,,,https://ping-eysines.fr/,logos/33/10330050-al-eysines.webp,https://ping-eysines.fr/wp-content/uploads/2026/08/cropped-new-logo-ping-eysines-180x180.png,logo,,clair,,,annuaire public FFTT (carte.fftt.com),2026-09-02
10330046,AS AMBARES,33,Gironde,NAQ,Nouvelle-Aquitaine,,,,,,,sans-site,,,,,annuaire public FFTT (carte.fftt.com),2026-09-02
10330004,AS LIBOURNE,33,Gironde,NAQ,Nouvelle-Aquitaine,,,,http://asltennisdetable.e-monsite.com/,,,aucun,,,,,annuaire public FFTT (carte.fftt.com),2026-09-02
10330071,AST LA TESTE TENNIS DE TABLE,33,Gironde,NAQ,Nouvelle-Aquitaine,,,,,,,sans-site,,,,,annuaire public FFTT (carte.fftt.com),2026-09-02
10330010,BX COQS ROUGES,33,Gironde,NAQ,Nouvelle-Aquitaine,,,,https://www.coqsrouges.fr/,logos/33/10330010-bx-coqs-rouges.webp,https://i0.wp.com/www.coqsrouges.fr/wp-content/uploads/2024/06/cropped-Logo-Coqs-Rouges-2018.png?fit=180%2C180&ssl=1,logo,#b01030 #303030 #f0f0f0 #b0b0b0,clair,,,annuaire public FFTT (carte.fftt.com),2026-09-02
10330003,CA BEGLAIS,33,Gironde,NAQ,Nouvelle-Aquitaine,,,,https://www.cabeglais.fr/sports-activites/tennis-de-table/,logos/33/10330003-ca-beglais.webp,https://www.cabeglais.fr/app/uploads/2022/04/cropped-logo-180x180.png,logo,#3050f0 #5050f0 #b0b0f0 #90b0f0,clair,,,annuaire public FFTT (carte.fftt.com),2026-09-02
10330077,CA CARBON BLANC,33,Gironde,NAQ,Nouvelle-Aquitaine,,,,,,,sans-site,,,,,annuaire public FFTT (carte.fftt.com),2026-09-02
10330005,CLUB TT AUDENGEOIS,33,Gironde,NAQ,Nouvelle-Aquitaine,,,,,,,sans-site,,,,,annuaire public FFTT (carte.fftt.com),2026-09-02
10330019,COQS PEUJARDAIS,33,Gironde,NAQ,Nouvelle-Aquitaine,,,,,,,sans-site,,,,,annuaire public FFTT (carte.fftt.com),2026-09-02
10330076,J LANGON,33,Gironde,NAQ,Nouvelle-Aquitaine,,,,,,,sans-site,,,,,annuaire public FFTT (carte.fftt.com),2026-09-02
10330040,P.P. NORD GIRONDE,33,Gironde,NAQ,Nouvelle-Aquitaine,,,,,,,sans-site,,,,,annuaire public FFTT (carte.fftt.com),2026-09-02
10330017,PING NORD BASSIN,33,Gironde,NAQ,Nouvelle-Aquitaine,,,,,,,sans-site,,,,,annuaire public FFTT (carte.fftt.com),2026-09-02
10330043,RAQUETTE GUJANAISE,33,Gironde,NAQ,Nouvelle-Aquitaine,,,,https://raquettegujanaisett.fr/,logos/33/10330043-raquette-gujanaise.webp,https://raquettegujanaisett.fr/wp-content/uploads/2024/03/Logo-Raquette-Gujanaise-PNG-V3-1024x882.png,logo,#f05050 #303030 #705030 #505050,clair,,,annuaire public FFTT (carte.fftt.com),2026-09-02
10330013,SA MERIGNAC,33,Gironde,NAQ,Nouvelle-Aquitaine,,,,https://sam-tt.net/,logos/33/10330013-sa-merignac.webp,https://sam-tt.net/wp-content/uploads/2023/12/cropped-logoTennisdeTableSAM201617-1-180x180.png,logo,#b03030 #5070b0 #307090 #d0d0d0,clair,,,annuaire public FFTT (carte.fftt.com),2026-09-02
10330002,SAG CESTAS,33,Gironde,NAQ,Nouvelle-Aquitaine,,,,http://www.sagctt.fr/,,,aucun,,,,,annuaire public FFTT (carte.fftt.com),2026-09-02
10330022,SAINT LOUB PING,33,Gironde,NAQ,Nouvelle-Aquitaine,,,,,,,sans-site,,,,,annuaire public FFTT (carte.fftt.com),2026-09-02
10330032,SAM TT LESPARRE,33,Gironde,NAQ,Nouvelle-Aquitaine,,,,,,,sans-site,,,,,annuaire public FFTT (carte.fftt.com),2026-09-02
10330129,TT CASTELNAUDAIS,33,Gironde,NAQ,Nouvelle-Aquitaine,,,,,,,sans-site,,,,,annuaire public FFTT (carte.fftt.com),2026-09-02
10330093,TT COMMUNES DU CREONNAIS,33,Gironde,NAQ,Nouvelle-Aquitaine,,,,,,,sans-site,,,,,annuaire public FFTT (carte.fftt.com),2026-09-02
10330031,U S MIOSSAISE PING PONG,33,Gironde,NAQ,Nouvelle-Aquitaine,,,,,,,sans-site,,,,,annuaire public FFTT (carte.fftt.com),2026-09-02
10330028,UNION ATH. CADILLACAISE,33,Gironde,NAQ,Nouvelle-Aquitaine,,,,,,,sans-site,,,,,annuaire public FFTT (carte.fftt.com),2026-09-02
10330045,US BOUSCATAISE Tennis de Table,33,Gironde,NAQ,Nouvelle-Aquitaine,,,,https://usbtt.com/,logos/33/10330045-us-bouscataise-tennis-de-table.webp,https://usbtt.com/wp-content/uploads/2026/08/cropped-Logo2026-scaled-1-180x180.jpg,logo,#10b0f0 #30b0f0 #d0f0f0 #70d0f0,clair,,,annuaire public FFTT (carte.fftt.com),2026-09-02
10330030,US CENON,33,Gironde,NAQ,Nouvelle-Aquitaine,,,,,,,sans-site,,,,,annuaire public FFTT (carte.fftt.com),2026-09-02
10330011,US TALENCE,33,Gironde,NAQ,Nouvelle-Aquitaine,,,,https://ustalencett.fr/,logos/33/10330011-us-talence.webp,https://ustalencett.fr/wp-content/uploads/2025/10/cropped-images70x.jpg,logo,#f0f0f0 #303030 #909090 #505050,clair,,,annuaire public FFTT (carte.fftt.com),2026-09-02
10330078,PONGISTES ARTIGUAIS,33,Gironde,NAQ,Nouvelle-Aquitaine,Artigues Pres Bordeaux,33370,Salle Omnisports Nelson Paillou Avenue de la Prairie,,,,sans-site,,,,,annuaire public FFTT (carte.fftt.com),2026-09-02
10330123,US BAZAS TT,33,Gironde,NAQ,Nouvelle-Aquitaine,Bazas,33430,SALLE DU CASINO RUE DU PALAIS DE JUSTICE,,,,sans-site,,,,,annuaire public FFTT (carte.fftt.com),2026-09-02
10330082,TT BIGANOS,33,Gironde,NAQ,Nouvelle-Aquitaine,Biganos,33380,Tennis de Table Salle Multisport,,,,sans-site,,,,,annuaire public FFTT (carte.fftt.com),2026-09-02
10330035,BORDEAUX CENTRE LFTT,33,Gironde,NAQ,Nouvelle-Aquitaine,Bordeaux,33000,SALLE TENNIS DE TABLE 30 RUE CLAUDE BONNIER,,,,sans-site,,,,,annuaire public FFTT (carte.fftt.com),2026-09-02
10330067,CAM BORDEAUX,33,Gironde,NAQ,Nouvelle-Aquitaine,Bordeaux,33200,CAM BORDEAUX 7 RUE ANDRE MAGINOT,https://cambordeauxtt.fr/,logos/33/10330067-cam-bordeaux.webp,https://cambordeauxtt.fr/wp-content/uploads/2022/06/cropped-Sans-titre-18-180x180.png,logo,#5050d0 #7070d0 #9090d0 #d0d0f0,clair,,,annuaire public FFTT (carte.fftt.com),2026-09-02
10330020,UNION ST JEAN,33,Gironde,NAQ,Nouvelle-Aquitaine,Bordeaux,33000,SALLE T.T. 97 Rue Malbec,,,,sans-site,,,,,annuaire public FFTT (carte.fftt.com),2026-09-02
10330080,US BRANNE Ping Pong,33,Gironde,NAQ,Nouvelle-Aquitaine,Branne,33420,GYMNASE DU COLLEGE 43 rue du Fort Bayard,https://usbpingpong.com/,logos/33/10330080-us-branne-ping-pong.webp,https://i0.wp.com/usbpingpong.com/wp-content/uploads/2022/10/logo-usb_reserve.png?fit=960%2C960&ssl=1,logo,#f0f0f0,sombre,,,annuaire public FFTT (carte.fftt.com),2026-09-02
10330018,TT BRAUD,33,Gironde,NAQ,Nouvelle-Aquitaine,Braud Et St Louis,33820,Gymnase Henri CROTTE Route du Stade,,,,sans-site,,,,,annuaire public FFTT (carte.fftt.com),2026-09-02
10330025,E.S. BRUGES TT H.V.,33,Gironde,NAQ,Nouvelle-Aquitaine,Bruges,33520,GYMNASE ARC EN CIEL RUE JEAN CLAUDEVILLE,,,,sans-site,,,,,annuaire public FFTT (carte.fftt.com),2026-09-02
10330009,TT FARGUAIS,33,Gironde,NAQ,Nouvelle-Aquitaine,Fargues St Hilaire,33370,Le Carre des Forges 1 av. de La Laurence derriere la mairie,,,,sans-site,,,,,annuaire public FFTT (carte.fftt.com),2026-09-02
10330037,GRADIGNAN TENNIS DE TABLE,33,Gironde,NAQ,Nouvelle-Aquitaine,Gradignan,33170,SALLE T.T Rue de Branlac Domaine de Mandavit,https://gradignantt.fr/,logos/33/10330037-gradignan-tennis-de-table.webp,https://gradignantt.fr/wp-content/uploads/2019/11/GTT_logo-OK2-1.jpg,logo,#303010 #101010 #f0d010 #505050,clair,,,annuaire public FFTT (carte.fftt.com),2026-09-02
10330026,U S C HOURTIN,33,Gironde,NAQ,Nouvelle-Aquitaine,Hourtin,33990,Gymnase 1 Rue François Mitterand,,,,sans-site,,,,,annuaire public FFTT (carte.fftt.com),2026-09-02
10330121,ASTT LALANDE DE FRONSAC,33,Gironde,NAQ,Nouvelle-Aquitaine,La Lande De Fronsac,33240,SALLE PASCAL OBISPO 1365 ROUTE ROYALE,https://www.lalandeping.com/,logos/33/10330121-astt-lalande-de-fronsac.webp,https://www.lalandeping.com/wp-content/uploads/2024/09/cropped-logo_club_new-1.png,logo,#103050 #103030 #101030 #1090d0,clair,,,annuaire public FFTT (carte.fftt.com),2026-09-02
10330034,A. P. BARPAISE,33,Gironde,NAQ,Nouvelle-Aquitaine,Le Barp,33114,Salle des sports du collège 4 Rue des Bouvreuils,,,,sans-site,,,,,annuaire public FFTT (carte.fftt.com),2026-09-02
10330117,LE HAILLAN ST MEDARD TT,33,Gironde,NAQ,Nouvelle-Aquitaine,Le Haillan,33185,Salle Polyvalente Bel Air Allee Jarousse de Sillac,https://www.lehaillan-stmedard-tennisdetable.fr/page/3383837-presentation,logos/33/10330117-le-haillan-st-medard-tt.webp,https://app.assoconnect.com/services/storage?id=5934923&type=picture&secret=lb3nv6plRpV9TJVtbLssFvsIRHtrKXOacIUunR0s&timestamp=1756280890,logo,#50b0d0 #f0f0f0 #f0f0d0 #f0d090,clair,,,annuaire public FFTT (carte.fftt.com),2026-09-02
10330069,AJ TAILLAN,33,Gironde,NAQ,Nouvelle-Aquitaine,Le Taillan Medoc,33320,Salle Polyvalente Avenue du Stade,,,,sans-site,,,,,annuaire public FFTT (carte.fftt.com),2026-09-02
10330024,ASTT MACAU,33,Gironde,NAQ,Nouvelle-Aquitaine,Macau,33460,SALLE NELSON MANDELA ROUTE DE BERN,,,,sans-site,,,,,annuaire public FFTT (carte.fftt.com),2026-09-02
10330125,ASC 33 TT,33,Gironde,NAQ,Nouvelle-Aquitaine,Merignac,33700,Salle Colombier allée des acacias,,,,sans-site,,,,,annuaire public FFTT (carte.fftt.com),2026-09-02
10330052,PODENSAC ASC,33,Gironde,NAQ,Nouvelle-Aquitaine,Podensac,33720,PODENSAC ASC,,,,sans-site,,,,,annuaire public FFTT (carte.fftt.com),2026-09-02
10240026,R. PONCHAPTOISE EN PAYS FOYEN,33,Gironde,NAQ,Nouvelle-Aquitaine,Port-Sainte-Foy-Et-Ponchapt,33220,Salle Oscar GUERRY 16 Place Augustin Mourguet,,,,sans-site,,,,,annuaire public FFTT (carte.fftt.com),2026-09-02
10330038,ENTENTE PONGISTE SLP,33,Gironde,NAQ,Nouvelle-Aquitaine,Sablons,33910,Salle Polyvalente ZI Boutinard a Cote du Stade,,,,sans-site,,,,,annuaire public FFTT (carte.fftt.com),2026-09-02
10330130,TT DU SAUVETERROIS,33,Gironde,NAQ,Nouvelle-Aquitaine,Sauveterre De Guyenne,33540,COMPLEXE SPORTIF ZONE BONARD,,,,sans-site,,,,,annuaire public FFTT (carte.fftt.com),2026-09-02
10330099,ASI ILLACAISE,33,Gironde,NAQ,Nouvelle-Aquitaine,St Jean D Illac,33127,Salle de Tennis de Table 176 Impasse du Forestier,,,,sans-site,,,,,annuaire public FFTT (carte.fftt.com),2026-09-02
10330036,C A STE HELENE,33,Gironde,NAQ,Nouvelle-Aquitaine,Ste Helene,33480,Salle Omnisport Route des Landes,http://tt.ca.stehelene.free.fr/,,,aucun,,,,,annuaire public FFTT (carte.fftt.com),2026-09-02
10330086,J YVRAC,33,Gironde,NAQ,Nouvelle-Aquitaine,Yvrac,33370,Stade Municipal d Yvrac Salle Tennis de Table 1 Chemin de Mirefleurs,,,,sans-site,,,,,annuaire public FFTT (carte.fftt.com),2026-09-02
11340053,CAUX TENNIS DE TABLE,34,Hérault,OCC,Occitanie,,,,,,,sans-site,,,,,annuaire public FFTT (carte.fftt.com),2026-09-02
11340010,MONTPELLIER TT,34,Hérault,OCC,Occitanie,,,,https://www.montpelliertennisdetable.fr/page/1877157-presentation,logos/34/11340010-montpellier-tt.webp,https://app.assoconnect.com/services/storage?id=4892440&type=picture&secret=0OIu7d7kuCyU5l0VTOm4LfzG5430Hy8S3WynMSB3&timestamp=1776749982&size=small,logo,#1050b0 #3070b0 #7090d0 #90b0d0,clair,,,annuaire public FFTT (carte.fftt.com),2026-09-02
11340012,PRADES ST GELY ST CLEMENT TT,34,Hérault,OCC,Occitanie,,,,https://www.psgtennisdetable.fr/,logos/34/11340012-prades-st-gely-st-clement-tt.webp,https://image.jimcdn.com/app/cms/image/transf/none/path/s645eaddd56f0ff6a/image/i2868bbdec893d90d/version/1728572157/image.jpg,logo,#1050b0 #d0d0b0 #3050b0 #303030,clair,,,annuaire public FFTT (carte.fftt.com),2026-09-02
11340077,TENNIS DE TABLE CLARETAIN,34,Hérault,OCC,Occitanie,,,,,,,sans-site,,,,,annuaire public FFTT (carte.fftt.com),2026-09-02
11340067,AGDE TENNIS DE TABLE,34,Hérault,OCC,Occitanie,Agde,34300,"Espace Malraux MJC 2, rue Marceau",https://agdett.com/,logos/34/11340067-agde-tennis-de-table.webp,https://agdett.com/wp-content/uploads/2025/08/logo_ATT_60ans_Reduit-1.jpg,logo,#f0d010 #505050 #909090 #d0d0d0,clair,,,annuaire public FFTT (carte.fftt.com),2026-09-02
11340075,ANIANE TENNIS DE TABLE,34,Hérault,OCC,Occitanie,Aniane,34150,SALLE DES FETES PLACE Etienne Sanier,,,,sans-site,,,,,annuaire public FFTT (carte.fftt.com),2026-09-02
11340060,BEZIERS TENNIS DE TABLE,34,Hérault,OCC,Occitanie,Beziers,34500,Gymnase Colette BESSON rue de l'Hort de Monseigneur (pres du quartier de l'Iranget),https://www.bezierstennisdetable.fr/,logos/34/11340060-beziers-tennis-de-table.webp,https://cdn-cms-s-8-4.f-static.net/ready_uploads/pwaScreenLogo/pwaImage.png?width=152&height=152&resizeType=pwaIcon&w=&orderScreen=&websiteID=7622850&tranW=&v=css_y254_65878695,logo,#1090d0 #d0d0d0 #3090b0 #30b0d0,clair,,,annuaire public FFTT (carte.fftt.com),2026-09-02
11340017,MONTADY CAPESTANG MARAUSSANTT,34,Hérault,OCC,Occitanie,Capestang,34310,Gymnase Paul Bert Rue Floquet,https://cmmtt.fr/,logos/34/11340017-montady-capestang-maraussantt.webp,https://api.sportmatters.app/media/clubs/club_519_28677_xhmat.png,logo,#103070 #b01030 #b01010 #507090,clair,,,annuaire public FFTT (carte.fftt.com),2026-09-02
11340079,CASTELNAU LE LEZ TENNIS DE TABLE,34,Hérault,OCC,Occitanie,Castelnau Le Lez,34170,PALAIS DES SPORTS 515 AVENUE DE LA MONNAIE,https://castelnautt.fr/,logos/34/11340079-castelnau-le-lez-tennis-de-table.svg,https://castelnautt.fr/,logo,#cfd4db,clair,,,annuaire public FFTT (carte.fftt.com),2026-09-02
11340083,CASTRIES TENNIS DE TABLE,34,Hérault,OCC,Occitanie,Castries,34160,Foyer H. Paulet 35 avenue de Sommières,,,,sans-site,,,,,annuaire public FFTT (carte.fftt.com),2026-09-02
11340049,CLERMONT L HERAULT TT,34,Hérault,OCC,Occitanie,Clermont L Herault,34800,Gymnase Municipal 2 Centre Omnisport av. Paul Valery,https://tennisdetableclermontais.clubeo.com/,logos/34/11340049-clermont-l-herault-tt.webp,https://s3.static-clubeo.com/250/uploads/tennisdetableclermontais/logo__76jp35st9.png,logo,#1050b0 #f03050 #d03050 #3050b0,clair,,,annuaire public FFTT (carte.fftt.com),2026-09-02
11340047,COURNONTERRAL TT,34,Hérault,OCC,Occitanie,Cournonterral,34660,Salle du Peuple 19 RUE DOCTEUR OMBRAS,,,,sans-site,,,,,annuaire public FFTT (carte.fftt.com),2026-09-02
11340014,GIGEAN ASM,34,Hérault,OCC,Occitanie,Gigean,34770,"Complexe Sportif 2, rue Paul Langevin N113 (au stade)",https://asmgigeantt.clubeo.com/,logos/34/11340014-gigean-asm.webp,https://s2.static-clubeo.com/250/uploads/asmgigeantt/logo__76f0cj0ym.png,logo,#303070 #305070 #f0b0b0 #f0d0d0,clair,,,annuaire public FFTT (carte.fftt.com),2026-09-02
11340040,LAVERUNE FRTT,34,Hérault,OCC,Occitanie,Laverune,34880,Espace omnisports Avenue du Chateau,,,,sans-site,,,,,annuaire public FFTT (carte.fftt.com),2026-09-02
11340078,TT BOUSQUET D'ORB FR,34,Hérault,OCC,Occitanie,Le Bousquet D Orb,34260,HALLE DES SPORTS Chemin de la Prade,,,,sans-site,,,,,annuaire public FFTT (carte.fftt.com),2026-09-02
11340008,LE CRES SALAISON T.T.,34,Hérault,OCC,Occitanie,Le Cres,34920,salle georges Brassens impasse alfred de vigny,,,,sans-site,,,,,annuaire public FFTT (carte.fftt.com),2026-09-02
11340085,FOYER RURAL DU POUGET,34,Hérault,OCC,Occitanie,Le Pouget,34230,Espace socio culturel Les Condamines Les Condamines,https://www.foyerrurallepouget.fr/,logos/34/11340085-foyer-rural-du-pouget.webp,https://www.foyerrurallepouget.fr/hero-foyer-rural.webp,logo,#d0d0d0 #b0d0d0 #707050 #907050,clair,,,annuaire public FFTT (carte.fftt.com),2026-09-02
11340035,LESPIGNAN PPC,34,Hérault,OCC,Occitanie,Lespignan,34710,Salle polyvalente Route de Nissan,,,,sans-site,,,,,annuaire public FFTT (carte.fftt.com),2026-09-02
11340059,LUNEL TENNIS DE TABLE,34,Hérault,OCC,Occitanie,Lunel,34400,Gymnase Grande Halle Brunel Rue des Olympiades,https://luneltt.fr/,logos/34/11340059-lunel-tennis-de-table.webp,https://luneltt.fr/wp-content/uploads/2024/05/Logo_LTT_Fond_Blanc.png,logo,#1070b0 #301010 #1050b0 #3070b0,clair,,,annuaire public FFTT (carte.fftt.com),2026-09-02
11340066,MARSEILLAN TT,34,Hérault,OCC,Occitanie,Marseillan,34340,Gymnase Route de Florensac,,,,sans-site,,,,,annuaire public FFTT (carte.fftt.com),2026-09-02
11340022,MAUGUIO MJC,34,Hérault,OCC,Occitanie,Mauguio,34130,Henri FERRARI Rue Jacques Brel (face cimetiere),,,,sans-site,,,,,annuaire public FFTT (carte.fftt.com),2026-09-02
11340001,AMTT MEZE,34,Hérault,OCC,Occitanie,Meze,34140,Gymnase Bernard Jeu Rue de la Mediterranee,,,,sans-site,,,,,annuaire public FFTT (carte.fftt.com),2026-09-02
11340082,ALLIANCE NIMES-MONTPELLIER TT,34,Hérault,OCC,Occitanie,Montpellier,34090,Gymnase Alain Achille 1 Place Marcel Godechot,,,,sans-site,,,,,annuaire public FFTT (carte.fftt.com),2026-09-02
11340013,MONTPELLIER CSCM TT,34,Hérault,OCC,Occitanie,Montpellier,34070,Salle Robert Salendres 181 impasse du Mas St Pierre,https://www.cscmtt.fr/,logos/34/11340013-montpellier-cscm-tt.webp,https://www.cscmtt.fr/app/themes/cscmtt-montpellier/public/images/logo-cscm-tt-montpellier.png,logo,#b01070 #d01010 #f01010 #901070,clair,,,annuaire public FFTT (carte.fftt.com),2026-09-02
11340007,PEROLS PPC,34,Hérault,OCC,Occitanie,Pérols,34470,Gymnase de la tour Avenue Du Général Leclerc,https://www.ppcperols.com/,logos/34/11340007-perols-ppc.webp,https://www.ppcperols.com/media/uploaded/sites/10486/association/6a5224e54800c_LogoPPCP.png,logo,#303070 #f05030 #303090 #505090,clair,,,annuaire public FFTT (carte.fftt.com),2026-09-02
11340072,POMEROLS FRTT 34,34,Hérault,OCC,Occitanie,Pomerols,34810,SALLE DES FETES 4 avenue de Pézenas,,,,sans-site,,,,,annuaire public FFTT (carte.fftt.com),2026-09-02
11340071,TT34 SAUVIAN,34,Hérault,OCC,Occitanie,Sauvian,34410,Salle 2 aires jeux competition 19 rue des ecoles,,,,sans-site,,,,,annuaire public FFTT (carte.fftt.com),2026-09-02
11340086,SERIGNAN TENNIS DE TABLE 34,34,Hérault,OCC,Occitanie,Serignan,34410,Gymnase Guy PISTRE Boulevard du General De Gaulle,,,,sans-site,,,,,annuaire public FFTT (carte.fftt.com),2026-09-02
11340065,ASPTT SETE TENNIS DE TABLE,34,Hérault,OCC,Occitanie,Sète,34200,Gymnase Alfred Nakache 19 Rue Danton,,,,sans-site,,,,,annuaire public FFTT (carte.fftt.com),2026-09-02
11340003,ST FELIX DE LODEZ FR TT,34,Hérault,OCC,Occitanie,St Felix De Lodez,34725,Salle Robert Arnihac Avenue du Cardinal de Fleury,,,,sans-site,,,,,annuaire public FFTT (carte.fftt.com),2026-09-02
11340084,TEYRAN TENNIS DE TABLE,34,Hérault,OCC,Occitanie,Teyran,34820,Salle des fêtes Rue du Stade,,,,sans-site,,,,,annuaire public FFTT (carte.fftt.com),2026-09-02
11340076,FOYER RURAL DE VAILHAUQUES,34,Hérault,OCC,Occitanie,Vailhauquès,34570,SALLE PAUL BERNARD 230 Rue des Ecoles,,,,sans-site,,,,,annuaire public FFTT (carte.fftt.com),2026-09-02
11340042,VENDARGUES T.T.,34,Hérault,OCC,Occitanie,Vendargues,34740,Halle des Sports:Jacques Chirac Rue de la cave Cooperative,http://www.vendarguestt.fr/,,,aucun,,,,,annuaire public FFTT (carte.fftt.com),2026-09-02
03350021,AURORE DE VITRE TT,35,Ille-et-Vilaine,BRE,Bretagne,,,,https://aurorevitrett.fr/tt/,logos/35/03350021-aurore-de-vitre-tt.webp,http://aurorevitrett.fr/tt/wp-content/uploads/2026/05/saison2024-25_MaxG_1-300x199.jpg,logo,#101030 #705030 #b07050 #b09090,clair,,,annuaire public FFTT (carte.fftt.com),2026-09-02
03350016,CESSON O.C.,35,Ille-et-Vilaine,BRE,Bretagne,,,,https://www.occessontt.fr/,logos/35/03350016-cesson-o-c.webp,https://www.occessontt.fr/wp-content/uploads/2023/12/cropped-logo-ecusson-police-gaelige-format-FB-1-46x55.png,logo,#d01030 #103050 #f0f010 #909010,clair,,,annuaire public FFTT (carte.fftt.com),2026-09-02
03350199,JANZÉ TENNIS DE TABLE,35,Ille-et-Vilaine,BRE,Bretagne,,,,https://www.janzeping.fr/,logos/35/03350199-janze-tennis-de-table.webp,https://www.janzeping.fr/media/uploaded/sites/13689/association/6a33e88591a6a_logojanzepingfreddyv2.png,logo,#f03030 #303030 #d0d0d0 #b0b0b0,clair,,,annuaire public FFTT (carte.fftt.com),2026-09-02
03350136,MONTFORT T.T.,35,Ille-et-Vilaine,BRE,Bretagne,,,,https://www.montforttt35.com/,logos/35/03350136-montfort-t-t.webp,https://www.montforttt35.com/mub-535-296-edecec/11276/produit/68b07a9641545_maillotAndroAvos.jpg,logo,#101010 #303030 #f0f0f0 #301010,clair,,,annuaire public FFTT (carte.fftt.com),2026-09-02
03350066,RAQUETTE D OR A.T.T.,35,Ille-et-Vilaine,BRE,Bretagne,,,,https://raquettedor.kalisport.com/,logos/35/03350066-raquette-d-or-a-t-t.webp,https://raquettedor.kalisport.com/public/467/upload/theme/kal-theme-logo-header_1.png,logo,#b0b070 #b09050 #909050 #909030,clair,,,annuaire public FFTT (carte.fftt.com),2026-09-02
03350049,RENNES AVENIR,35,Ille-et-Vilaine,BRE,Bretagne,,,,https://www.avenirderennestt.fr/,logos/35/03350049-rennes-avenir.webp,https://www.avenirderennestt.fr/wp-content/uploads/2021/09/Intersport.jpg,logo,#d01010 #103090 #305090 #f0d0d0,clair,,,annuaire public FFTT (carte.fftt.com),2026-09-02
03350011,RENNES CERCLE PAUL BERT,35,Ille-et-Vilaine,BRE,Bretagne,,,,https://cpbrennestt.fr/,logos/35/03350011-rennes-cercle-paul-bert.webp,https://cpbrennestt.fr/public/2903/upload/theme/kal-theme-logo-header.png,logo,,sombre,,,annuaire public FFTT (carte.fftt.com),2026-09-02
03350014,RENNES TOUR D AUVERGNE,35,Ille-et-Vilaine,BRE,Bretagne,,,,https://ping.tourdauvergneasso.com/,logos/35/03350014-rennes-tour-d-auvergne.webp,https://ping.tourdauvergneasso.com/wp-content/uploads/2024/11/TA-100.png,logo,#f09010 #d0d0d0 #909090 #f0d070,clair,,,annuaire public FFTT (carte.fftt.com),2026-09-02
03350060,THORIGNE-FOUILLARD T.T.,35,Ille-et-Vilaine,BRE,Bretagne,,,,http://thorigne-tt.fr,,,aucun,,,,,annuaire public FFTT (carte.fftt.com),2026-09-02
03350209,TT FOUGERES-JAVENE-LECOUSSE,35,Ille-et-Vilaine,BRE,Bretagne,,,,https://ttfjl.fr/,logos/35/03350209-tt-fougeres-javene-lecousse.webp,https://ttfjl.fr/wp-content/uploads/2017/01/Bannière.png,logo,#d01010 #505050 #303030 #f07070,clair,,,annuaire public FFTT (carte.fftt.com),2026-09-02
03350022,U.S. VERN,35,Ille-et-Vilaine,BRE,Bretagne,,,,https://usverntt.fr/,,,aucun,,,,,annuaire public FFTT (carte.fftt.com),2026-09-02
03350217,LES JEUNES D'ARGENTRE TT,35,Ille-et-Vilaine,BRE,Bretagne,Argentre Du Plessis,35370,LES JEUNES D'ARGENTRE TT 6 rue Ambroise Pare a cote du cinema,https://www.jeunesargentre.fr/,logos/35/03350217-les-jeunes-d-argentre-tt.svg,https://www.jeunesargentre.fr/logo.svg,logo,,clair,,,annuaire public FFTT (carte.fftt.com),2026-09-02
03350074,ROZ-BAGUER U.P.,35,Ille-et-Vilaine,BRE,Bretagne,Baguer Morvan,35120,SALLE DES SPORTS RUE AMIRAL DUPERRE B.M. SALLE POLYVALENTE ROZ,http://www.union-pongiste-roz-baguer.org,,,aucun,,,,,annuaire public FFTT (carte.fftt.com),2026-09-02
03350091,AS BAIN DE BRETAGNE TT,35,Ille-et-Vilaine,BRE,Bretagne,Bain De Bretagne,35470,COMPLEXE DU CHENE VERT,https://usbain-tennisdetable.sportsregions.fr/,,,aucun,,,,,annuaire public FFTT (carte.fftt.com),2026-09-02
03350203,TT BAULON ST THURIAL,35,Ille-et-Vilaine,BRE,Bretagne,Baulon,35580,Salle des Sports allee des Lauriers,http://ttbstt.free.fr/,logos/35/03350203-tt-baulon-st-thurial.webp,https://www.ttbstt.fr/img/logo-transparent.png,logo,#101010 #f01010 #b01010 #303030,clair,,,annuaire public FFTT (carte.fftt.com),2026-09-02
03350161,BETTONNAIS C.S.,35,Ille-et-Vilaine,BRE,Bretagne,Betton,35830,Complexe Sportif des Omblais Avenue de Moretorharpstead Salle spécifique Tennis de Table,https://csbettontt.kalisport.com/,logos/35/03350161-bettonnais-c-s.webp,https://csbettontt.kalisport.com/public/5155/upload/theme/kal-theme-logo-header.jpg,logo,#1070b0 #5090d0 #d0f0f0 #3090d0,clair,,,annuaire public FFTT (carte.fftt.com),2026-09-02
03350025,GRANIT BLEU T.T.,35,Ille-et-Vilaine,BRE,Bretagne,Bonnemain,35270,SALLE POLYVALENTE LA POTERIE,https://gbtt-bonnemain.clubeo.com/,logos/35/03350025-granit-bleu-t-t.webp,https://s1.static-clubeo.com/250/uploads/gbtt-bonnemain/logo__76a9t1qai.png,logo,#b0b0b0 #707090 #9090b0 #505050,clair,,,annuaire public FFTT (carte.fftt.com),2026-09-02
03350210,T.T. BOURG DES COMPTES,35,Ille-et-Vilaine,BRE,Bretagne,Bourg Des Comptes,35890,Complexe Municipal des Noes Route de Laillé,http://ttbdc.free.fr/,,,aucun,,,,,annuaire public FFTT (carte.fftt.com),2026-09-02
03350215,AS TT BREAL,35,Ille-et-Vilaine,BRE,Bretagne,Breal Sous Montfort,35310,Complexe Sportif Colette Besson rue de Bruz,,,,sans-site,,,,,annuaire public FFTT (carte.fftt.com),2026-09-02
03350207,RAQUETTE BRECEENNE,35,Ille-et-Vilaine,BRE,Bretagne,Brece,35530,Salle omnisports Rue du Languedoc,https://www.raquettebreceenne.com/,logos/35/03350207-raquette-breceenne.webp,https://www.raquettebreceenne.com/image_news/736.jpg,logo,#503010 #909070 #909090 #707050,clair,,,annuaire public FFTT (carte.fftt.com),2026-09-02
03350023,BRETEILLAISE T.T. ASS.,35,Ille-et-Vilaine,BRE,Bretagne,Breteil,35160,Salle Polyvalente Yvon Charles Rue de Montfort Derriere l'ecole publique,https://www.breteiltennisdetable.fr/,logos/35/03350023-breteillaise-t-t-ass.webp,https://lh3.googleusercontent.com/sitesv/AG8ngQUiyv4L6iiM4R1XPMSV8MJq4qHcu0BXmxtA4_8XVion3lhKn31jXiIIkbAAn-j8Ymacim5jwlrKHukW8c5Dc6jZE52lwiE-EekaYUrX_7qhC1HACdkcj4Au0kf-SdOf6XtV8x9MKz9KfueOfvaRH-ydF6ki8GFKZ_1D-mNp3ZxB30wVyJXAtNsQLoHrofs=w16383,logo,#901010 #505050 #303030 #707070,clair,,,annuaire public FFTT (carte.fftt.com),2026-09-02
03350030,BRUZ AMICALE LAIQUE,35,Ille-et-Vilaine,BRE,Bretagne,Bruz,35170,COSEC Siméon Beliard - Salle Eric TABARLY Rue Pierre de Coubertin,https://bruz-tennisdetable.fr/,logos/35/03350030-bruz-amicale-laique.webp,https://bruz-tennisdetable.fr/public/2559/upload/theme/kal-theme-logo-header.png,logo,#f0f010 #707070 #b0b0b0 #909090,clair,,,annuaire public FFTT (carte.fftt.com),2026-09-02
03350232,US CHANTELOUP TENNIS DE TABLE,35,Ille-et-Vilaine,BRE,Bretagne,Chanteloup,35150,SALLE DES SPORTS RUE DES SPORTS,https://chanteloup-tt.clubeo.com/,logos/35/03350232-us-chanteloup-tennis-de-table.webp,https://s2.static-clubeo.com/250/uploads/chanteloup-tt/logo__76jgthw41.png,logo,#707070 #505050 #909090 #b0b0b0,clair,,,annuaire public FFTT (carte.fftt.com),2026-09-02
03350127,CHANTEPIE A.S.,35,Ille-et-Vilaine,BRE,Bretagne,Chantepie,35135,Salle Pierre de Coubertin STADE ALBERT CHENARD,,,,sans-site,,,,,annuaire public FFTT (carte.fftt.com),2026-09-02
03350041,CHARTRES ESPERANCE,35,Ille-et-Vilaine,BRE,Bretagne,Chartres De Bretagne,35131,SALLE ANNEXE HALLE DES SPORTS pres College FONTENAY,,,,sans-site,,,,,annuaire public FFTT (carte.fftt.com),2026-09-02
03350095,CHATEAUGIRON T.T.,35,Ille-et-Vilaine,BRE,Bretagne,Chateaugiron,35410,Salle de la Gironde Place de la Gironde Accès par la Rue Sainte Croix,https://www.chateaugiron-tt.com/,logos/35/03350095-chateaugiron-t-t.webp,https://image.jimcdn.com/app/cms/image/transf/dimension=254x10000:format=jpg/path/s3a2efb20c41b7489/image/i6cfe317543b15467/version/1784043485/image.jpg,logo,#f0f0f0 #90b0d0 #d0d0d0 #7090b0,clair,,,annuaire public FFTT (carte.fftt.com),2026-09-02
03350031,CLAYES TENNIS DE TABLE,35,Ille-et-Vilaine,BRE,Bretagne,Clayes,35590,Salle polyvalente PLACE DE L'EGLISE,,,,sans-site,,,,,annuaire public FFTT (carte.fftt.com),2026-09-02
03350235,DINGE TENNIS DE TABLE,35,Ille-et-Vilaine,BRE,Bretagne,Dinge,35440,Salle Omnisport Rue Tanouarn,,,,sans-site,,,,,annuaire public FFTT (carte.fftt.com),2026-09-02
03350237,GEVEZE TENNIS DE TABLE AS,35,Ille-et-Vilaine,BRE,Bretagne,Geveze,35850,Salle Paul Dann Rue de Romille Complexe Sportif,https://asgevezett.sportsregions.fr/,,,aucun,,,,,annuaire public FFTT (carte.fftt.com),2026-09-02
03350044,GOVENAIS T.T.,35,Ille-et-Vilaine,BRE,Bretagne,Goven,35580,Salle multisports Rue du Stade,,,,sans-site,,,,,annuaire public FFTT (carte.fftt.com),2026-09-02
03350236,GUIGNEN TENNIS DE TABLE,35,Ille-et-Vilaine,BRE,Bretagne,Guignen,35580,SALLE DES VERGERS 4 Rue Des Vergers,,,,sans-site,,,,,annuaire public FFTT (carte.fftt.com),2026-09-02
03350169,GUIPRY-MESSAC U.S,35,Ille-et-Vilaine,BRE,Bretagne,Guipry,35480,SALLE DES SPORTS rue de la Chapelle PARC INTERCOMMUNAL,http://www.usgm-tt.fr,,,aucun,,,,,annuaire public FFTT (carte.fftt.com),2026-09-02
03350130,IFFENDIC E.S.,35,Ille-et-Vilaine,BRE,Bretagne,Iffendic,35750,Salle Omnisports Rue du Stade,,,,sans-site,,,,,annuaire public FFTT (carte.fftt.com),2026-09-02
03350160,CHAPELLE DES FTZ ACSL,35,Ille-et-Vilaine,BRE,Bretagne,La Chapelle Des Fougeretz,35520,Salle Omnisports RUE DE RENNES,,,,sans-site,,,,,annuaire public FFTT (carte.fftt.com),2026-09-02
03350224,TT DU PAYS DE GRAND FOUGERAY,35,Ille-et-Vilaine,BRE,Bretagne,La Dominelais,35390,SALLE DES SPORTS 1 RUE DES ARCADES,,,,sans-site,,,,,annuaire public FFTT (carte.fftt.com),2026-09-02
03350156,TENNIS DE TABLE GUERCHAIS,35,Ille-et-Vilaine,BRE,Bretagne,La Guerche De Bretagne,35130,"Salle Omnisports Municipale 13, RUE DE LA VANNERIE",,,,sans-site,,,,,annuaire public FFTT (carte.fftt.com),2026-09-02
03350003,LA MEZIERE A.S. T.T.,35,Ille-et-Vilaine,BRE,Bretagne,La Meziere,35520,SALLE ORION RUE TEXUE ROUTE DE PACE,https://asttlameziere.fr/,logos/35/03350003-la-meziere-a-s-t-t.webp,https://asttlameziere.fr/public/6150/upload/theme/kal-theme-logo-header.png,logo,#f0d050 #f0f050 #30b0f0 #303030,clair,,,annuaire public FFTT (carte.fftt.com),2026-09-02
03350227,LA RICHARDAIS PING,35,Ille-et-Vilaine,BRE,Bretagne,La Richardais,35780,Salle Omnisports Rue des Étangs,https://larichardaisping.sportsregions.fr/,logos/35/03350227-la-richardais-ping.webp,https://larichardaisping.sportsregions.fr/media/uploaded/sites/13923/association/6a45877bf1d09_IMG9943.jpeg,logo,#101030 #103030 #303050 #303030,clair,,,annuaire public FFTT (carte.fftt.com),2026-09-02
03350102,LAILLE TT US,35,Ille-et-Vilaine,BRE,Bretagne,Laille,35890,SALLE DE L'ARCHIPEL RUE DU STADE ESPACE MEZZANINE,,,,sans-site,,,,,annuaire public FFTT (carte.fftt.com),2026-09-02
03350029,LANGON ESPERANCE SPORTIVE,35,Ille-et-Vilaine,BRE,Bretagne,Langon,35660,SALLE Omnisports Rue du Stade,,,,sans-site,,,,,annuaire public FFTT (carte.fftt.com),2026-09-02
03350212,SPORTING CLUB LE RHEU,35,Ille-et-Vilaine,BRE,Bretagne,Le Rheu,35650,Mariette Nansot rue de L'Hermitage,,,,sans-site,,,,,annuaire public FFTT (carte.fftt.com),2026-09-02
03350125,LIEURON AVENIR,35,Ille-et-Vilaine,BRE,Bretagne,Lieuron,35550,COMPLEXE SPORTIF,,,,sans-site,,,,,annuaire public FFTT (carte.fftt.com),2026-09-02
03350067,LIFFRE U.S.,35,Ille-et-Vilaine,BRE,Bretagne,Liffre,35340,Salle Omnisports Rue Jules Ferry,https://www.tennisdetable.usliffre.org/,,,aucun,,,,,annuaire public FFTT (carte.fftt.com),2026-09-02
03350225,LES P'TITES RAQUETTES DE LOUVIGN,35,Ille-et-Vilaine,BRE,Bretagne,Louvigne De Bais,35680,SALLE DES SPORTS COMPLEXE SPORTIF,,,,sans-site,,,,,annuaire public FFTT (carte.fftt.com),2026-09-02
03350238,CS LOUVIGNE TT,35,Ille-et-Vilaine,BRE,Bretagne,Louvigne Du Desert,35420,SALLE SPECIFIQUE COMPLEXE YVES DERIEUX,,,,sans-site,,,,,annuaire public FFTT (carte.fftt.com),2026-09-02
03350048,MELESSE PING,35,Ille-et-Vilaine,BRE,Bretagne,Melesse,35520,Salle Multifonctions du Champ Courtin 5 Mail du Champ Courtin,https://www.melesseping.net/,logos/35/03350048-melesse-ping.webp,https://www.melesseping.net/0_wp-4.5-fr_FR/wp-content/uploads/2015/12/g42023_logo_v21_Melesse_P_transparence_Large_Small.png,aucun,#b01010 #f01010 #f0d0d0 #f0b0b0,clair,,,annuaire public FFTT (carte.fftt.com),2026-09-02
03350047,MONTAUBAN DE BRETAGNE O.C.,35,Ille-et-Vilaine,BRE,Bretagne,Montauban De Bretagne,35360,COMPLEXE SPORTIF DE LA METAIRIE NEUVE - Salle HAMON 1 Place Bischberg,https://ocmtennisdetable.com/,logos/35/03350047-montauban-de-bretagne-o-c.webp,https://ocmtennisdetable.com/wp-content/uploads/2024/06/logo-LBTT.png,logo,#909090 #f0b050 #1070b0 #f09010,clair,,,annuaire public FFTT (carte.fftt.com),2026-09-02
03350063,MONTGERMONT TT,35,Ille-et-Vilaine,BRE,Bretagne,Montgermont,35760,"Salle Omnisports (annexe) 2, rue des Courtines acces via la rue du Manoir",http://www.ttmontgermont.com/,,,aucun,,,,,annuaire public FFTT (carte.fftt.com),2026-09-02
03350222,OLYMPIC MONTREUIL LANDAVRAN,35,Ille-et-Vilaine,BRE,Bretagne,Montreuil Sous Perouse,35500,Salle de sport Moulin Neufs,,,,sans-site,,,,,annuaire public FFTT (carte.fftt.com),2026-09-02
03350183,MORDELLES J.A.,35,Ille-et-Vilaine,BRE,Bretagne,Mordelles,35310,SALLE OMNISPORTS PLACE COUBERTIN,https://jamordellestt.sportsregions.fr/,logos/35/03350183-mordelles-j-a.webp,https://jamordellestt.sportsregions.fr/media/uploaded/sites/14937/association/68e38ef88df9e_64f57176163acmordelleslogo.png200x200.png,logo,#d0d0d0 #b0b0b0 #909090 #f0f0f0,clair,,,annuaire public FFTT (carte.fftt.com),2026-09-02
03350122,HAUTE VILAINE TT,35,Ille-et-Vilaine,BRE,Bretagne,Noyal Sur Vilaine,35530,Salle Nominoe (TT Haute Vilaine) rue Julien Neveu,https://www.tt-hautevilaine.fr/,logos/35/03350122-haute-vilaine-tt.webp,https://www.tt-hautevilaine.fr/file/si119016/favicon%2032%20tennis%20de%20table-fi2125168.ico,favicon,#b0b0b0 #707070 #d0d0d0 #f0f0f0,clair,,,annuaire public FFTT (carte.fftt.com),2026-09-02
03350142,A.S.T.T.ORGERES,35,Ille-et-Vilaine,BRE,Bretagne,Orgeres,35230,Salle TENNIS DE TABLE SALLE DES FETES RUE DES SPORTS,,,,sans-site,,,,,annuaire public FFTT (carte.fftt.com),2026-09-02
03350065,PACE/ST GREGOIRE T.T. ENT.,35,Ille-et-Vilaine,BRE,Bretagne,Pace,35740,Complexe Sportif Jean Chassebœuf 54 Av. le Brix,,,,sans-site,,,,,annuaire public FFTT (carte.fftt.com),2026-09-02
03350050,MEDREAC-QUEDILLAC U.P.,35,Ille-et-Vilaine,BRE,Bretagne,Quedillac,35290,SALLE POLYVALENTE RUE DE LA GARE,https://medreacquedillac-tt.sportsregions.fr/,logos/35/03350050-medreac-quedillac-u-p.webp,https://medreacquedillac-tt.sportsregions.fr/media/uploaded/sites/16308/association/635d76063154d_5e385bc937d2eupmq5.png,logo,#f0f0f0 #f0d0d0 #f0f0d0 #d0d0d0,sombre,,,annuaire public FFTT (carte.fftt.com),2026-09-02
03350055,TENNIS DE TABLE REDON,35,Ille-et-Vilaine,BRE,Bretagne,Redon,35600,GYMNASE du COLLEGE BELLEVUE 11 AVENUE du PELERIN,https://ttredon.sportsregions.fr/,logos/35/03350055-tennis-de-table-redon.webp,https://ttredon.sportsregions.fr/media/uploaded/sites/2589/association/5bab7cfedee33_TTREDONnouveaulogo.jpg,logo,#303050 #30b0d0 #30b0b0 #107090,clair,,,annuaire public FFTT (carte.fftt.com),2026-09-02
03350233,CORPO 35 TT,35,Ille-et-Vilaine,BRE,Bretagne,Rennes,35000,Comite 35 tennis de table 13 B avenue de Cucille,,,,sans-site,,,,,annuaire public FFTT (carte.fftt.com),2026-09-02
03350132,ST AUBIN DU CORMIER ASSA TT,35,Ille-et-Vilaine,BRE,Bretagne,St Aubin Du Cormier,35140,SALLE OMNISPORTS RUE DU STADE,https://assatt.fr/,logos/35/03350132-st-aubin-du-cormier-assa-tt.webp,https://assatt.fr/wp-content/uploads/2023/06/logo_assatt_v2_80x80.png,logo,#f0d050 #707070 #d0d0d0 #909090,clair,,,annuaire public FFTT (carte.fftt.com),2026-09-02
03350221,FREMUR PONGISTE,35,Ille-et-Vilaine,BRE,Bretagne,St Briac Sur Mer,35800,SALLE OMNISPORT VALLEE GATORGE en face camping municipal,,,,sans-site,,,,,annuaire public FFTT (carte.fftt.com),2026-09-02
03350226,SAINT-DIDIER CHATEAUBOURG TT,35,Ille-et-Vilaine,BRE,Bretagne,St Didier,35220,SALLE DES SPORTS RUE DE LA VALLEE,,,,sans-site,,,,,annuaire public FFTT (carte.fftt.com),2026-09-02
03350148,ST GILLES U.S.,35,Ille-et-Vilaine,BRE,Bretagne,St Gilles,35590,SALLE OMNISPORTS Rue des sports Local Sportif,https://www.us-saintgilles35.org/,logos/35/03350148-st-gilles-u-s.webp,https://www.us-saintgilles35.org/wp-content/uploads/2023/11/logo-ussg.png,logo,#f0f0f0 #f0d0d0 #f0b0b0 #f07070,clair,,,annuaire public FFTT (carte.fftt.com),2026-09-02
03350092,JACQUOLANDIN Tennis de Table,35,Ille-et-Vilaine,BRE,Bretagne,St Jacques De La Lande,35136,JACQUOLANDIN T.T. 61 RUE DE LA PILATE,,,,sans-site,,,,,annuaire public FFTT (carte.fftt.com),2026-09-02
03350223,SAINT JOUAN TENNIS DE TABLE,35,Ille-et-Vilaine,BRE,Bretagne,St Jouan Des Guerets,35430,Complexe Sportif rue du Fougeray,,,,sans-site,,,,,annuaire public FFTT (carte.fftt.com),2026-09-02
03350009,CJF / SAINT-MALO U.P.,35,Ille-et-Vilaine,BRE,Bretagne,St Malo,35400,SALLE DE BELLEVUE RUE DESCARTES,https://www.cjf-upsm.com/,logos/35/03350009-cjf-saint-malo-u-p.webp,https://www.cjf-upsm.com/media/uploaded/sites/10365/association/66e8952ae3c0b_StMalo.png,logo,#101090 #f01010 #103090 #d01010,clair,,,annuaire public FFTT (carte.fftt.com),2026-09-02
03350054,SAINT MEDARD T.T.,35,Ille-et-Vilaine,BRE,Bretagne,St Medard Sur Ille,35250,SALLE DES SPORTS 10 Rue des Sports,https://saintmedardtt.kalisport.com/,logos/35/03350054-saint-medard-t-t.webp,https://saintmedardtt.kalisport.com/public/9242/upload/theme/kal-theme-logo-header.png,logo,#103050 #101030 #f0d010 #101050,clair,,,annuaire public FFTT (carte.fftt.com),2026-09-02
03350090,LA MELORIENNE,35,Ille-et-Vilaine,BRE,Bretagne,St Meloir Des Ondes,35350,Complexe sportif la vallee verte La Vallee Verte,,,,sans-site,,,,,annuaire public FFTT (carte.fftt.com),2026-09-02
03350045,TAILLIS ST CHRISTOPHE BOIS ES,35,Ille-et-Vilaine,BRE,Bretagne,Taillis,35500,Salle des Sports,,,,sans-site,,,,,annuaire public FFTT (carte.fftt.com),2026-09-02
03350113,TALENSAC PONGISTE CLUB,35,Ille-et-Vilaine,BRE,Bretagne,Talensac,35160,Salle Polyvalente Rue de la Hunaudière,,,,sans-site,,,,,annuaire public FFTT (carte.fftt.com),2026-09-02
03350027,ILLE ET RANCE TT,35,Ille-et-Vilaine,BRE,Bretagne,Tinteniac,35190,Espace Sportif Communautaire rue Ernest Renan,https://irtt-tinteniac.clubeo.com/,logos/35/03350027-ille-et-rance-tt.webp,https://irtt-tinteniac.clubeo.com/uploads/irtt-tinteniac/shield.png,logo,#1070d0 #d0f0d0 #3090d0 #b0d0d0,clair,,,annuaire public FFTT (carte.fftt.com),2026-09-02
03350150,US TREMBLAY,35,Ille-et-Vilaine,BRE,Bretagne,Tremblay,35460,Salle omnisports Rue des Trembles,https://www.ustremblaytt.fr/,logos/35/03350150-us-tremblay.webp,https://s0.wp.com/i/blank.jpg,logo,,sombre,,,annuaire public FFTT (carte.fftt.com),2026-09-02
04360728,US Le Poinçonnet Tennis de Table,36,Indre,CVL,Centre-Val de Loire,,,,https://www.uspoinconnettennisdetable.fr/,logos/36/04360728-us-le-poinconnet-tennis-de-table.webp,https://lh3.googleusercontent.com/sitesv/AG8ngQXmlIKliN5q_xyQKcnpkjBb567hYDm6xFRKZTS5e-nGdkGNfzjZ2mpXK0P2OlWqil2ExX3a1RIGUodChb8dO1b7mMIRLaL4IOfrxKyIp7Xj8XrwYg9gatjfsiVyWskZhWEVnpjhuAXnc00U3QgmGTnk_aFd73n_gz1i_dgsa3IZ5f0=w16383,logo,#d0f0f0 #f0f0f0 #70b0d0 #70b0f0,clair,,,annuaire public FFTT (carte.fftt.com),2026-09-02
04360725,AIGURANDE TT,36,Indre,CVL,Centre-Val de Loire,Aigurande,36140,GYMNASE MUNICIPAL 9 RUE DE L'EUROPE,,,,sans-site,,,,,annuaire public FFTT (carte.fftt.com),2026-09-02
04360727,ASS.TT AMBRAULT,36,Indre,CVL,Centre-Val de Loire,Ambrault,36120,SALLE DES SPORTS CHEMIN DE L'ECHELLE,,,,sans-site,,,,,annuaire public FFTT (carte.fftt.com),2026-09-02
04360123,US.ARGENTON,36,Indre,CVL,Centre-Val de Loire,Argenton Sur Creuse,36200,ABBE PHILIPPE NAUDIN ALLEE DES ACACIAS,,,,sans-site,,,,,annuaire public FFTT (carte.fftt.com),2026-09-02
04360732,ARTHON TENNIS DE TABLE,36,Indre,CVL,Centre-Val de Loire,Arthon,36330,Gymnase d'Arthon Chemin du Stade,,,,sans-site,,,,,annuaire public FFTT (carte.fftt.com),2026-09-02
04360343,CLUB PONGISTES BUZANCEENS,36,Indre,CVL,Centre-Val de Loire,Buzancais,36500,MAISON DES CLUBS PLACE DU GENERAL DE GAULLE,,,,sans-site,,,,,annuaire public FFTT (carte.fftt.com),2026-09-02
04360730,CTT CEAULMONT-LES GRANGES,36,Indre,CVL,Centre-Val de Loire,Ceaulmont,36200,SALLE DES FETES Le Pierret,,,,sans-site,,,,,annuaire public FFTT (carte.fftt.com),2026-09-02
04360341,A.T.T. CHABRIS,36,Indre,CVL,Centre-Val de Loire,Chabris,36210,Complexe Sportif de Villeret Rue de Villeret,,,,sans-site,,,,,annuaire public FFTT (carte.fftt.com),2026-09-02
04360340,A S P O CHATEAUROUX,36,Indre,CVL,Centre-Val de Loire,Châteauroux,36000,Salle de TT Jean CALLAIS Rue Pierre Gaultier,,,,sans-site,,,,,annuaire public FFTT (carte.fftt.com),2026-09-02
04360454,BERRICHONNE-CHATEAUROUX,36,Indre,CVL,Centre-Val de Loire,Chateauroux,36000,GYMN.Georges FAURT 10 ALLEE BEAUMARCHAIS,https://www.laberrichonnetennisdetable.com/,logos/36/04360454-berrichonne-chateauroux.webp,"https://static.wixstatic.com/media/40c222_5236dcb4bafe430592b96796ab96fa01~mv2.png/v1/fill/w_202,h_202,al_c,lg_1,q_85,enc_avif,quality_auto/LOGO%20LBCTT.png",logo,#d0d0d0 #b0b0b0 #909090 #f0f0f0,clair,,,annuaire public FFTT (carte.fftt.com),2026-09-02
04360724,CORPO36 TENNIS DE TABLE,36,Indre,CVL,Centre-Val de Loire,Chateauroux,36000,LA BERRICHONNE 10 ALLEE DE BEAUMARCHAIS,,,,sans-site,,,,,annuaire public FFTT (carte.fftt.com),2026-09-02
04360653,LA CHATILLONNAISE TENNIS DETABLE,36,Indre,CVL,Centre-Val de Loire,Chatillon Sur Indre,36700,MAISON DES ASSOCIATIONS RUE DES PONTS LA TANNERIE,,,,sans-site,,,,,annuaire public FFTT (carte.fftt.com),2026-09-02
04360002,CTT.DEOLS,36,Indre,CVL,Centre-Val de Loire,Deols,36130,COMPL.SP.MARCEL LEMOINE AV.PAUL LANGEVIN,,,,sans-site,,,,,annuaire public FFTT (carte.fftt.com),2026-09-02
04360009,PING PONG CLUB ISSOLDUNOIS,36,Indre,CVL,Centre-Val de Loire,Issoudun,36100,PING PONG CLUB ISSOLDUNOIS 18 Rue du Bat le tan,,,,sans-site,,,,,annuaire public FFTT (carte.fftt.com),2026-09-02
04360124,TT.BRENNE LE BLANC,36,Indre,CVL,Centre-Val de Loire,Le Blanc,36300,ANCIEN CENTRE DE SECOURS RUE STE CATHERINE,,,,sans-site,,,,,annuaire public FFTT (carte.fftt.com),2026-09-02
04360005,CP. LEVROUX,36,Indre,CVL,Centre-Val de Loire,Levroux,36110,Gymnase Michel Moulin 1 Avenue des Arènes,,,,sans-site,,,,,annuaire public FFTT (carte.fftt.com),2026-09-02
04360481,A.T.T. LUANT,36,Indre,CVL,Centre-Val de Loire,Luant,36350,SALLE OMNISPORT Rue du 8 Mai 1945,,,,sans-site,,,,,annuaire public FFTT (carte.fftt.com),2026-09-02
04360605,C.2T MARTIZAY,36,Indre,CVL,Centre-Val de Loire,Martizay,36220,MONTICELLO 10 PL.DU CHAMP DE FOIRE,,,,sans-site,,,,,annuaire public FFTT (carte.fftt.com),2026-09-02
04360315,US TENNIS DE TABLE LA CHATRE,36,Indre,CVL,Centre-Val de Loire,Montgivray,36400,Salle TT Raymond CATENNE ZI - Les Ribattes,https://tt-la-chatre.clubeo.com/,logos/36/04360315-us-tennis-de-table-la-chatre.webp,https://s1.static-clubeo.com/250/uploads/tt-la-chatre/logo__76jn4wrff.png,logo,#707010 #f0f010 #303010 #101010,clair,,,annuaire public FFTT (carte.fftt.com),2026-09-02
04360733,TENNIS DE TABLE DE NIHERNE,36,Indre,CVL,Centre-Val de Loire,Niherne,36250,Salle des fêtes Le scén'art 1 Place de l'Église,,,,sans-site,,,,,annuaire public FFTT (carte.fftt.com),2026-09-02
04360721,ASTT PRUNIERS,36,Indre,CVL,Centre-Val de Loire,Pruniers,36120,Complexe Sportif 17 Route de Châteauroux,,,,sans-site,,,,,annuaire public FFTT (carte.fftt.com),2026-09-02
04360726,CTT REUILLOIS,36,Indre,CVL,Centre-Val de Loire,Reuilly,36260,HALLE DES SPORTS JP BERLOT ROUTE DU STADE,,,,sans-site,,,,,annuaire public FFTT (carte.fftt.com),2026-09-02
04360707,US SAINT MAUR,36,Indre,CVL,Centre-Val de Loire,Saint Maur,36250,Gymnase Les Planches 4 Rue de Niherne,,,,sans-site,,,,,annuaire public FFTT (carte.fftt.com),2026-09-02
04360723,CLUB.PONGISTE. SAINT CYPRIEN,36,Indre,CVL,Centre-Val de Loire,St Civran,36170,Salle de l'ancienne ecole Place St Cyprien,,,,sans-site,,,,,annuaire public FFTT (carte.fftt.com),2026-09-02
04360453,CLUB PONGISTE VATANAIS,36,Indre,CVL,Centre-Val de Loire,Vatan,36150,GYMNASE RUE FERDINAND DE LESSEPS,,,,sans-site,,,,,annuaire public FFTT (carte.fftt.com),2026-09-02
04360729,THEO PING VILLEDIEU TT,36,Indre,CVL,Centre-Val de Loire,Villedieu Sur Indre,36320,"Theo sport 2,allee de mehun",,,,sans-site,,,,,annuaire public FFTT (carte.fftt.com),2026-09-02
04370596,A.T.T. LANGEAIS-CINQ-MARS,37,Indre-et-Loire,CVL,Centre-Val de Loire,,,,https://attlcm.fr/,logos/37/04370596-a-t-t-langeais-cinq-mars.webp,https://attlcm.fr/wp-content/uploads/2023/08/logo-attlcm-web.png,logo,#303030 #1090f0 #103050 #101030,clair,,,annuaire public FFTT (carte.fftt.com),2026-09-02
04370533,Azay-Le-Rideau ESRTT,37,Indre-et-Loire,CVL,Centre-Val de Loire,,,,https://www.esrtt.fr,,,aucun,,,,,annuaire public FFTT (carte.fftt.com),2026-09-02
04370637,E.S. OESIENNE,37,Indre-et-Loire,CVL,Centre-Val de Loire,,,,,,,sans-site,,,,,annuaire public FFTT (carte.fftt.com),2026-09-02
04370269,ST-AVERTIN SPORTS TT,37,Indre-et-Loire,CVL,Centre-Val de Loire,,,,https://www.sas-tennisdetable.fr/,logos/37/04370269-st-avertin-sports-tt.webp,https://www.sas-tennisdetable.fr/wp-content/uploads/2022/11/logo_SASTT_A-300x136.jpg,logo,#b0b0b0 #d0d0d0 #d0f0d0 #f0f0f0,clair,,,annuaire public FFTT (carte.fftt.com),2026-09-02
04370566,T.T. JOUE-LES-TOURS,37,Indre-et-Loire,CVL,Centre-Val de Loire,,,,https://www.ttjoue.fr/,logos/37/04370566-t-t-joue-les-tours.webp,https://www.ttjoue.fr/wp-content/themes/Divi/images/logo.png,logo,#707070 #707090,clair,,,annuaire public FFTT (carte.fftt.com),2026-09-02
04370583,ASSOCIATION PONGISTE ABILLY,37,Indre-et-Loire,CVL,Centre-Val de Loire,Abilly,37160,CENTRE SOCIO-EDUCATIF ET SPORTIF M. HUGUET AVENUE DES TERMELLES,,,,sans-site,,,,,annuaire public FFTT (carte.fftt.com),2026-09-02
04370396,ES AMBILLOU,37,Indre-et-Loire,CVL,Centre-Val de Loire,Ambillou,37340,SALLE DE TENNIS DE TABLE TERRAIN DES SPORTS,,,,sans-site,,,,,annuaire public FFTT (carte.fftt.com),2026-09-02
04370102,A.C. AMBOISE TENNIS DE TABLE,37,Indre-et-Loire,CVL,Centre-Val de Loire,Amboise,37400,CENTRE SOCIAL LA VERRERIE RUE REMY BELLEAU,,,,sans-site,,,,,annuaire public FFTT (carte.fftt.com),2026-09-02
04370038,U.S.E. AVOINE-BEAUMONT,37,Indre-et-Loire,CVL,Centre-Val de Loire,Avoine,37420,SALLE OMNISPORT 16 RUE MICHEL BOUCHET,,,,sans-site,,,,,annuaire public FFTT (carte.fftt.com),2026-09-02
04370442,A.T.T. AZAY-SUR-CHER,37,Indre-et-Loire,CVL,Centre-Val de Loire,Azay Sur Cher,37270,GYMNASE ALAIN FOUCHER RUE DE LA POSTE,https://attazaysurcher.xyz/,logos/37/04370442-a-t-t-azay-sur-cher.webp,https://attazaysurcher.xyz/ATTAC_Images/Logo_Club_1.png,logo,#10b0d0 #1090b0 #10d0d0 #107070,clair,,,annuaire public FFTT (carte.fftt.com),2026-09-02
04370284,R.C. BALLAN,37,Indre-et-Loire,CVL,Centre-Val de Loire,Ballan Mire,37510,GYMNASE C. DANGUILLAUME AVENUE JEAN MERMOZ,,,,sans-site,,,,,annuaire public FFTT (carte.fftt.com),2026-09-02
04370465,TENNIS DE TABLE BENAISIEN,37,Indre-et-Loire,CVL,Centre-Val de Loire,Benais,37140,SALLE DES FETES AVENUE DE LA REPUBLIQUE,,,,sans-site,,,,,annuaire public FFTT (carte.fftt.com),2026-09-02
04370013,T.T. BLERE VAL DE CHER,37,Indre-et-Loire,CVL,Centre-Val de Loire,Blere,37150,SALLE JACQUES LORILLARD Rue de la serine au fond de la Pace Saint Julien,,,,sans-site,,,,,annuaire public FFTT (carte.fftt.com),2026-09-02
04370733,ES BOURGUEIL TENNIS DE TABLE,37,Indre-et-Loire,CVL,Centre-Val de Loire,Bourgueil,37140,Salle des Sagettes rue de L'oyes qui Cosse,,,,sans-site,,,,,annuaire public FFTT (carte.fftt.com),2026-09-02
04370033,U.S. CHAMBRAY-LES-TOURS,37,Indre-et-Loire,CVL,Centre-Val de Loire,Chambray Les Tours,37170,Gymnase Fontaine Blanche Rond Point du Marechal Leclerc,https://tennisdetable.uschambray.fr/,logos/37/04370033-u-s-chambray-les-tours.webp,https://tennisdetable.uschambray.fr/wp-content/uploads/2023/09/Loto-1024x768.jpg,logo,#505010 #707050 #705030 #907050,clair,,,annuaire public FFTT (carte.fftt.com),2026-09-02
04370425,A.S.T.T. de CASTELVALERIE,37,Indre-et-Loire,CVL,Centre-Val de Loire,Chateau La Valliere,37330,SALLE OMNISPORT RUE DU HAUT DES VALLEES,,,,sans-site,,,,,annuaire public FFTT (carte.fftt.com),2026-09-02
04370024,U.S. RENAUDINE T.T.,37,Indre-et-Loire,CVL,Centre-Val de Loire,Chateau Renault,37110,AIRE SPORTIVE PIERROT VERITE PLACE DES MOCETS,https://www.usrenaudinett.fr/,,,aucun,,,,,annuaire public FFTT (carte.fftt.com),2026-09-02
04370724,ASTT CHEMILLE SUR DEME,37,Indre-et-Loire,CVL,Centre-Val de Loire,Chemille Sur Deme,37370,Salle des fetes 28 rue de la Chartre,,,,sans-site,,,,,annuaire public FFTT (carte.fftt.com),2026-09-02
04370132,TENNIS DE TABLE CHINONAIS,37,Indre-et-Loire,CVL,Centre-Val de Loire,Chinon,37500,GYMNASE JEAN ZAY Rue Paul Huet (face au n? 8),,,,sans-site,,,,,annuaire public FFTT (carte.fftt.com),2026-09-02
04370011,A.S.T.T. ESVRES,37,Indre-et-Loire,CVL,Centre-Val de Loire,Esvres,37320,GYMNASE MUNICIPAL Allee Georges Brassens Les Pieces de la Haute Cour,http://www.astt-esvres.com,,,aucun,,,,,annuaire public FFTT (carte.fftt.com),2026-09-02
04370183,A.S. FONDETTES,37,Indre-et-Loire,CVL,Centre-Val de Loire,Fondettes,37230,GYMNASE PIERRE PILORGER Salle Spécifique Tennis de TABLE AV DU MOULIN A VENT (PRES DU COLLEGE),https://tennisdetable.asfondettes.fr/,logos/37/04370183-a-s-fondettes.svg,https://tennisdetable.asfondettes.fr/themes/custom/code2you/logo.svg,logo,#8c955b #b4cd39 #75c4b4 #0d4e47,clair,,,annuaire public FFTT (carte.fftt.com),2026-09-02
04370549,U.S. GENILLE T.T.,37,Indre-et-Loire,CVL,Centre-Val de Loire,Genille,37460,SALLE OMNISPORTS G NORMAND Place Fernand-Raoul DUVAL,,,,sans-site,,,,,annuaire public FFTT (carte.fftt.com),2026-09-02
04370615,TENNIS DE TABLE BOUCHARDAIS,37,Indre-et-Loire,CVL,Centre-Val de Loire,L Ile Bouchard,37220,COMPLEXE SPORTIF MICHEL JOLIT 2 rue du College derriere le gymnase,,,,sans-site,,,,,annuaire public FFTT (carte.fftt.com),2026-09-02
04370151,C.S.MEMBROLLAIS Tennis de Table,37,Indre-et-Loire,CVL,Centre-Val de Loire,La Membrolle Sur Choisille,37390,SALLE OMNISPORTS RUE DE LA CHOISILLE,,,,sans-site,,,,,annuaire public FFTT (carte.fftt.com),2026-09-02
04370167,US LA RICHE TENNIS DE TABLE,37,Indre-et-Loire,CVL,Centre-Val de Loire,La Riche,37520,Gymnase Paul Bert Rue Paul Bert,,,,sans-site,,,,,annuaire public FFTT (carte.fftt.com),2026-09-02
04370439,E.S. LA VILLE-AUX-DAMES TT,37,Indre-et-Loire,CVL,Centre-Val de Loire,La Ville Aux Dames,37700,SALLE TT NICOLE FORTIN 1 Ter Rue Colette,https://www.esvdtt.fr/,logos/37/04370439-e-s-la-ville-aux-dames-tt.webp,https://ra0.cdnsw.com/site-logos/1790098/ogo-final-lettre.jpg,logo,#d0d0d0 #f0f0f0 #b0b0b0 #707070,sombre,,,annuaire public FFTT (carte.fftt.com),2026-09-02
04370498,LARCAY TENNIS DE TABLE,37,Indre-et-Loire,CVL,Centre-Val de Loire,Larcay,37270,SALLE ROGER COUDERC Allee des ecoles,,,,sans-site,,,,,annuaire public FFTT (carte.fftt.com),2026-09-02
04370698,TTC du LOCHOIS,37,Indre-et-Loire,CVL,Centre-Val de Loire,Loches,37600,COSEC GYMNASE MUNICIPAL rue yvon,https://www.ttcl.fr/,logos/37/04370698-ttc-du-lochois.webp,https://www.ttcl.fr/logo.png,logo,,clair,,,annuaire public FFTT (carte.fftt.com),2026-09-02
04370146,A.S MONTLOUIS-SUR-LOIRE,37,Indre-et-Loire,CVL,Centre-Val de Loire,Montlouis Sur Loire,37270,GYMNASE P. RACAULT Place des Anciens Combattants,https://alerte-sportive-montlouis-tennis-de-table.assoconnect.com/page/2494348-presentation,logos/37/04370146-a-s-montlouis-sur-loire.webp,https://app.assoconnect.com/services/storage?id=7044255&type=picture&secret=ideudLDLJUWLpOW7lqOD6kzHvmPgmfgCLcNVc9JQ&timestamp=1783870120&size=small,logo,#303010 #505010 #101010 #909030,clair,,,annuaire public FFTT (carte.fftt.com),2026-09-02
04370349,T.T. B. MONTS ARTANNES,37,Indre-et-Loire,CVL,Centre-Val de Loire,Monts,37260,GYMNASE DES HAUTES VARENNES 2 Allée Gustave Charpentier,https://openresa.com/club/ttbma,logos/37/04370349-t-t-b-monts-artannes.webp,https://image.ballejaune.com/logos/200/7230_1786894054.jpg,logo,#d0d0d0 #707070 #909090 #505050,clair,,,annuaire public FFTT (carte.fftt.com),2026-09-02
04370734,ASTT de RACAN,37,Indre-et-Loire,CVL,Centre-Val de Loire,Neuvy Le Roi,37370,Gymnase Roger Boulay 12 allée des Noyers,,,,sans-site,,,,,annuaire public FFTT (carte.fftt.com),2026-09-02
04370464,TT PARCAY-MESLAY,37,Indre-et-Loire,CVL,Centre-Val de Loire,Parcay-Meslay,37210,Salle Spécifique de Tennis de Table 27 rue de la Pinotière,,,,sans-site,,,,,annuaire public FFTT (carte.fftt.com),2026-09-02
04370015,P.P.C. ST MARTIN LE BEAU,37,Indre-et-Loire,CVL,Centre-Val de Loire,Saint-Martin-Le-Beau,37270,SALLE ANNEXE DU GYMNASE Rue Du Gros Buisson,https://www.ppcmartinois.fr/,logos/37/04370015-p-p-c-st-martin-le-beau.webp,https://www.ppcmartinois.fr/media/uploaded/sites/21483/association/6714d52fe0f69_PPCM.png,logo,#901010 #d0d050 #105030 #d0d030,clair,,,annuaire public FFTT (carte.fftt.com),2026-09-02
04370289,A.S. SAVONNIERES,37,Indre-et-Loire,CVL,Centre-Val de Loire,Savonnieres,37510,GYMNASE LES FONTAINES Lotissement des Fontaines (foot),,,,sans-site,,,,,annuaire public FFTT (carte.fftt.com),2026-09-02
04370709,T.T. SEMBLANCEEN,37,Indre-et-Loire,CVL,Centre-Val de Loire,Semblancay,37360,SALLE DES SPORTS Avenue de la Chasse Royale,,,,sans-site,,,,,annuaire public FFTT (carte.fftt.com),2026-09-02
04370729,ASTT DE SORIGNY,37,Indre-et-Loire,CVL,Centre-Val de Loire,Sorigny,37250,Salle Multi Activites Rue de la Voie Dieu,https://astts.clubeo.com/,logos/37/04370729-astt-de-sorigny.webp,https://s2.static-clubeo.com/250/uploads/astts/logo__76a9t1qju.jpg,logo,#101010 #301010 #9090b0 #f0f0d0,clair,,,annuaire public FFTT (carte.fftt.com),2026-09-02
04370691,A.T.T.ST ANTOINE DU ROCHER,37,Indre-et-Loire,CVL,Centre-Val de Loire,St Antoine Du Rocher,37360,Salle Jean PInon RUE DE LA POSTE,,,,sans-site,,,,,annuaire public FFTT (carte.fftt.com),2026-09-02
04370731,ASTT DU NAIS,37,Indre-et-Loire,CVL,Centre-Val de Loire,St Christophe Sur Le Nais,37370,Espace Beau Soulage 10 Rue Daphné du Maurier,,,,sans-site,,,,,annuaire public FFTT (carte.fftt.com),2026-09-02
04370001,R.S. ST CYR-SUR-LOIRE,37,Indre-et-Loire,CVL,Centre-Val de Loire,St Cyr Sur Loire,37540,Complexe Guy Drut Salle PAILLET Allee Rene Coulon,https://www.saintcyrping.fr/,logos/37/04370001-r-s-st-cyr-sur-loire.webp,https://lh3.googleusercontent.com/sitesv/AG8ngQXh0g3sCFZ-_rgeep7n304g_9CGRl4RNHBbZaHF42QOAbZxP9h8-MC23_shIDZdQdLyKOO0_GcGeNiW-ho45uABJP7PMPovF4aEorQpOKvRDsHdIvS7hDNbgH-GaxsqS_v8hyhBaqzaj2zzkagWnlzeGoe8HrxVYOSKnNOBm8uFsJKJ5m_N1HR9nIz5QDOypRLM9tyX6K5264jBRN0M,logo,#1090f0 #1070f0 #d0d0f0 #90b0f0,clair,,,annuaire public FFTT (carte.fftt.com),2026-09-02
04370656,T.T. SAINT GENOUPH,37,Indre-et-Loire,CVL,Centre-Val de Loire,St Genouph,37510,Complexe Sportif 7 Rue des Petits Pres,http://ttstgenouph.e-monsite.com/,,,aucun,,,,,annuaire public FFTT (carte.fftt.com),2026-09-02
04370625,ST MICHEL T.T.,37,Indre-et-Loire,CVL,Centre-Val de Loire,St Michel Sur Loire,37130,GYMNASE Route du Coteau,,,,sans-site,,,,,annuaire public FFTT (carte.fftt.com),2026-09-02
04370690,A.P. ST SENOCH,37,Indre-et-Loire,CVL,Centre-Val de Loire,St Senoch,37600,SALLE POLYVALENTE PLACE DE LA MAIRIE,https://apsaintsenoch.fr/,logos/37/04370690-a-p-st-senoch.webp,https://apsaintsenoch.fr/wp-content/uploads/2024/11/cropped-cropped-apstsenoch_logo-1.jpg?w=61,logo,#d03030 #909090 #707070 #d0d0d0,clair,,,annuaire public FFTT (carte.fftt.com),2026-09-02
04370730,TT STE CATHERINE DE FIERBOIS,37,Indre-et-Loire,CVL,Centre-Val de Loire,Ste Catherine De Fierbois,37800,Salle des Lisses Rue du Stade,,,,sans-site,,,,,annuaire public FFTT (carte.fftt.com),2026-09-02
04370307,SAINTE-MAURE TENNIS DE TABLE,37,Indre-et-Loire,CVL,Centre-Val de Loire,Ste Maure De Touraine,37800,GYMNASE ROUTE DU LOUROUX,,,,sans-site,,,,,annuaire public FFTT (carte.fftt.com),2026-09-02
04370002,4S TOURS T.T.,37,Indre-et-Loire,CVL,Centre-Val de Loire,Tours,37000,Espace Rabelais - Salle JC Cisse 54 rue St-Francois,https://www.4stours.fr/,logos/37/04370002-4s-tours-t-t.webp,https://www.4stours.fr/wp-content/uploads/2025/12/logotours2024-bleu-RVB-1024x360.png,logo,#1050f0 #1070f0,clair,,,annuaire public FFTT (carte.fftt.com),2026-09-02
04370004,C.E.S. TOURS,37,Indre-et-Loire,CVL,Centre-Val de Loire,Tours,37000,SALLE JOSEPH RAFIN 20 RUE DU REMPART,https://www.cest-sports.org/,logos/37/04370004-c-e-s-tours.svg,https://www.cest-sports.org/wp-content/themes/cest/assets/img/logo-cest.svg,logo,#c7002a #007642 #290b58,clair,,,annuaire public FFTT (carte.fftt.com),2026-09-02
04370548,PL BEAUJARDIN RASPAIL PAUL BERT,37,Indre-et-Loire,CVL,Centre-Val de Loire,Tours,37000,PL BEAUJARDIN RASPAIL 58 RUE CHRISTOPHE COLOMB,,,,sans-site,,,,,annuaire public FFTT (carte.fftt.com),2026-09-02
04370694,Tennis de Table Cormery-Truyes,37,Indre-et-Loire,CVL,Centre-Val de Loire,Truyes,37320,Complexe Sportif Rue du Chateau Jouan,,,,sans-site,,,,,annuaire public FFTT (carte.fftt.com),2026-09-02
04370669,C.P. VEIGNE,37,Indre-et-Loire,CVL,Centre-Val de Loire,Veigne,37250,GYMNASE DES VARENNES RUE DU POITOU,,,,sans-site,,,,,annuaire public FFTT (carte.fftt.com),2026-09-02
04370478,A.S. VERETZ TT,37,Indre-et-Loire,CVL,Centre-Val de Loire,Veretz,37270,Gymnase de la buissonière Rue Buissonnière,,,,sans-site,,,,,annuaire public FFTT (carte.fftt.com),2026-09-02
04370346,U.S. VERNOU SUR BRENNE,37,Indre-et-Loire,CVL,Centre-Val de Loire,Vernou Sur Brenne,37210,GYMNASE MUNICIPAL Route de Chateau-Renault,,,,sans-site,,,,,annuaire public FFTT (carte.fftt.com),2026-09-02
01380284,AL ECHIROLLES-EYBENS TT,38,Isère,ARA,Auvergne-Rhône-Alpes,,,,https://al2ett.com/,logos/38/01380284-al-echirolles-eybens-tt.webp,https://al2ett.com/wp-content/uploads/2020/05/logo-1.png,logo,#3050b0 #3070d0 #b0d030 #509030,clair,,,annuaire public FFTT (carte.fftt.com),2026-09-02
01380236,CENTR ISERE TT,38,Isère,ARA,Auvergne-Rhône-Alpes,,,,https://citt.fr/,logos/38/01380236-centr-isere-tt.webp,https://citt.fr/wp-content/uploads/2021/03/logo-2.png,logo,#1090d0 #1070d0 #d0f0f0 #70b0d0,clair,,,annuaire public FFTT (carte.fftt.com),2026-09-02
01380290,GRESIVAUDAN BELLEDONNE TT,38,Isère,ARA,Auvergne-Rhône-Alpes,,,,https://gbtt.clubeo.com/,logos/38/01380290-gresivaudan-belledonne-tt.webp,https://s1.static-clubeo.com/100/uploads/gbtt/logo__76f4vnjjv.png,logo,#503090 #503070 #705070 #f0f050,clair,,,annuaire public FFTT (carte.fftt.com),2026-09-02
01380287,LA VAILLANTE TULLINS FURES,38,Isère,ARA,Auvergne-Rhône-Alpes,,,,,,,sans-site,,,,,annuaire public FFTT (carte.fftt.com),2026-09-02
01380045,RHODIA CLUB,38,Isère,ARA,Auvergne-Rhône-Alpes,,,,https://www.rhodiaclubtt.com/,,,aucun,,,,,annuaire public FFTT (carte.fftt.com),2026-09-02
01380199,TT DU GRESIVAUDAN LE TOUVET,38,Isère,ARA,Auvergne-Rhône-Alpes,,,,https://tt-gresivaudan.com/,logos/38/01380199-tt-du-gresivaudan-le-touvet.webp,https://tt-gresivaudan.com/wp-content/uploads/2023/01/Logo-TTG-Quadri.png,logo,#103050 #105070 #f07050 #307090,clair,,,annuaire public FFTT (carte.fftt.com),2026-09-02
01380311,TT La Motte La Mure Matheysine,38,Isère,ARA,Auvergne-Rhône-Alpes,,,,,,,sans-site,,,,,annuaire public FFTT (carte.fftt.com),2026-09-02
01380056,TT LA TRONCHE MEYLAN GRENOBLE,38,Isère,ARA,Auvergne-Rhône-Alpes,,,,https://www.tttmg.fr/,logos/38/01380056-tt-la-tronche-meylan-grenoble.webp,https://www.tttmg.fr/wp-content/uploads/2020/05/cropped-icone-180x180.png,logo,#105090,clair,,,annuaire public FFTT (carte.fftt.com),2026-09-02
01380136,TT ST JEANNAIS,38,Isère,ARA,Auvergne-Rhône-Alpes,,,,https://www.ttsj.fr/,logos/38/01380136-tt-st-jeannais.svg,https://www.ttsj.fr/ttsj.svg,logo,,clair,,,annuaire public FFTT (carte.fftt.com),2026-09-02
01380098,U.S.T.T. SASSENAGE,38,Isère,ARA,Auvergne-Rhône-Alpes,,,,http://www.usstt.fr/,logos/38/01380098-u-s-t-t-sassenage.webp,http://www.usstt.fr/site/file/source/logolow.jpg,logo,#f0f090 #90f090 #303030 #707050,clair,,,annuaire public FFTT (carte.fftt.com),2026-09-02
01380005,T.T. BOURGOIN JALLIEU,38,Isère,ARA,Auvergne-Rhône-Alpes,Bourgoin Jallieu,38300,ESPACE DOLBEAU 99 rue de la Liberation,https://www.ttbj.org/,logos/38/01380005-t-t-bourgoin-jallieu.webp,https://www.ttbj.org/photo/logo2.png,logo,#301030 #101010 #505050 #301010,clair,,,annuaire public FFTT (carte.fftt.com),2026-09-02
01380241,CTT CHAMP SUR DRAC,38,Isère,ARA,Auvergne-Rhône-Alpes,Champ-Sur-Drac,38560,GYMNASE DE CHAMP S/DRAC 68 Chemin Des Gonnardières,http://cttchampsurdrac.fr/,,,aucun,,,,,annuaire public FFTT (carte.fftt.com),2026-09-02
01380233,C.S.C. CHARVIEU CHAVAGNEUX,38,Isère,ARA,Auvergne-Rhône-Alpes,Charvieu Chavagneux,38230,ENSEMBLE SPORTIF DAVID DOUILLET AVENUE DU COLLEGE,,,,sans-site,,,,,annuaire public FFTT (carte.fftt.com),2026-09-02
01380076,AS FONTAINE,38,Isère,ARA,Auvergne-Rhône-Alpes,Fontaine,38600,GYMNASE MAURICE THOREZ 76 ALLEE DES BALMES,,,,sans-site,,,,,annuaire public FFTT (carte.fftt.com),2026-09-02
01380308,JA HEYRIEUX TENNIS DE TABLE,38,Isère,ARA,Auvergne-Rhône-Alpes,Heyrieux,38540,Salle des Sports Avenue Du 19 Mars 1962,,,,sans-site,,,,,annuaire public FFTT (carte.fftt.com),2026-09-02
01380068,T.T. IZERON,38,Isère,ARA,Auvergne-Rhône-Alpes,Izeron,38160,Salle Polyvalente Le village,,,,sans-site,,,,,annuaire public FFTT (carte.fftt.com),2026-09-02
01380292,JCOR JANNEYRIAS Tennis de Table,38,Isère,ARA,Auvergne-Rhône-Alpes,Janneyrias,38280,Gymnase La Canopee 1 chemin des écoliers,,,,sans-site,,,,,annuaire public FFTT (carte.fftt.com),2026-09-02
01380256,PONGISTES LILOTS,38,Isère,ARA,Auvergne-Rhône-Alpes,L Isle D Abeau,38080,gymnase DAVID DOUILLET BD DE FONDBONNIERE,https://www.pongisteslilots.com/,logos/38/01380256-pongistes-lilots.webp,https://www.pongisteslilots.com/uploaded/logo/banniere-pongisteslilots-710.PNG,logo,#303030 #505050 #303010 #101010,clair,,,annuaire public FFTT (carte.fftt.com),2026-09-02
01380293,CLUB PONGISTE CHAPELAND,38,Isère,ARA,Auvergne-Rhône-Alpes,La Chapelle De La Tour,38110,Complexe Sportif Rue des ecoles,https://www.cpctt.fr/,logos/38/01380293-club-pongiste-chapeland.webp,https://www.cpctt.fr/media/uploaded/sites/12678/association/5fa14fc002a4c_logoCPC.jpg,logo,#b0b0d0 #707070 #d0d0d0 #505050,clair,,,annuaire public FFTT (carte.fftt.com),2026-09-02
01380305,Club Sportif VULPILLIEN T.T.,38,Isère,ARA,Auvergne-Rhône-Alpes,La Verpillere,38290,Salle Jean Rabilloud 193 RUE DE PICARDIE,,,,sans-site,,,,,annuaire public FFTT (carte.fftt.com),2026-09-02
01380262,CHIMILIN ABRETS PONT TT CAPTT,38,Isère,ARA,Auvergne-Rhône-Alpes,Les Abrets,38490,Gymnase Bayard Rue Bayard,https://www.captt.fr/,logos/38/01380262-chimilin-abrets-pont-tt-captt.webp,https://www.captt.fr/wp-content/uploads/2025/09/cropped-logo_sans_fond-1-180x180.png,logo,#303030 #301030 #505050 #503030,clair,,,annuaire public FFTT (carte.fftt.com),2026-09-02
01380302,US MEYRIEU TT,38,Isère,ARA,Auvergne-Rhône-Alpes,Meyrieu Les Etangs,38440,Salle Neyret 621 route des gantieres,,,,sans-site,,,,,annuaire public FFTT (carte.fftt.com),2026-09-02
01380310,TT MONESTIER TRIEVES,38,Isère,ARA,Auvergne-Rhône-Alpes,Monestier De Clermont,38650,GYMNASE Marcel CUYNAT 175 rue du Serpaton,,,,sans-site,,,,,annuaire public FFTT (carte.fftt.com),2026-09-02
01380225,MORESTEL TENNIS DE TABLE,38,Isère,ARA,Auvergne-Rhône-Alpes,Morestel,38510,MAISON DE L AMITIE complexe sportif rue Francois PERRIN,,,,sans-site,,,,,annuaire public FFTT (carte.fftt.com),2026-09-02
01380298,GRAND LEMPS OYEU BURCIN TT,38,Isère,ARA,Auvergne-Rhône-Alpes,Oyeu,38690,Gymnase du fayard Passage du fayard,,,,sans-site,,,,,annuaire public FFTT (carte.fftt.com),2026-09-02
01380173,T T PONTCHARRA,38,Isère,ARA,Auvergne-Rhône-Alpes,Pontcharra,38530,Gymnase Maurice Cucot 669 Avenue de Chartreuse,,,,sans-site,,,,,annuaire public FFTT (carte.fftt.com),2026-09-02
01380304,SAINT BLAISE TENNIS DE TABLE,38,Isère,ARA,Auvergne-Rhône-Alpes,Saint-Blaise-Du-Buis,38140,Halle du Buis Route De Célinas,,,,sans-site,,,,,annuaire public FFTT (carte.fftt.com),2026-09-02
01380307,CHARTREUSE TENNIS DE TABLE,38,Isère,ARA,Auvergne-Rhône-Alpes,Saint-Laurent-Du-Pont,38380,Gymnase Municipal Avenue Charles De Gaulle,,,,sans-site,,,,,annuaire public FFTT (carte.fftt.com),2026-09-02
01380312,TT SAINT SIMEON BIEVRE,38,Isère,ARA,Auvergne-Rhône-Alpes,Saint-Simeaon-De-Brissieux,38870,GYMNASE LE PRE NEUF Rue du vieux Château,,,,sans-site,,,,,annuaire public FFTT (carte.fftt.com),2026-09-02
01380130,T.T. SEYSSINOIS,38,Isère,ARA,Auvergne-Rhône-Alpes,Seyssins,38180,GYMNASE JEAN BEAUVALLET 40 AVENUE LOUIS ARMAND,https://www.ttseyssinois.fr/page/2874979-presentation,logos/38/01380130-t-t-seyssinois.webp,https://app.assoconnect.com/services/storage?id=5813649&type=picture&secret=MF3EeYlfG7Kh2Gs49h7kL2RIJq2lplfsRsxuv6PQ&timestamp=1751797804&size=small,logo,#f0b030 #d0d0d0 #f0f0f0 #109070,clair,,,annuaire public FFTT (carte.fftt.com),2026-09-02
01380028,US ST EGREVE T.T.,38,Isère,ARA,Auvergne-Rhône-Alpes,St Egreve,38120,HALLE JEAN BALESTAS RUE DES BRIEUX,https://us-st-egreve-tt.sportsregions.fr/,logos/38/01380028-us-st-egreve-t-t.webp,https://us-st-egreve-tt.sportsregions.fr/media/uploaded/sites/27664/association/69036e5c42431_LogoUSSETenisdeTableHautedef.png,logo,#f0d030 #1070d0 #3090d0 #f0d050,clair,,,annuaire public FFTT (carte.fftt.com),2026-09-02
01380057,AS CROSSEY Tennis de Table,38,Isère,ARA,Auvergne-Rhône-Alpes,St Etienne De Crossey,38960,Gymn. Intercomm. de Haute Morge Route du Paris entre terrain foot et tennis,,,,sans-site,,,,,annuaire public FFTT (carte.fftt.com),2026-09-02
01380157,TT ST JEAN DE MOIRANS,38,Isère,ARA,Auvergne-Rhône-Alpes,St Jean De Moirans,38430,Gymnase de la Grande Sure Avenue JB Achard,http://ttsjm.jimdo.com/,,,aucun,,,,,annuaire public FFTT (carte.fftt.com),2026-09-02
01380117,TT URIAGE,38,Isère,ARA,Auvergne-Rhône-Alpes,St Martin D Uriage,38410,Salle de la Richardiere,https://www.tturiage.fr/,logos/38/01380117-tt-uriage.webp,https://www.tturiage.fr/templates/uriage/images/bglogo.png,logo,#f01010 #1050d0 #1050b0 #1070d0,clair,,,annuaire public FFTT (carte.fftt.com),2026-09-02
01380108,A L ST MARTIN LE VINOUX,38,Isère,ARA,Auvergne-Rhône-Alpes,St Martin Le Vinoux,38950,Gymnase Pierre Mendes France Impasse des Rosiers,,,,sans-site,,,,,annuaire public FFTT (carte.fftt.com),2026-09-02
01380296,OLYMPIQUE SAINT-QUENTINOIS,38,Isère,ARA,Auvergne-Rhône-Alpes,St Quentin Fallavier,38070,COMPLEXE SPORT RAQUETTE Rue du Bivet,,,,sans-site,,,,,annuaire public FFTT (carte.fftt.com),2026-09-02
01380189,ST ROMAIN DE JALIONAS,38,Isère,ARA,Auvergne-Rhône-Alpes,St Romain De Jalionas,38460,GYMNASE GEORGES BLERIOT Impasse Victor Martelin,https://www.ttsrj.com/,logos/38/01380189-st-romain-de-jalionas.webp,https://www.ttsrj.com/wa_res/icons/Logo_TTSRJ.png,favicon,#303050 #f0f030 #707090 #103050,clair,,,annuaire public FFTT (carte.fftt.com),2026-09-02
01380181,TECHE TENNIS DE TABLE,38,Isère,ARA,Auvergne-Rhône-Alpes,Teche,38470,FOYER RURAL LE VILLAGE,https://techett.fr/,logos/38/01380181-teche-tennis-de-table.webp,https://techett.fr/wp-content/uploads/2020/09/tennis-de-table-scaled-1-e1646661715557.jpg,logo,#d05050 #505050 #707050 #d07070,clair,,,annuaire public FFTT (carte.fftt.com),2026-09-02
01380246,TIGNIEU TENNIS DE TABLE,38,Isère,ARA,Auvergne-Rhône-Alpes,Tignieu Jameyzieu,38230,"Gymnase college Philipp Cousteau 101, rue de l'eglise salle des fetes",https://tignieutt.fr/,logos/38/01380246-tignieu-tennis-de-table.webp,https://tignieutt.fr/wp-content/uploads/2024/12/cropped-Logo-TTTJ-300x300.gif,logo,#d03030 #707070 #d0d0d0 #b0b0b0,clair,,,annuaire public FFTT (carte.fftt.com),2026-09-02
01690162,VALENC'IN PIERRE TT,38,Isère,ARA,Auvergne-Rhône-Alpes,Valencin,38540,gymnase de Valencin Chemin des gounaches,https://www.valencinpierre.fr/,logos/38/01690162-valenc-in-pierre-tt.webp,https://www.valencinpierre.fr/wp-content/uploads/2017/06/cropped-cropped-cropped-logo_3_mini-1.png,logo,#d0d0d0 #303030 #f0f0f0 #505050,clair,,,annuaire public FFTT (carte.fftt.com),2026-09-02
01380267,VARCES VIF Tennis de table,38,Isère,ARA,Auvergne-Rhône-Alpes,Varces Allieres Et Risset,38760,GYMNASE CHAMP NIGAT rue Champ Nigat,http://varcestt.e-monsite.com/,,,aucun,,,,,annuaire public FFTT (carte.fftt.com),2026-09-02
01380275,VAULX-MILIEU TT,38,Isère,ARA,Auvergne-Rhône-Alpes,Vaulx Milieu,38090,Gymnase de Vaulx-Milieu Rue des Ecoles,,,,sans-site,,,,,annuaire public FFTT (carte.fftt.com),2026-09-02
01380164,VERNIOZ MJC,38,Isère,ARA,Auvergne-Rhône-Alpes,Vernioz,38150,SALLE DES SPORTS - ESPACE PASCAL DUCURTIL 1569 Route des Villages,,,,sans-site,,,,,annuaire public FFTT (carte.fftt.com),2026-09-02
01690150,ASTT VIENNE ST ROMAIN EN GAL,38,Isère,ARA,Auvergne-Rhône-Alpes,Vienne,38200,Gymnase Georges Brun 2 Chemin des aqueducs Salle Mario VENTURINI,,,,sans-site,,,,,annuaire public FFTT (carte.fftt.com),2026-09-02
01380303,Tennis de Table VILLEFONTAINE,38,Isère,ARA,Auvergne-Rhône-Alpes,Villefontaine,38090,GYMNASE BERNARD JEU 1 AVENUE DES PINS,,,,sans-site,,,,,annuaire public FFTT (carte.fftt.com),2026-09-02
02390003,AS MOUCHARD TENNIS DE TABLE,39,Jura,BFC,Bourgogne-Franche-Comté,,,,http://fapiq.free.fr,,,aucun,,,,,annuaire public FFTT (carte.fftt.com),2026-09-02
02390001,ASC LONGCHAUMOIS,39,Jura,BFC,Bourgogne-Franche-Comté,,,,http://pinglongchaumois.wifeo.com/,,,aucun,,,,,annuaire public FFTT (carte.fftt.com),2026-09-02
02390022,MJC DOLE,39,Jura,BFC,Bourgogne-Franche-Comté,,,,,,,sans-site,,,,,annuaire public FFTT (carte.fftt.com),2026-09-02
02390089,MOREZ TENNIS DE TABLE,39,Jura,BFC,Bourgogne-Franche-Comté,,,,http://juramoreztt.fr,,,aucun,,,,,annuaire public FFTT (carte.fftt.com),2026-09-02
02390046,ASNANS BEAUVOISIN TT,39,Jura,BFC,Bourgogne-Franche-Comté,Beauvoisin,39120,GYMNASE JEAN BABET 1 rue du 19 mars 1962,https://club.quomodo.com/tt_asnans_beauvoisin/accueil,,,aucun,,,,,annuaire public FFTT (carte.fftt.com),2026-09-02
02390098,UNION SPORTIVE BLETTERANOISE TT,39,Jura,BFC,Bourgogne-Franche-Comté,Bletterans,39140,GYMNASE du Stade Municipal,http://www.usbtt.jimdo.com,,,aucun,,,,,annuaire public FFTT (carte.fftt.com),2026-09-02
02390013,TENNIS DE TABLE DE CENSEAU,39,Jura,BFC,Bourgogne-Franche-Comté,Censeau,39250,MAISON DU TEMPS LIBRE RUE DU MAGASIN,,,,sans-site,,,,,annuaire public FFTT (carte.fftt.com),2026-09-02
02390094,TENNIS DE TABLE CONLIEGE,39,Jura,BFC,Bourgogne-Franche-Comté,Conliege,39570,SALLE DES FETES RUE BASSE,,,,sans-site,,,,,annuaire public FFTT (carte.fftt.com),2026-09-02
02390091,ASPTT DOLE,39,Jura,BFC,Bourgogne-Franche-Comté,Dole,39100,ASPTT DOLE FOUCHERANS 50 RUE DE LA FENOTTE,,,,sans-site,,,,,annuaire public FFTT (carte.fftt.com),2026-09-02
02390010,FOYER RURAL DE DAMPIERRE,39,Jura,BFC,Bourgogne-Franche-Comté,Fraisans,39700,GYMNASE,,,,sans-site,,,,,annuaire public FFTT (carte.fftt.com),2026-09-02
02390027,AS ENT SP ET LOISIRS GEVRY,39,Jura,BFC,Bourgogne-Franche-Comté,Gevry,39100,SAINT REMI RUE D HAUTERIVE,,,,sans-site,,,,,annuaire public FFTT (carte.fftt.com),2026-09-02
02390100,ENVERGURES,39,Jura,BFC,Bourgogne-Franche-Comté,Grande Riviere,39150,Gymnase Fachinetti,,,,sans-site,,,,,annuaire public FFTT (carte.fftt.com),2026-09-02
02390002,AL LONS LE SAUNIER,39,Jura,BFC,Bourgogne-Franche-Comté,Lons Le Saunier,39000,A L LONS AVENUE DU STADE,,,,sans-site,,,,,annuaire public FFTT (carte.fftt.com),2026-09-02
02390007,ESPERANCE LEDONIENNE,39,Jura,BFC,Bourgogne-Franche-Comté,Lons Le Saunier,39000,DE L ESPERANCE LEDONIENNE 80 RUE DE L ESPERANCE,https://www.esperance-ledonienne.fr/,logos/39/02390007-esperance-ledonienne.webp,https://www.esperance-ledonienne.fr/images/menu/sections/esperance-ledonienne.png,logo,#f0b010 #f01010 #d09030 #f03030,clair,,,annuaire public FFTT (carte.fftt.com),2026-09-02
02390095,CCSVA TENNIS DE TABLE,39,Jura,BFC,Bourgogne-Franche-Comté,Mont Sous Vaudrey,39380,GYMNASE DU COLLEGE 1 PLACE JEAN MOULIN,,,,sans-site,,,,,annuaire public FFTT (carte.fftt.com),2026-09-02
02390082,ENTENTE ANDELOT SIROD,39,Jura,BFC,Bourgogne-Franche-Comté,Sirod,39300,SALLE DES FETES,,,,sans-site,,,,,annuaire public FFTT (carte.fftt.com),2026-09-02
02390080,FOYER RURAL DE VERCIA COUSANCE,39,Jura,BFC,Bourgogne-Franche-Comté,Vercia,39190,FOYER RURAL DE VERCIA,,,,sans-site,,,,,annuaire public FFTT (carte.fftt.com),2026-09-02
10400016,CAM TT MORCENX,40,Landes,NAQ,Nouvelle-Aquitaine,,,,,,,sans-site,,,,,annuaire public FFTT (carte.fftt.com),2026-09-02
10400009,F.R. DE HINX,40,Landes,NAQ,Nouvelle-Aquitaine,,,,http://www.hinx-tt.fr/,,,aucun,,,,,annuaire public FFTT (carte.fftt.com),2026-09-02
10400018,FOYER RURAL DE GAMARDE,40,Landes,NAQ,Nouvelle-Aquitaine,,,,,,,sans-site,,,,,annuaire public FFTT (carte.fftt.com),2026-09-02
10400002,J D ARC DE DAX,40,Landes,NAQ,Nouvelle-Aquitaine,,,,,,,sans-site,,,,,annuaire public FFTT (carte.fftt.com),2026-09-02
10400001,STADE MONTOIS,40,Landes,NAQ,Nouvelle-Aquitaine,,,,,,,sans-site,,,,,annuaire public FFTT (carte.fftt.com),2026-09-02
10400010,VIOLETTE ATURINE,40,Landes,NAQ,Nouvelle-Aquitaine,Aire Sur L Adour,40800,SALLE TT Route du Houga Impasse de la plaine des jeux,,,,sans-site,,,,,annuaire public FFTT (carte.fftt.com),2026-09-02
10400004,BISCARROSSE TENNIS DE TABLE,40,Landes,NAQ,Nouvelle-Aquitaine,Biscarrosse,40600,SALLE DIDIER MOMMESSIN TT 121 RUE MOZART,,,,sans-site,,,,,annuaire public FFTT (carte.fftt.com),2026-09-02
10400015,TT BOUGUE - LAGLORIEUSE,40,Landes,NAQ,Nouvelle-Aquitaine,Bougue,40090,Salle Foyer Municipal,http://ttbougue-laglorieuse.wix.com/ttbougue-laglorieuse,,,aucun,,,,,annuaire public FFTT (carte.fftt.com),2026-09-02
10400026,AS GEAUNE TT,40,Landes,NAQ,Nouvelle-Aquitaine,Geaune,40320,HALL DES SPORTS 6 CHEMIN DE LA PISCINE,,,,sans-site,,,,,annuaire public FFTT (carte.fftt.com),2026-09-02
10400030,HAGETMAU TENNIS DE TABLE,40,Landes,NAQ,Nouvelle-Aquitaine,Hagetmau,40700,CITE VERTE SALLE COSEC 57 Chemin de Prentigarde,,,,sans-site,,,,,annuaire public FFTT (carte.fftt.com),2026-09-02
10400033,AS BLEUETS LABATUTOIS TT,40,Landes,NAQ,Nouvelle-Aquitaine,Labatut,40300,Complexe Sportif 100 Place de la Fontaine du Bouthié,,,,sans-site,,,,,annuaire public FFTT (carte.fftt.com),2026-09-02
10400003,CLUB TDT FRECHOIS,40,Landes,NAQ,Nouvelle-Aquitaine,Le Freche,40190,Foyer Salle des Fetes,,,,sans-site,,,,,annuaire public FFTT (carte.fftt.com),2026-09-02
10400025,PING PONG MEZOSSAIS,40,Landes,NAQ,Nouvelle-Aquitaine,Mezos,40170,Foyer Rural Avenue de la Gare,,,,sans-site,,,,,annuaire public FFTT (carte.fftt.com),2026-09-02
10400021,TENNIS TABLE MIMIZANNAIS,40,Landes,NAQ,Nouvelle-Aquitaine,Mimizan,40200,Gymnase Municipal Moulin Neuf,,,,sans-site,,,,,annuaire public FFTT (carte.fftt.com),2026-09-02
10400024,US POMAREZ TT,40,Landes,NAQ,Nouvelle-Aquitaine,Pomarez,40360,Salle Andre Garbay,https://uspomareztt.clubeo.com/,logos/40/10400024-us-pomarez-tt.webp,https://s1.static-clubeo.com/250/uploads/uspomareztt/logo__76a9t29qq.png,logo,#f01030 #d0d0d0 #d0b0b0 #f0f0f0,clair,,,annuaire public FFTT (carte.fftt.com),2026-09-02
10400032,TT LOISIRS PONTENAIS,40,Landes,NAQ,Nouvelle-Aquitaine,Pontenx-Les-Forges,40200,Salle des sports Rue de la Fontaine d'Or,,,,sans-site,,,,,annuaire public FFTT (carte.fftt.com),2026-09-02
10400008,CLUB SANGUINETOIS TT,40,Landes,NAQ,Nouvelle-Aquitaine,Sanguinet,40460,Espace Gemme - salle LOU BRIDOUN Route de Parentis,http://www.cstt.fr,,,aucun,,,,,annuaire public FFTT (carte.fftt.com),2026-09-02
10400013,AS HOSSEGOR T.T,40,Landes,NAQ,Nouvelle-Aquitaine,Soorts Hossegor,40150,Salle des Paloumayres 127 Avenue des Forgerons Lot. Artisanal SOORTS,,,,sans-site,,,,,annuaire public FFTT (carte.fftt.com),2026-09-02
10400027,SA ST SEVER TT,40,Landes,NAQ,Nouvelle-Aquitaine,St Sever,40500,LALOUBERE Boulevard de l'esperance,http://sasstennistable.canalblog.com/,,,aucun,,,,,annuaire public FFTT (carte.fftt.com),2026-09-02
10400031,CLUB SPORTIF BOUCALAIS,40,Landes,NAQ,Nouvelle-Aquitaine,Vieux Boucau Les Bains,40480,HALL DES SPORTS,,,,sans-site,,,,,annuaire public FFTT (carte.fftt.com),2026-09-02
04410537,ASJ LA CHAUSSEE-ST-VICTOR,41,Loir-et-Cher,CVL,Centre-Val de Loire,,,,https://asjtt.home.blog/,logos/41/04410537-asj-la-chaussee-st-victor.webp,https://asjtt.home.blog/wp-content/uploads/2019/11/logo_asjtt-1.png?w=113,logo,#f01010 #303030 #707070 #f03030,clair,,,annuaire public FFTT (carte.fftt.com),2026-09-02
04410016,S.C. MOREE TT,41,Loir-et-Cher,CVL,Centre-Val de Loire,,,,https://www.scmoreett.com/,logos/41/04410016-s-c-moree-tt.webp,https://static.wixstatic.com/media/f5b979_6617baf4e8b24a9f823a69fe70dd1ea4~mv2.jpg,logo,#103050 #507090 #90b0b0 #d0d0d0,clair,,,annuaire public FFTT (carte.fftt.com),2026-09-02
04410017,SALBRIS SOLOGNE TT.,41,Loir-et-Cher,CVL,Centre-Val de Loire,,,,,,,sans-site,,,,,annuaire public FFTT (carte.fftt.com),2026-09-02
04410724,TT DES COLLINES DU PERCHE,41,Loir-et-Cher,CVL,Centre-Val de Loire,,,,,,,sans-site,,,,,annuaire public FFTT (carte.fftt.com),2026-09-02
04410696,AZE TENNIS DE TABLE,41,Loir-et-Cher,CVL,Centre-Val de Loire,Aze,41100,SALLE DES SPORTS DU PETIT HOUX RUE DES VERGERS Salle des Sport Le Petit Houx,https://www.azett41.fr/,logos/41/04410696-aze-tennis-de-table.webp,https://www.azett41.fr/templates/protostar/images/sponsors/logo_aze_fond_blanc.png,logo,#3070f0 #d0d0d0 #f0f0f0 #b0b0b0,clair,,,annuaire public FFTT (carte.fftt.com),2026-09-02
04410466,BLOIS PING 41,41,Loir-et-Cher,CVL,Centre-Val de Loire,Blois,41000,GYMNASE TABARLY RUE DUGAY TROUIN,,,,sans-site,,,,,annuaire public FFTT (carte.fftt.com),2026-09-02
04410735,AS BOURSAY Tennis de Table,41,Loir-et-Cher,CVL,Centre-Val de Loire,Boursay,41270,Salle des fêtes Rue des écoles,,,,sans-site,,,,,annuaire public FFTT (carte.fftt.com),2026-09-02
04410697,AS.CHAILLES TT.,41,Loir-et-Cher,CVL,Centre-Val de Loire,Chailles,41120,SALLE DES SPORTS 49 RUE DES ALLETS,http://tt-as-chailles.fr,,,aucun,,,,,annuaire public FFTT (carte.fftt.com),2026-09-02
04410543,US. CHOUZY Tennis de Table,41,Loir-et-Cher,CVL,Centre-Val de Loire,Chouzy-Sur-Cisse,41150,Préau de l'école primaire 10 Avenue Du Grand Clos,http://chouzytt.unblog.fr/,logos/41/04410543-us-chouzy-tennis-de-table.webp,http://chouzytt.unblog.fr/files/2013/11/logo-bituvia.jpg,logo,#503030 #501010 #703030 #303030,clair,,,annuaire public FFTT (carte.fftt.com),2026-09-02
04410015,ESC.COUR CHEVERNY TT,41,Loir-et-Cher,CVL,Centre-Val de Loire,Cour Cheverny,41700,ESC.COUR CHEVERNY RUE MARTINET (DERRIERE LA MAIRIE),,,,sans-site,,,,,annuaire public FFTT (carte.fftt.com),2026-09-02
04410467,AP.LA CHAPELLE VENDOMOISE,41,Loir-et-Cher,CVL,Centre-Val de Loire,La Chapelle Vendomoise,41330,"SALLE POLYVALENTE 4, RUE DES ECOLES",,,,sans-site,,,,,annuaire public FFTT (carte.fftt.com),2026-09-02
04410080,AMO.MER TT.,41,Loir-et-Cher,CVL,Centre-Val de Loire,Mer,41500,COMPLEXE SPORTIF BERTHELOTTE RUE DES BERTHELOTTES SALLE 1,,,,sans-site,,,,,annuaire public FFTT (carte.fftt.com),2026-09-02
04410386,CJ.MONT PRES CHAMBORD,41,Loir-et-Cher,CVL,Centre-Val de Loire,Mont Pres Chambord,41250,GYMNASE MUNICIPAL Rue du Bellaugeon,,,,sans-site,,,,,annuaire public FFTT (carte.fftt.com),2026-09-02
04410586,C.T.T.OUCHAMPS,41,Loir-et-Cher,CVL,Centre-Val de Loire,Monthou Sur Bievre,41120,Espace Beauregard Route de Montrichard,,,,sans-site,,,,,annuaire public FFTT (carte.fftt.com),2026-09-02
04410730,MONTOIRE PING,41,Loir-et-Cher,CVL,Centre-Val de Loire,Montoire Sur Le Loir,41800,GYMNASE Pasteur 6 rue Pasteur,,,,sans-site,,,,,annuaire public FFTT (carte.fftt.com),2026-09-02
04410594,ECHO SPORTIF MULSANS,41,Loir-et-Cher,CVL,Centre-Val de Loire,Mulsans,41500,Maison des Sports ROUTE DE BLOIS,,,,sans-site,,,,,annuaire public FFTT (carte.fftt.com),2026-09-02
04410217,CA ST LAURENT TENNIS DE TABLE,41,Loir-et-Cher,CVL,Centre-Val de Loire,Saint-Laurent-Nouan,41220,CA ST LAURENT NOUAN TT Rue Des Champs De La Croix,,,,sans-site,,,,,annuaire public FFTT (carte.fftt.com),2026-09-02
04410729,PING SASSAY LOISIRS,41,Loir-et-Cher,CVL,Centre-Val de Loire,Sassay,41700,FOYER SCOLAIRE rue du Clouseau,https://www.sassay-loisirs.fr/,logos/41/04410729-ping-sassay-loisirs.webp,"https://assets.zyrosite.com/cdn-cgi/image/format=auto,w=375,fit=crop/m7VZngXxnPF3gRnx/logo-sassay-loisirs-2014-mjEkWOKaDwiOG6PB.jpg",logo,#f07010 #1090d0 #d01050 #f0f0f0,clair,,,annuaire public FFTT (carte.fftt.com),2026-09-02
04410726,L'AIGLE SELLOIS TT,41,Loir-et-Cher,CVL,Centre-Val de Loire,Selles Sur Cher,41130,COMPL. SPORTIF DE LA TIZARDIERE 24 RUE DE LA TIZARDIERE,,,,sans-site,,,,,annuaire public FFTT (carte.fftt.com),2026-09-02
04410065,FL ST AIGNAN,41,Loir-et-Cher,CVL,Centre-Val de Loire,St Aignan,41110,FL ST AIGNAN RUE ANTOINE DE ST EXUPERY Salle des Associations,,,,sans-site,,,,,annuaire public FFTT (carte.fftt.com),2026-09-02
04410546,PP.ST-GEORGES/CHER,41,Loir-et-Cher,CVL,Centre-Val de Loire,St Georges Sur Cher,41400,Hall sportif Jean Auvray 168 Rue Marcel Bisault,,,,sans-site,,,,,annuaire public FFTT (carte.fftt.com),2026-09-02
04410279,SAINT SULPICE TENNIS DE TABLE,41,Loir-et-Cher,CVL,Centre-Val de Loire,St Sulpice De Pommeray,41000,SALLE DES SPORTS MICHEL AUCANTE PLACE DE LA MAIRIE,https://saint-sulpice-tt.s2.yapla.com/fr/,,,aucun,,,,,annuaire public FFTT (carte.fftt.com),2026-09-02
04410083,LES PONGISTES DU VENDOMOIS,41,Loir-et-Cher,CVL,Centre-Val de Loire,Vendome,41100,GYMNASE GERARD YVON Av Gerard Yvon,,,,sans-site,,,,,annuaire public FFTT (carte.fftt.com),2026-09-02
04410615,VILLEFRANCHE SUR CHER TT,41,Loir-et-Cher,CVL,Centre-Val de Loire,Villefranche Sur Cher,41200,ESPACE SOLOGNE 7 RUE DES CHANTELETTES,https://villefranche-tennis-de-table.kalisport.com/,logos/41/04410615-villefranche-sur-cher-tt.webp,https://villefranche-tennis-de-table.kalisport.com/public/7738/upload/theme/kal-theme-logo-header.jpg,logo,#105030 #307030 #305030 #b09050,clair,,,annuaire public FFTT (carte.fftt.com),2026-09-02
04410718,VILLERBON TT,41,Loir-et-Cher,CVL,Centre-Val de Loire,Villerbon,41000,SALLE DES SPORTS 45 ROUTE DU PARC,,,,sans-site,,,,,annuaire public FFTT (carte.fftt.com),2026-09-02
04410612,VINEUIL SPORTS / SUEVRES TT,41,Loir-et-Cher,CVL,Centre-Val de Loire,Vineuil,41350,Salle Rene Thauvin Rue du Stade,https://vineuilsuevrestt.wordpress.com/,logos/41/04410612-vineuil-sports-suevres-tt.webp,https://vineuilsuevrestt.wordpress.com/wp-content/uploads/2012/06/club-labellise.jpg?w=212,logo,#d0d0d0 #303030 #505050 #f0f0f0,clair,,,annuaire public FFTT (carte.fftt.com),2026-09-02
01420152,LOIRE NORD TT,42,Loire,ARA,Auvergne-Rhône-Alpes,,,,https://www.lntt-ping.com/,logos/42/01420152-loire-nord-tt.webp,"https://static.wixstatic.com/media/cdc84c_a829160d7def46d9b2e3690034a5e2d3~mv2.png/v1/fill/w_919,h_498,al_c,q_90,usm_0.66_1.00_0.01,enc_avif,quality_auto/LE%20RETOUR%20DE%20(2).png",logo,,sombre,,,annuaire public FFTT (carte.fftt.com),2026-09-02
01420155,PING PONG CLUB GERMANOIS,42,Loire,ARA,Auvergne-Rhône-Alpes,,,,https://ppcg42.sportsregions.fr/,logos/42/01420155-ping-pong-club-germanois.webp,https://ppcg42.sportsregions.fr/media/uploaded/sites/23511/association/657a126081101_LOGOPPCGStGermainLaval.gif,logo,#103070 #103090 #103050 #1050b0,clair,,,annuaire public FFTT (carte.fftt.com),2026-09-02
01420162,TT Andrezieux boutheon saint cyp,42,Loire,ARA,Auvergne-Rhône-Alpes,,,,,,,sans-site,,,,,annuaire public FFTT (carte.fftt.com),2026-09-02
01420009,TT CRAPONNE/ARZON,42,Loire,ARA,Auvergne-Rhône-Alpes,,,,,,,sans-site,,,,,annuaire public FFTT (carte.fftt.com),2026-09-02
01420112,AL BOEN,42,Loire,ARA,Auvergne-Rhône-Alpes,Boen,42130,Gymnase de Boen Rue du gymnase,,,,sans-site,,,,,annuaire public FFTT (carte.fftt.com),2026-09-02
01420141,TT BRIENNON,42,Loire,ARA,Auvergne-Rhône-Alpes,Briennon,42720,Salle du port 1 impasse des tuiliers,,,,sans-site,,,,,annuaire public FFTT (carte.fftt.com),2026-09-02
01420110,AL TT CHARLIEU,42,Loire,ARA,Auvergne-Rhône-Alpes,Charlieu,42190,GYMNASE JO GIRGENTI 42 ROUTE DE FLEURY,http://alttcharlieu.free.fr/,logos/42/01420110-al-tt-charlieu.webp,http://alttcharlieu.free.fr/img/aftt-trackmania-logo.png,logo,#f0f0f0 #503070 #5090f0 #307010,clair,,,annuaire public FFTT (carte.fftt.com),2026-09-02
01420151,ENT FEURS CIVENS TT,42,Loire,ARA,Auvergne-Rhône-Alpes,Feurs,42110,Gymnase G1 Rte de Civens,,,,sans-site,,,,,annuaire public FFTT (carte.fftt.com),2026-09-02
01420140,AL FRAISSES TT,42,Loire,ARA,Auvergne-Rhône-Alpes,Fraisses,42490,Gymnase intercommunal DORIAN R. DE L'ONDAINE,https://alfraissestt.fr/,logos/42/01420140-al-fraisses-tt.webp,https://alfraissestt.fr/wp-content/uploads/2020/10/cropped-Sans-titre-180x180.jpg,logo,#f05050 #309090 #b09050 #907050,clair,,,annuaire public FFTT (carte.fftt.com),2026-09-02
01420088,JA GENILAC,42,Loire,ARA,Auvergne-Rhône-Alpes,Genilac,42800,Gymnase le Feloin allee des Bourdonnes,https://ja-genilac.fr/,logos/42/01420088-ja-genilac.webp,https://ja-genilac.fr/wp-content/uploads/2022/11/cropped-logo-balleombre.jpg,logo,#f09010 #f0d050 #f0b010 #b05010,clair,,,annuaire public FFTT (carte.fftt.com),2026-09-02
01420108,L HORME TT,42,Loire,ARA,Auvergne-Rhône-Alpes,L Horme,42152,Salle Rene Merle Rue Leon Nicaise,,,,sans-site,,,,,annuaire public FFTT (carte.fftt.com),2026-09-02
01420078,LA FEUILLANTINE,42,Loire,ARA,Auvergne-Rhône-Alpes,La Fouillouse,42480,SALLE POLYVALENTE Rue DE ST JUST,https://feuillantinett.fr/,logos/42/01420078-la-feuillantine.webp,http://feuillantinett.fr/wp-content/uploads/2020/09/logo-fouillouse.jpg,logo,#10b0f0 #101010 #b0b0b0 #909090,clair,,,annuaire public FFTT (carte.fftt.com),2026-09-02
01420106,TT GRAND CROIX,42,Loire,ARA,Auvergne-Rhône-Alpes,La Grand Croix,42320,Salle Roger Riviere Rue Louis Pasteur. Proximite Sortie de l'autoroute,https://ttgc.fr/,logos/42/01420106-tt-grand-croix.webp,https://ttgc.fr/wp-content/uploads/2023/08/Logo2.jpg,logo,#903050 #f0f070 #905050 #f0f0d0,clair,,,annuaire public FFTT (carte.fftt.com),2026-09-02
01420123,AS LA VALLA EN GIER,42,Loire,ARA,Auvergne-Rhône-Alpes,La Valla En Gier,42131,Salle polyvalente 4 rue Marcellin Champagnat,,,,sans-site,,,,,annuaire public FFTT (carte.fftt.com),2026-09-02
01420013,REVEIL CHAMBONNAIRE,42,Loire,ARA,Auvergne-Rhône-Alpes,Le Chambon Feugerolles,42500,GYMNASE GUY ET ALAIN 2 RUE BENOIT FOURNEYRON,https://reveil-chambonnaire-tt.fr/,logos/42/01420013-reveil-chambonnaire.webp,https://reveil-chambonnaire-tt.fr/wp-content/uploads/2026/08/logo-rctt.jpg,logo,#303030 #305050 #901030 #b01030,clair,,,annuaire public FFTT (carte.fftt.com),2026-09-02
01420311,Tennis de Table du Coteau,42,Loire,ARA,Auvergne-Rhône-Alpes,Le Coteau,42120,gymnase ecole des plaines rue W. Churchill,,,,sans-site,,,,,annuaire public FFTT (carte.fftt.com),2026-09-02
01420070,TCT MONTBRISON,42,Loire,ARA,Auvergne-Rhône-Alpes,Montbrison,42600,SALLE GUY IV 8 Boulevard Gambetta,http://tctmontbrison.free.fr/,logos/42/01420070-tct-montbrison.webp,http://tctmontbrison.free.fr/local/cache-vignettes/L108xH40/rubon43-7c4c9.png?1773395687,logo,#f07010 #f0d0b0 #f0b070 #f09050,clair,,,annuaire public FFTT (carte.fftt.com),2026-09-02
01420048,TT MONTROND LES BAINS,42,Loire,ARA,Auvergne-Rhône-Alpes,Montrond Les Bains,42210,Salle Henri Thomas Stade Georges Chavanne 291 avenue de la route bleue,https://montrondtt.fr/,logos/42/01420048-tt-montrond-les-bains.webp,https://montrondtt.fr/wp-content/uploads/2023/09/logo-ttm-500-par-500.jpg,logo,#b0b0b0 #d0d0d0 #909090 #707070,clair,,,annuaire public FFTT (carte.fftt.com),2026-09-02
01420128,TT PELUSSIN,42,Loire,ARA,Auvergne-Rhône-Alpes,Pelussin,42410,GYMNASE DE LA BARGE 9 RUE DE LA BARGE,https://club.quomodo.com/ttpelussin,,,aucun,,,,,annuaire public FFTT (carte.fftt.com),2026-09-02
01420148,AS POUILLY LES NONAINS TT,42,Loire,ARA,Auvergne-Rhône-Alpes,Pouilly Les Nonains,42155,SALLE OMNISPORTS ALLEE DE MARDELOUP,,,,sans-site,,,,,annuaire public FFTT (carte.fftt.com),2026-09-02
01420018,MJC RIVE DE GIER,42,Loire,ARA,Auvergne-Rhône-Alpes,Rive De Gier,42800,MJC RIVE DE GIER 25 r. Antoine Marrel,https://www.mjcrivedegier42.com/,logos/42/01420018-mjc-rive-de-gier.webp,https://static.wixstatic.com/media/a4e9d2_6bdbe68208114642a13a5d9b355eeac2~mv2.png,logo,#b0b0b0 #b01030 #901050 #909090,clair,,,annuaire public FFTT (carte.fftt.com),2026-09-02
01420156,ROANNE MABLY TENNIS DE TABLE,42,Loire,ARA,Auvergne-Rhône-Alpes,Roanne,42300,SALLE HELENE BOUCHER RUE DU BOIS LE PRETRE,https://rmtt-ping.fr/,,,aucun,,,,,annuaire public FFTT (carte.fftt.com),2026-09-02
01420153,SAINT CHRISTO/ST ROMAIN TT,42,Loire,ARA,Auvergne-Rhône-Alpes,Saint-Christo-En-Jarez,42320,Salle de tennis de table rue du stade,,,,sans-site,,,,,annuaire public FFTT (carte.fftt.com),2026-09-02
01420315,HAUT PILAT TENNIS DE TABLE,42,Loire,ARA,Auvergne-Rhône-Alpes,Saint Genest Malifaux,42660,GYMNASE CROIX DE GARRY La croix de Garry,,,,sans-site,,,,,annuaire public FFTT (carte.fftt.com),2026-09-02
01420055,AEC SORBIERS,42,Loire,ARA,Auvergne-Rhône-Alpes,Sorbiers,42290,Salle de l'ARENA AV du Valjoly vers la piscine de l'ozon,https://aecsorbierstt.fr/,logos/42/01420055-aec-sorbiers.webp,https://aecsorbierstt.fr/wp-content/uploads/2024/03/Logo-club-noir-fond-transparent-et-raquettes-colorees-reduit.png,logo,#303030 #505050 #f01010 #503030,clair,,,annuaire public FFTT (carte.fftt.com),2026-09-02
01420149,SAINT CHAMOND TT,42,Loire,ARA,Auvergne-Rhône-Alpes,St Chamond,42400,SALLE ARMAND FORMET 1 rue Louis chatin,https://www.sctt.fr/,logos/42/01420149-saint-chamond-tt.webp,https://www.sctt.fr/wp-content/uploads/2014/01/Logo-club_250x100.png,logo,#d01010 #d05050 #d03030 #505050,clair,,,annuaire public FFTT (carte.fftt.com),2026-09-02
01420017,ETOILE DE MONTAUD ST ETIENNE,42,Loire,ARA,Auvergne-Rhône-Alpes,St Etienne,42000,Etoile de Montaud 10 R LAMARTINE,https://www.montaudtt.fr/,logos/42/01420017-etoile-de-montaud-st-etienne.webp,https://www.montaudtt.fr/images/logo-etoile-300.png,logo,#107030 #103030 #b01010 #d0f0d0,clair,,,annuaire public FFTT (carte.fftt.com),2026-09-02
01420124,FJEP METARE,42,Loire,ARA,Auvergne-Rhône-Alpes,St Etienne,42000,Gymnase de la Metare 16 rue Virgile,,,,sans-site,,,,,annuaire public FFTT (carte.fftt.com),2026-09-02
01420138,LPBB St Galmier,42,Loire,ARA,Auvergne-Rhône-Alpes,St Galmier,42330,GYMNASE ROGER RIVIERE AVENUE DE LA COISE,https://www.lpbb-st-galmier-tt.fr/,logos/42/01420138-lpbb-st-galmier.webp,https://www.lpbb-st-galmier-tt.fr/wp-content/uploads/2026/06/cropped-logo-lpbb-180x180.png,logo,#f0d0b0 #f0b090 #f0d0d0 #f0f0f0,sombre,,,annuaire public FFTT (carte.fftt.com),2026-09-02
01420154,ST HEAND TT,42,Loire,ARA,Auvergne-Rhône-Alpes,St Heand,42570,ESPACE JEAN VERNIER 1 RUE DE L'AVENIR,,,,sans-site,,,,,annuaire public FFTT (carte.fftt.com),2026-09-02
01420160,TT PONTRAMBERTOIS,42,Loire,ARA,Auvergne-Rhône-Alpes,St Just St Rambert,42170,Salle de Tennis de Table 37 Allee des Muriers Quartier Saint Just,https://tt-pontrambertois.fr/,logos/42/01420160-tt-pontrambertois.webp,https://tt-pontrambertois.fr/wp-content/themes/ttpontrambertois/images/logo.png,logo,#101030 #301050 #101050 #909090,clair,,,annuaire public FFTT (carte.fftt.com),2026-09-02
01420080,TT ST PRIEST EN JAREZ,42,Loire,ARA,Auvergne-Rhône-Alpes,St Priest En Jarez,42270,Salle polyv. la bargette Rue Simone de Beauvoir,https://tt-st-priest-en-jarez.fr/,logos/42/01420080-tt-st-priest-en-jarez.svg,https://tt-st-priest-en-jarez.fr/wp-content/uploads/2021/11/logo-club-st-priest.svg,logo,,clair,,,annuaire public FFTT (carte.fftt.com),2026-09-02
01420014,AEC UNIEUX,42,Loire,ARA,Auvergne-Rhône-Alpes,Unieux,42240,AEC UNIEUX 5 rue Jules Verne equipes Reg. et D1,,,,sans-site,,,,,annuaire public FFTT (carte.fftt.com),2026-09-02
01420163,TENNIS DE TABLE VEAUCHE,42,Loire,ARA,Auvergne-Rhône-Alpes,Veauche,42340,Salle Rene Santoire 10 Rue du Gabion,https://ttveauche.fr/,logos/42/01420163-tennis-de-table-veauche.webp,https://ttveauche.fr/wp-content/uploads/2022/06/logo5.gif,logo,#f0f070 #d0d050 #f01010 #b0b050,clair,,,annuaire public FFTT (carte.fftt.com),2026-09-02
01420117,TT VILLARS,42,Loire,ARA,Auvergne-Rhône-Alpes,Villars,42390,Complexe sport. R. Souchon 11 r. hotel de ville,https://ttvillars.fr/,logos/42/01420117-tt-villars.webp,https://ttvillars.fr/wp-content/uploads/2020/10/cropped-petanque_2017-300x300.jpg,logo,#303070 #103090 #d0d0f0 #f0f0f0,clair,,,annuaire public FFTT (carte.fftt.com),2026-09-02
01420166,AS VILLEREST TENNIS DE TABLE,42,Loire,ARA,Auvergne-Rhône-Alpes,Villerest,42300,Espace Oxygene 204-330 route de la mirandole,https://asvilleresttt.fr/,logos/42/01420166-as-villerest-tennis-de-table.webp,https://asvilleresttt.fr/wp-content/uploads/2026/09/logo-as-villerest-tt-region-auvergne-rhone-alpes-grand.png,logo,#d0d0d0 #b0b0b0 #303030 #1090f0,clair,,,annuaire public FFTT (carte.fftt.com),2026-09-02
01420012,JA VIOLAY,42,Loire,ARA,Auvergne-Rhône-Alpes,Violay,42780,Salle Raymond BLEIN rte de Cherblanc,,,,sans-site,,,,,annuaire public FFTT (carte.fftt.com),2026-09-02
01420309,TT BLAVOZY,43,Haute-Loire,ARA,Auvergne-Rhône-Alpes,Blavozy,43700,gymnase de blavozy 8 place felix tempere blavozy,https://www.blavozy-tt.fr/,,,aucun,,,,,annuaire public FFTT (carte.fftt.com),2026-09-02
01420299,TT BRIVADOIS,43,Haute-Loire,ARA,Auvergne-Rhône-Alpes,Brioude,43100,GYMNASE MUNICIPAL Rue de la Croix Saint Isidor,,,,sans-site,,,,,annuaire public FFTT (carte.fftt.com),2026-09-02
01420237,CTT LE PUY - CHADRAC,43,Haute-Loire,ARA,Auvergne-Rhône-Alpes,Chadrac,43770,GYMNASE JEAN MOULIN COMPLEXE SPORTIF AVENUE PIERRE DE COUBERTIN,http://cttpc43.wix.com,,,aucun,,,,,annuaire public FFTT (carte.fftt.com),2026-09-02
01420003,TT LL DUNIERES,43,Haute-Loire,ARA,Auvergne-Rhône-Alpes,Dunieres,43220,SALLE OMNISPORT Rue du Stade,,,,sans-site,,,,,annuaire public FFTT (carte.fftt.com),2026-09-02
01420314,LANTRIAC TENNIS DE TABLE,43,Haute-Loire,ARA,Auvergne-Rhône-Alpes,Lantriac,43260,Gymnase du Vourzet 820 Impasse de Coudenne,,,,sans-site,,,,,annuaire public FFTT (carte.fftt.com),2026-09-02
01420305,T.T HAUT-LIGNON,43,Haute-Loire,ARA,Auvergne-Rhône-Alpes,Le Chambon Sur Lignon,43400,Complexe les Bretchs Route du stade,,,,sans-site,,,,,annuaire public FFTT (carte.fftt.com),2026-09-02
01420316,ASC DU CANTON DE LOUDES,43,Haute-Loire,ARA,Auvergne-Rhône-Alpes,Loudes,43320,Salle Polyvalente 17 Allée des peupliers,,,,sans-site,,,,,annuaire public FFTT (carte.fftt.com),2026-09-02
01420307,UP Monistrol Ste-sigolene,43,Haute-Loire,ARA,Auvergne-Rhône-Alpes,Monistrol Sur Loire,43120,GYMNASE Place Jourda De Vaux,https://upms-tennisdetable.fr/,logos/43/01420307-up-monistrol-ste-sigolene.webp,https://upms-tennisdetable.fr/wp-content/uploads/2022/07/Logo-UPMS.png,favicon,#b0b0b0 #d0d0d0 #707070 #f0f0f0,clair,,,annuaire public FFTT (carte.fftt.com),2026-09-02
01420167,RETOURNAC TT,43,Haute-Loire,ARA,Auvergne-Rhône-Alpes,Retournac,43130,RETOURNAC T. T. gymnase rue jean saby,https://retournac-tt.fr/,logos/43/01420167-retournac-tt.webp,https://retournac-tt.fr/wp-content/uploads/2023/11/logo-RTT.jpg,logo,#d0d0d0 #303030 #b0b0b0 #909090,clair,,,annuaire public FFTT (carte.fftt.com),2026-09-02
01420291,TT ST JUST MALMONT,43,Haute-Loire,ARA,Auvergne-Rhône-Alpes,St Just Malmont,43240,COMPLEXE SPORTIF N2,https://www.ttstjustmalmont.fr/,logos/43/01420291-tt-st-just-malmont.webp,https://www.ttstjustmalmont.fr/wp-content/uploads/2020/10/cropped-Logo_Club_TT_Saint-Just-Malmont.jpg,logo,#909090 #707070 #f0f0f0 #b0b0b0,clair,,,annuaire public FFTT (carte.fftt.com),2026-09-02
01420240,T.T.Vergongheon,43,Haute-Loire,ARA,Auvergne-Rhône-Alpes,Vergongheon,43360,SALLE DES FETES PLACE DE LA MAIRIE,https://www.ttvergongheon.com/,logos/43/01420240-t-t-vergongheon.webp,https://www.ttvergongheon.com/media/uploaded/sites/5267/association/5ecd6b97aec7d_114015727050345229752123387828328327748231n.jpg,logo,#d0d0d0 #b0b0b0 #909090 #f0f0f0,clair,,,annuaire public FFTT (carte.fftt.com),2026-09-02
01420210,TENNIS DE TABLE YSSINGELAIS,43,Haute-Loire,ARA,Auvergne-Rhône-Alpes,Yssingeaux,43200,COMPLEXE SPORTIF OMNISPORT C.O.C 455 Impasse du Complexe sportif,,,,sans-site,,,,,annuaire public FFTT (carte.fftt.com),2026-09-02
12440080,ALCATEL ATLANTIQUE,44,Loire-Atlantique,PDL,Pays de la Loire,,,,,,,sans-site,,,,,annuaire public FFTT (carte.fftt.com),2026-09-02
12440048,CARQUEFOU TENNIS DE TABLE,44,Loire-Atlantique,PDL,Pays de la Loire,,,,https://carquefoutt.fr/,logos/44/12440048-carquefou-tennis-de-table.webp,https://carquefoutt.fr/public/352/upload/theme/kal-theme-logo-header_4.png,logo,#505050 #305050 #b0b0b0 #909090,clair,,,annuaire public FFTT (carte.fftt.com),2026-09-02
12440030,CHATEAUBRIANT TENNIS TABLE,44,Loire-Atlantique,PDL,Pays de la Loire,,,,https://chateaubriant-tt.fr/,logos/44/12440030-chateaubriant-tennis-table.webp,https://chateaubriant-tt.fr/wp-content/uploads/2026/08/logoTransparentV1.png,logo,#505050 #f01010 #d01010 #f0f0f0,clair,,,annuaire public FFTT (carte.fftt.com),2026-09-02
12440262,CHEVROLIERE DU LAC TT,44,Loire-Atlantique,PDL,Pays de la Loire,,,,https://lachevrolierett.fr/,logos/44/12440262-chevroliere-du-lac-tt.webp,https://lachevrolierett.fr/wp-content/uploads/2022/11/z-logo3-web-scaled.jpg,logo,#f03030 #d0d0d0 #909090 #b0b0b0,clair,,,annuaire public FFTT (carte.fftt.com),2026-09-02
12440016,COUETS (LES),44,Loire-Atlantique,PDL,Pays de la Loire,,,,http://ttalc.free.fr/,logos/44/12440016-couets-les.webp,http://ttalc.free.fr/images/logo_alc.png,logo,#f01010 #d01010 #501010 #301010,clair,,,annuaire public FFTT (carte.fftt.com),2026-09-02
12440009,JOVEENNE LANGUEUROISE E.S.,44,Loire-Atlantique,PDL,Pays de la Loire,,,,https://esjltt.wixsite.com/tennisdetable,logos/44/12440009-joveenne-langueuroise-e-s.webp,"https://static.wixstatic.com/media/7d7f28_4153250d7f8246f0987aa0100305c9f4~mv2.png/v1/fill/w_204,h_210,al_c,q_85,usm_0.66_1.00_0.01,enc_avif,quality_auto/LOGO_JOVEENE%20png.png",logo,#107010 #90d050 #90d070 #90f050,clair,,,annuaire public FFTT (carte.fftt.com),2026-09-02
12440076,LIGNE A.S.T.T.,44,Loire-Atlantique,PDL,Pays de la Loire,,,,https://asttligne.fr/,logos/44/12440076-ligne-a-s-t-t.webp,https://asttligne.fr/wp-content/uploads/2026/06/cropped-Logo-ASTT-Ligne-bleu-blanc-1-180x180.png,logo,#1050f0 #90b0f0 #b0d0f0 #f0f0f0,clair,,,annuaire public FFTT (carte.fftt.com),2026-09-02
12440210,MEDIDENT,44,Loire-Atlantique,PDL,Pays de la Loire,,,,,,,sans-site,,,,,annuaire public FFTT (carte.fftt.com),2026-09-02
12440011,NANTES ASPTT,44,Loire-Atlantique,PDL,Pays de la Loire,,,,,,,sans-site,,,,,annuaire public FFTT (carte.fftt.com),2026-09-02
12440116,NANTES ST JOSEPH TENNIS DE TABLE,44,Loire-Atlantique,PDL,Pays de la Loire,,,,https://nsjtt.fr/,logos/44/12440116-nantes-st-joseph-tennis-de-table.webp,https://nsjtt.fr/wp-content/uploads/2024/04/logo_white.jpg,logo,#909090 #b0b0b0 #707070 #d01010,clair,,,annuaire public FFTT (carte.fftt.com),2026-09-02
12440055,PAZENAISE T.T.,44,Loire-Atlantique,PDL,Pays de la Loire,,,,https://lapazenaisett.com/,logos/44/12440055-pazenaise-t-t.webp,https://lapazenaisett.com/wp-content/uploads/2023/09/cropped-LOGO_PAZENAISE-quadri-1.png,logo,#3090d0 #f0f0d0 #5090d0 #70b0d0,clair,,,annuaire public FFTT (carte.fftt.com),2026-09-02
12440024,ST HERBLAIN T.T.,44,Loire-Atlantique,PDL,Pays de la Loire,,,,https://ttsh.fr/,logos/44/12440024-st-herblain-t-t.webp,https://ttsh.fr/public/6093/upload/theme/kal-theme-logo-header.png,logo,#90d0b0 #90b0b0 #505050 #b0d0d0,clair,,,annuaire public FFTT (carte.fftt.com),2026-09-02
12440138,ST JULIEN TENNIS DE TABLE,44,Loire-Atlantique,PDL,Pays de la Loire,,,,https://sjtt.org/,logos/44/12440138-st-julien-tennis-de-table.webp,https://sjtt.org/wp-content/uploads/2022/09/logo-cm.png,logo,#303090 #f01030 #305090 #505090,clair,,,annuaire public FFTT (carte.fftt.com),2026-09-02
12440021,ST SEBASTIEN P.P.C.,44,Loire-Atlantique,PDL,Pays de la Loire,,,,https://www.ppcss.fr/,logos/44/12440021-st-sebastien-p-p-c.webp,https://www.ppcss.fr/wp-content/uploads/2020/08/cropped-Icone-180x180.jpg,logo,#1090f0 #d0f0f0 #3090d0 #f0f0f0,clair,,,annuaire public FFTT (carte.fftt.com),2026-09-02
12440176,SUCE SUR ERDRE,44,Loire-Atlantique,PDL,Pays de la Loire,,,,https://www.ttsuceen.net/,logos/44/12440176-suce-sur-erdre.webp,https://lh3.googleusercontent.com/sitesv/AG8ngQWZZT1fNv2glXEcHcTzoDFB2ZBDWb_Tl3oLNlf66RcuVUSibOryuUP3in1CDzoB1XNO08FkBVIp23jm0XgjJo_amgdUbed-3vY6Doy_AETjiUTPsY84zXJUnx426Rm69QhgSKk9CrWl9jikzX4vdI0e1IHO5L5yIRF440EwvIovFc-cNzhxct3RuhXe=w16383,logo,#303070 #b0b0d0 #9090b0 #d0d0d0,clair,,,annuaire public FFTT (carte.fftt.com),2026-09-02
12440099,TEILLE C.P.,44,Loire-Atlantique,PDL,Pays de la Loire,,,,,,,sans-site,,,,,annuaire public FFTT (carte.fftt.com),2026-09-02
12440038,TRIGNAC TENNIS DE TABLE,44,Loire-Atlantique,PDL,Pays de la Loire,,,,,,,sans-site,,,,,annuaire public FFTT (carte.fftt.com),2026-09-02
12440101,AIGREFEUILLAIS C.P.,44,Loire-Atlantique,PDL,Pays de la Loire,Aigrefeuille Sur Maine,44140,COMPLEXE SPORTIF DES RICHARDIERE rue de la chapelle,https://clubpongisteaigrefeuillais.clubeo.com/,logos/44/12440101-aigrefeuillais-c-p.webp,https://s3.static-clubeo.com/250/uploads/clubpongisteaigrefeuillais/logo__76a9t1x9n.png,logo,#303030 #505050 #101010 #707070,clair,,,annuaire public FFTT (carte.fftt.com),2026-09-02
12440026,ANCENIS ST GEREON TT,44,Loire-Atlantique,PDL,Pays de la Loire,Ancenis,44150,Salle de Tennis de Table 30 Place Francis Robert Espace Corail,https://ancenistt.fr/,logos/44/12440026-ancenis-st-gereon-tt.webp,https://ancenistt.fr/storage/2019/07/cropped-cropped-Logo-bas-de-page-ATT-2.png,logo,#707070 #b03010 #909090 #101010,clair,,,annuaire public FFTT (carte.fftt.com),2026-09-02
12440238,GOULAINE OMNISPORTS,44,Loire-Atlantique,PDL,Pays de la Loire,Basse Goulaine,44115,SALLE OMNISPORTS HERDRIE 81 RUE DE LA BASSE LANDE,https://goulainett.sportsregions.fr/,logos/44/12440238-goulaine-omnisports.webp,https://goulainett.sportsregions.fr/media/uploaded/sites/8966/association/6526c01d0e05f_logogoulaineomnisport.png,logo,#d0f0f0 #f0f0f0 #90d0f0 #b0d0f0,clair,,,annuaire public FFTT (carte.fftt.com),2026-09-02
12440054,BESNE TENNIS DE TABLE,44,Loire-Atlantique,PDL,Pays de la Loire,Besne,44160,Salle de La Chalandiere Chemin du Stade,,,,sans-site,,,,,annuaire public FFTT (carte.fftt.com),2026-09-02
12440032,TENNIS DE TABLE CLUB DE BLAIN,44,Loire-Atlantique,PDL,Pays de la Loire,Blain,44130,NOEL GERARD RUE RENE GIRAUD,https://ttcblain.fr/,logos/44/12440032-tennis-de-table-club-de-blain.webp,https://ttcblain.fr/images/home/bureau.png,logo,#f0f0f0 #d0d0d0 #b0b0b0 #909090,clair,,,annuaire public FFTT (carte.fftt.com),2026-09-02
12440081,BOUAYE A.L.,44,Loire-Atlantique,PDL,Pays de la Loire,Bouaye,44830,SALLE DE BELLESTRE RUE DU STADE,https://albtt44.wixsite.com/albtt44,logos/44/12440081-bouaye-a-l.webp,"https://static.wixstatic.com/media/0bf1d7_8b2973780b0740309bf77981bf8c49c4~mv2.png/v1/fill/w_216,h_216,al_c,q_85,enc_avif,quality_auto/logo_albtt.png",logo,#d0d0d0 #707070 #303030 #909090,clair,,,annuaire public FFTT (carte.fftt.com),2026-09-02
12440154,BOUEE Tennis de Table,44,Loire-Atlantique,PDL,Pays de la Loire,Bouee,44260,SALLE POLYVALENTE ROUTE DE LAVAU,,,,sans-site,,,,,annuaire public FFTT (carte.fftt.com),2026-09-02
12440092,ASCEE,44,Loire-Atlantique,PDL,Pays de la Loire,Bouguenais,44340,LABO. PONTS ET CHAUSSEES IFSTTAR ROUTE DE BOUAYE,,,,sans-site,,,,,annuaire public FFTT (carte.fftt.com),2026-09-02
12440025,BOUSSAY T.T.C.,44,Loire-Atlantique,PDL,Pays de la Loire,Boussay,44190,SALLE OMNISPORT RUE DES SAUSAIES,https://ttboussay.sportsregions.fr/,logos/44/12440025-boussay-t-t-c.webp,https://ttboussay.sportsregions.fr/media/uploaded/sites/6867/association/66ead84d20372_LogoFondNoir.JPG,logo,#303030 #909090 #707070 #505050,clair,,,annuaire public FFTT (carte.fftt.com),2026-09-02
12440070,CLUB PONGISTE CHATEAU-THEBAUD,44,Loire-Atlantique,PDL,Pays de la Loire,Chateau Thebaud,44690,SALLE OMNISPORT RUE DES SPORTS,,,,sans-site,,,,,annuaire public FFTT (carte.fftt.com),2026-09-02
12440073,CHAUMES EN RETZ TT,44,Loire-Atlantique,PDL,Pays de la Loire,Chemere,44680,SALLE DES SPORTS LA PACAUDERIE,http://www.ttcr.fr,,,aucun,,,,,annuaire public FFTT (carte.fftt.com),2026-09-02
12440260,TT CLISSONNAIS,44,Loire-Atlantique,PDL,Pays de la Loire,Clisson,44190,COMPLEXE SPORTIF VAL MOINE ROUTE DE BOURNIGAL,https://www.ttclissonnais.fr/,logos/44/12440260-tt-clissonnais.webp,https://www.ttclissonnais.fr/assets/img/logo_ttc_500x125.png,logo,#701010 #903030 #d0d0d0 #b07070,clair,,,annuaire public FFTT (carte.fftt.com),2026-09-02
12440140,CORCOUEENNE,44,Loire-Atlantique,PDL,Pays de la Loire,Corcoue Sur Logne,44650,SALLE OMNISPORT RUE DU STADE ST ETIENNE,,,,sans-site,,,,,annuaire public FFTT (carte.fftt.com),2026-09-02
12440034,COUERON T.T.,44,Loire-Atlantique,PDL,Pays de la Loire,Coueron,44220,Complexe Sportif René Gaudin Rue Marcel de la Provote (Derriere velodrome),,,,sans-site,,,,,annuaire public FFTT (carte.fftt.com),2026-09-02
12440218,ENTENTE PONGISTE SUD LOIRE,44,Loire-Atlantique,PDL,Pays de la Loire,Geneston,44140,COMPLEXE SPORTIF ALLEE DU BOIS DE LA NOUELLE,,,,sans-site,,,,,annuaire public FFTT (carte.fftt.com),2026-09-02
12440158,GRANDCHAMP T.T.,44,Loire-Atlantique,PDL,Pays de la Loire,Grandchamps Des Fontaines,44119,COMPLEXE SPORTIF de BELLEVUE rue des sports Grandchamp des Fontaines,https://grandchamp-tennis-de-table.clubeo.com/,logos/44/12440158-grandchamp-t-t.webp,https://s2.static-clubeo.com/250/uploads/grandchamp-tennis-de-table/logo__76f3mg2z1.png,logo,#103050 #303050 #505050 #707050,clair,,,annuaire public FFTT (carte.fftt.com),2026-09-02
12440195,PRESQU ILE T.T.,44,Loire-Atlantique,PDL,Pays de la Loire,Guerande,44350,Salle de Tennis de Table Avenue Gustave Flaubert Gymnase Kerbiniou,https://tennis-de-table-presquile.fr/,logos/44/12440195-presqu-ile-t-t.webp,https://tennis-de-table-presquile.fr/wp-content/uploads/elementor/thumbs/Logo-transparent-avec-texte-olel6kmckl21up4utg65ccmh14mgx4n94l11nm195o.png,logo,#f0f0f0 #d0d0d0,sombre,,,annuaire public FFTT (carte.fftt.com),2026-09-02
12440015,BRIERE T.T.,44,Loire-Atlantique,PDL,Pays de la Loire,Herbignac,44410,COMPLEXE OMNISPORT Avenue des sports,https://club.quomodo.com/brierett/accueil,,,aucun,,,,,annuaire public FFTT (carte.fftt.com),2026-09-02
12440031,HERIC T.T.,44,Loire-Atlantique,PDL,Pays de la Loire,Heric,44810,SALLE DES SPORTS 7 RUE ANNE DE BRETAGNE,https://www.herictt.fr/,logos/44/12440031-heric-t-t.webp,https://www.herictt.fr/wp-content/uploads/2023/03/logo_herictt_alpha_169px.png,logo,#b05050 #303030 #903030 #301010,clair,,,annuaire public FFTT (carte.fftt.com),2026-09-02
12440279,BERNERIE (LA),44,Loire-Atlantique,PDL,Pays de la Loire,La Bernerie En Retz,44760,GUY PRESSENCE ROUTE DES MOUTIERS,,,,sans-site,,,,,annuaire public FFTT (carte.fftt.com),2026-09-02
12440033,CHAPELAINE (LA),44,Loire-Atlantique,PDL,Pays de la Loire,La Chapelle Sur Erdre,44240,SALLE Dr R. DAVID COMPLEXE DE LA COUTANCIERE,https://pingchapelaine.blogspot.com/,,,aucun,,,,,annuaire public FFTT (carte.fftt.com),2026-09-02
12440039,ASAGTT HAIE FOUASSIERE (LA),44,Loire-Atlantique,PDL,Pays de la Loire,La Haie Fouassiere,44690,SALLE DES BRUYERES GYMNASE MOULIN LANDES,,,,sans-site,,,,,annuaire public FFTT (carte.fftt.com),2026-09-02
12440094,MONTAGNE (LA) A.S.C.,44,Loire-Atlantique,PDL,Pays de la Loire,La Montagne,44620,SALLE COLETTE AUDRY RUE DE LA GAUDINIERE,https://www.asclmtt.com/,logos/44/12440094-montagne-la-a-s-c.webp,https://www.asclmtt.com/vues/.defaut/structure/head/images/favicon.png?6de946fa43483dbc63f46800f061cca8,favicon,#f01070 #f05070 #f0b0b0 #f09090,clair,,,annuaire public FFTT (carte.fftt.com),2026-09-02
12440152,ST MARS LE CELLIER,44,Loire-Atlantique,PDL,Pays de la Loire,Le Cellier,44850,COMPLEXE SPORTIF ALLEE LANGFORDEN,http://www.smctt.jimdofree.com,,,aucun,,,,,annuaire public FFTT (carte.fftt.com),2026-09-02
12440285,LE CROISIC ESPADON TENNIS TABLE,44,Loire-Atlantique,PDL,Pays de la Loire,Le Croisic,44490,Salle des sports Gabriel GOURAUD 6837A avenue des Moulin,,,,sans-site,,,,,annuaire public FFTT (carte.fftt.com),2026-09-02
12440191,GAVRE (LE) T.T.,44,Loire-Atlantique,PDL,Pays de la Loire,Le Gavre,44130,SALLE OMNISPORT RUE DU STADE,https://le-gavre-tt.kalisport.com/,logos/44/12440191-gavre-le-t-t.webp,https://le-gavre-tt.kalisport.com/public/6601/upload/theme/kal-theme-logo-header.png,logo,#d0d0d0 #f0f0f0 #b0b0b0 #909090,clair,,,annuaire public FFTT (carte.fftt.com),2026-09-02
12440104,LOROUX BOTTEREAU (LE) CEPOLO,44,Loire-Atlantique,PDL,Pays de la Loire,Le Loroux Bottereau,44430,SALLE DES GARDES RUE DU SQUARE,,,,sans-site,,,,,annuaire public FFTT (carte.fftt.com),2026-09-02
12440139,PALLET (LE) TT,44,Loire-Atlantique,PDL,Pays de la Loire,Le Pallet,44330,COMPLEXE SPORTIF ROUTE DE VALLET,https://www.ttpallet.fr/,logos/44/12440139-pallet-le-tt.webp,https://www.ttpallet.fr/media/uploaded/sites/579/association/66f6d4cadc45a_Logo2019.jpg,logo,#d0d0d0 #f0f0f0 #b0b0b0 #505050,clair,,,annuaire public FFTT (carte.fftt.com),2026-09-02
12440074,PELLERIN (LE),44,Loire-Atlantique,PDL,Pays de la Loire,Le Pellerin,44640,Salle Gilles De La Bourdonnaye Rue de la Jouardais Espace Rene Cassin,https://www.ttcp.fr/,logos/44/12440074-pellerin-le.webp,https://www.ttcp.fr/images/logo/ttcp-logo.png,logo,#109010 #103010 #107010 #90b090,clair,,,annuaire public FFTT (carte.fftt.com),2026-09-02
12440064,POULIGUEN (LE),44,Loire-Atlantique,PDL,Pays de la Loire,Le Pouliguen,44510,GYMNASE COLLEGE JULES VERNE RUE THEODORE BOTREL,https://mouettett.fr/,logos/44/12440064-pouliguen-le.webp,https://mouettett.fr/wp-content/uploads/2020/05/web-lite-logo-mouette-2008-copie-e1590158012444.jpg,logo,#f0f0f0 #d0d0f0 #b0b0f0 #d0f0d0,clair,,,annuaire public FFTT (carte.fftt.com),2026-09-02
12440185,LEGE A.S.T.T.,44,Loire-Atlantique,PDL,Pays de la Loire,Lege,44650,SALLE OMNISPORTS 3 RUE PIERRE DE COUBERTIN,,,,sans-site,,,,,annuaire public FFTT (carte.fftt.com),2026-09-02
12440023,SORINIERES (LES),44,Loire-Atlantique,PDL,Pays de la Loire,Les Sorinieres,44840,Salle du Haut Vigneau 61 Rue de la Maillardiere,https://stt.sportsregions.fr/,logos/44/12440023-sorinieres-les.webp,https://stt.sportsregions.fr/media/uploaded/sites/12290/association/6283f98076587_logoSTTvert.png,logo,#10b050 #10d050 #103010 #107030,clair,,,annuaire public FFTT (carte.fftt.com),2026-09-02
12440066,MACHECOUL GDRTT,44,Loire-Atlantique,PDL,Pays de la Loire,Machecoul,44270,SALLE GITANE RUE DU SEL Centre ville,https://gdrttmachecoul.fr/,,,aucun,,,,,annuaire public FFTT (carte.fftt.com),2026-09-02
12440277,MARSACAIS TENNIS DE TABLE,44,Loire-Atlantique,PDL,Pays de la Loire,Marsac Sur Don,44170,SALLE DES 3 ARCHES,,,,sans-site,,,,,annuaire public FFTT (carte.fftt.com),2026-09-02
12440166,MAUVES TT,44,Loire-Atlantique,PDL,Pays de la Loire,Mauves Sur Loire,44470,Salle Audrey Le Morvan Rue des Saulzais Complexe des Sports Pre aux Oies,https://mauvestt.fr/,logos/44/12440166-mauves-tt.webp,https://mauvestt.fr/img/logo-carre.png,logo,#301070 #101050 #301090 #101070,clair,,,annuaire public FFTT (carte.fftt.com),2026-09-02
12440144,MESANGER ATT,44,Loire-Atlantique,PDL,Pays de la Loire,Mesanger,44522,Mésanger salle compétition entraînement 378 rue Cornouaille Complexe Sportif du Pont Cornouaille,,,,sans-site,,,,,annuaire public FFTT (carte.fftt.com),2026-09-02
12440197,MONTOIR ST MALO TT,44,Loire-Atlantique,PDL,Pays de la Loire,Montoir De Bretagne,44550,HALLE SPORTS COMP. SPORT. DE LA BONNE FONTAINE,https://mstmmontoirstmalo.clubeo.com/,logos/44/12440197-montoir-st-malo-tt.webp,https://s2.static-clubeo.com/100/uploads/mstmmontoirstmalo/logo__76f4z9e8s.png,logo,#707070 #303030 #505050 #909090,clair,,,annuaire public FFTT (carte.fftt.com),2026-09-02
12440142,MOUZILLON E.T.T.,44,Loire-Atlantique,PDL,Pays de la Loire,Mouzillon,44330,SALLE DES SPORTS RUE DE L EVECHE,https://mouzillontennisdetable.fr/,logos/44/12440142-mouzillon-e-t-t.webp,https://mouzillontennisdetable.fr/wp-content/uploads/2025/01/64996a38c1cdb_LOGOF-removebg-preview.png,logo,#f01010 #d01010 #905030 #301010,clair,,,annuaire public FFTT (carte.fftt.com),2026-09-02
12440105,ATSCAF LOIRE ATLANTIQUE,44,Loire-Atlantique,PDL,Pays de la Loire,Nantes,44200,MANGIN BEAULIEU RUE LOUIS JOXE,,,,sans-site,,,,,annuaire public FFTT (carte.fftt.com),2026-09-02
12440035,COMMERCANTS (LES),44,Loire-Atlantique,PDL,Pays de la Loire,Nantes,44000,MANGIN BEAULIEU II RUE LOUIS JOXE,,,,sans-site,,,,,annuaire public FFTT (carte.fftt.com),2026-09-02
12440093,NANTES AS CHU,44,Loire-Atlantique,PDL,Pays de la Loire,Nantes,44200,COMPLEXE MANGIN BEAULIEU RUE LOUIS JOXE,,,,sans-site,,,,,annuaire public FFTT (carte.fftt.com),2026-09-02
12440001,NANTES ASCBG,44,Loire-Atlantique,PDL,Pays de la Loire,Nantes,44200,NANTES ASCBG 20 RUE DU FRERE LOUIS,https://www.ascbg.fr/tennisdetable/,logos/44/12440001-nantes-ascbg.webp,https://www.ascbg.fr/tennisdetable/wp-content/uploads/sites/5/2025/09/logo-insta-1024x1024.webp,logo,#d03090 #d03070 #b03090 #f07030,clair,,,annuaire public FFTT (carte.fftt.com),2026-09-02
12440147,NANTES LE BAUT TT,44,Loire-Atlantique,PDL,Pays de la Loire,Nantes,44300,SALLE DE LA BARBOIRE 45 RUE DE LA BOURGEONNIERE,,,,sans-site,,,,,annuaire public FFTT (carte.fftt.com),2026-09-02
12440004,NANTES MELLINET (LA),44,Loire-Atlantique,PDL,Pays de la Loire,Nantes,44100,Gymnase GIGANT PLACE BEAUMANOIR A cote carrefour market,https://www.mltt.fr,,,aucun,,,,,annuaire public FFTT (carte.fftt.com),2026-09-02
12440270,NANTES MUNICIPAUX,44,Loire-Atlantique,PDL,Pays de la Loire,Nantes,44200,COMPLEXE SPORTIF BEAULIEU 2 RUE LOUIS JOXE,,,,sans-site,,,,,annuaire public FFTT (carte.fftt.com),2026-09-02
12440017,NANTES RACC,44,Loire-Atlantique,PDL,Pays de la Loire,Nantes,44300,SALLE JEAN LESBATS CHEMIN DES AMERICAINS,http://racc.tennisdetable.free.fr/,logos/44/12440017-nantes-racc.webp,http://racc.tennisdetable.free.fr/img/logo_racc.png,logo,#109010 #107010 #90d090 #f0f0f0,clair,,,annuaire public FFTT (carte.fftt.com),2026-09-02
12440058,NANTES ST MEDARD DOULON,44,Loire-Atlantique,PDL,Pays de la Loire,Nantes,44300,Salle Roger Corbard 72 Rue du Pontereau,https://saint-medard-tennis-de-table1.odoo.com/accueil,logos/44/12440058-nantes-st-medard-doulon.webp,https://saint-medard-tennis-de-table1.odoo.com/web/image/website/1/logo/Nantes%20saint%20M%C3%A9dard%20de%20Doulon%20tennis%20de%20table?unique=8dba3a1,logo,#d03010 #901030 #b0b0b0 #d0d0d0,clair,,,annuaire public FFTT (carte.fftt.com),2026-09-02
12440281,NANTES TENNIS DE TABLE,44,Loire-Atlantique,PDL,Pays de la Loire,Nantes,44200,SALLE MANGIN BEAULIEU 2 RUE LOUIS JOXE,https://nantestt.fr/,logos/44/12440281-nantes-tennis-de-table.webp,https://nantestt.fr/wp-content/uploads/2023/10/logo2023-2024-8x8-1.png,logo,#1050d0 #f0f010 #1050f0 #b0b050,clair,,,annuaire public FFTT (carte.fftt.com),2026-09-02
12440148,NANTES TOUTES AIDES - ASTA,44,Loire-Atlantique,PDL,Pays de la Loire,Nantes,44300,ASTA SALLE JOSEPH OLIVIER 9 RUE DES EPINETTES,https://asta.fr/,logos/44/12440148-nantes-toutes-aides-asta.webp,https://asta.fr/wp-content/uploads/2019/10/ASTA-Nantes.jpg,logo,#101070 #101090 #d0d0f0 #505090,clair,,,annuaire public FFTT (carte.fftt.com),2026-09-02
12440059,NORT SUR ERDRE N.A.C.T.T.,44,Loire-Atlantique,PDL,Pays de la Loire,Nort Sur Erdre,44390,SALLE DU MARAIS 15 BD PAUL DOUMER,https://www.nactt.fr/,logos/44/12440059-nort-sur-erdre-n-a-c-t-t.webp,https://www.nactt.fr/wp-content/uploads/2018/07/logo_nactt_entete.png,logo,#70b0d0 #90b0d0 #7090b0 #507070,clair,,,annuaire public FFTT (carte.fftt.com),2026-09-02
12440141,ORVAULT SPORT TENNIS DE TABLE,44,Loire-Atlantique,PDL,Pays de la Loire,Orvault,44700,SALLE GERMAIN TILAGONE AVENUE CLAUDE ANTOINE PECCOT,https://orvaultping.com/,logos/44/12440141-orvault-sport-tennis-de-table.webp,https://i0.wp.com/orvaultping.com/wp-content/uploads/2021/03/logo-site-2.png?fit=203%2C106&ssl=1,logo,#309010 #307010 #107010 #105010,clair,,,annuaire public FFTT (carte.fftt.com),2026-09-02
12440028,CERCLE PONGISTE DE PAIMBOEUF,44,Loire-Atlantique,PDL,Pays de la Loire,Paimboeuf,44560,SALLE ACTIVITE LA CORDERIE Allée des tennis,,,,sans-site,,,,,annuaire public FFTT (carte.fftt.com),2026-09-02
12440151,PETIT MARS T.T.,44,Loire-Atlantique,PDL,Pays de la Loire,Petit Mars,44390,Salle Polyvalente Complexe Fernand Sastre Route des Touches,https://www.petitmarstennisdetable.fr/,logos/44/12440151-petit-mars-t-t.webp,https://www.petitmarstennisdetable.fr/_media/img/small/logo-tiv-2.jpg,logo,#b01010 #f0f0f0 #d01010 #d09090,clair,,,annuaire public FFTT (carte.fftt.com),2026-09-02
12440056,PONT ST MARTIN U.S.,44,Loire-Atlantique,PDL,Pays de la Loire,Pont St Martin,44860,COMPL. SPORTIF VALDOTAIN RUE DES SPORTS,,,,sans-site,,,,,annuaire public FFTT (carte.fftt.com),2026-09-02
12440160,BRIVET T.T.,44,Loire-Atlantique,PDL,Pays de la Loire,Pontchateau,44160,COMPLEXE Jean GALFIONE Rue du Grand Savoir Salle Roland LOQUET,http://www.ttbrivet.asso.fr,,,aucun,,,,,annuaire public FFTT (carte.fftt.com),2026-09-02
12440193,COTE D AMOUR T.T.,44,Loire-Atlantique,PDL,Pays de la Loire,Pornichet,44380,SALLE 4 OMNISPORT PORNICHET AVENUE DE PRIEUX,,,,sans-site,,,,,annuaire public FFTT (carte.fftt.com),2026-09-02
12440236,COTELOISE TT MAUMUSSON,44,Loire-Atlantique,PDL,Pays de la Loire,Pouille Les Coteaux,44522,SALLE POLYVALENTE ROUTE DE LA ROCHE BLANCHE rue des pilotes,,,,sans-site,,,,,annuaire public FFTT (carte.fftt.com),2026-09-02
12440088,ASBR,44,Loire-Atlantique,PDL,Pays de la Loire,Reze,44400,GYMNASE DU PORT AU BLE BD ANDRE MALRAUX,,,,sans-site,,,,,annuaire public FFTT (carte.fftt.com),2026-09-02
12440019,REZE AEPR,44,Loire-Atlantique,PDL,Pays de la Loire,Reze,44400,Salle de la trocardiere (salle haute) 101 rue de la Trocardiere,,,,sans-site,,,,,annuaire public FFTT (carte.fftt.com),2026-09-02
12440020,REZE TENNIS DE TABLE,44,Loire-Atlantique,PDL,Pays de la Loire,Reze,44400,GYMNASE DU PORT AU BLE BD ANDRE MALRAUX,https://rezetennisdetable.clubeo.com/,logos/44/12440020-reze-tennis-de-table.webp,https://s3.static-clubeo.com/250/uploads/rezetennisdetable/logo__76a9t2coq.png,logo,#707070 #503090 #301090 #705090,clair,,,annuaire public FFTT (carte.fftt.com),2026-09-02
12440182,AS SAFFRÉ PIERRE BLEUE TT,44,Loire-Atlantique,PDL,Pays de la Loire,Saffre,44390,SALLE OMNISPORT,,,,sans-site,,,,,annuaire public FFTT (carte.fftt.com),2026-09-02
12440014,MISSILLAC TTC,44,Loire-Atlantique,PDL,Pays de la Loire,Saint-Gildas Des Bois,44530,Gymnase du Lycée Gabriel DESHAYES rue du Pré l'Abbé,,,,sans-site,,,,,annuaire public FFTT (carte.fftt.com),2026-09-02
12440199,ST MICHEL CHEF CHEF TTMT,44,Loire-Atlantique,PDL,Pays de la Loire,Saint-Michel-Chef-Chef,44730,Complexe sportif de la Viauderie 22 Rue De La Viauderie,,,,sans-site,,,,,annuaire public FFTT (carte.fftt.com),2026-09-02
12440067,SAVENAY ASP TT,44,Loire-Atlantique,PDL,Pays de la Loire,Savenay,44260,GYMNASE MUNICIPAL RUE DES ROITELETS,https://www.ttsavenay.fr/,logos/44/12440067-savenay-asp-tt.webp,https://www.ttsavenay.fr/mub-356-225-f8f8f8/20276/actualite/64788542198f9_LogoINSCRIPTION.png,logo,#f01010 #f0b0b0 #f03030 #f09090,clair,,,annuaire public FFTT (carte.fftt.com),2026-09-02
12440029,ST BREVIN T.T.,44,Loire-Atlantique,PDL,Pays de la Loire,St Brevin Les Pins,44250,SALLE DE TENNIS DE TABLE 10 AVENUE DE LA GUERCHE,https://saintbrevintennisdetable.fr/,logos/44/12440029-st-brevin-t-t.webp,https://saintbrevintennisdetable.fr/wp-content/uploads/2022/11/cropped-logo-SBTT-inverse.png,logo,#f01010 #f03030 #f0f0f0 #d0d0d0,clair,,,annuaire public FFTT (carte.fftt.com),2026-09-02
12440075,ST COLOMBAN T.T.,44,Loire-Atlantique,PDL,Pays de la Loire,St Colomban,44310,Salle Bel Air Route des Sports Terrain des Sports,https://st-colomban-tt.org/,logos/44/12440075-st-colomban-t-t.webp,https://st-colomban-tt.org/wp-content/uploads/2012/04/logo_sctt.jpg,logo,#f0b010 #f0f0d0 #f0f0b0 #303010,clair,,,annuaire public FFTT (carte.fftt.com),2026-09-02
12440274,ST ETIENNE TENNIS DE TABLE,44,Loire-Atlantique,PDL,Pays de la Loire,St Etienne De Montluc,44360,SALLE DU COTEAU RUE DE LA GUILLETIERE,https://tennisdetable.alsem.asso.fr/,,,aucun,,,,,annuaire public FFTT (carte.fftt.com),2026-09-02
12440008,ST HERBLAIN A.S.H.,44,Loire-Atlantique,PDL,Pays de la Loire,St Herblain,44800,GYMNASE RUE ANGEVINIERE RUE ANGEVINIERE,http://ashtt44.free.fr/,,,aucun,,,,,annuaire public FFTT (carte.fftt.com),2026-09-02
12440051,PENHOET U.M.,44,Loire-Atlantique,PDL,Pays de la Loire,St Nazaire,44600,GYMNASE DE L' ECOLE Ernest RENAN RUE DES FRERES MONVOISINS QUARTIER DE MEAN,https://www.umpttsaintnazaire.fr/,logos/44/12440051-penhoet-u-m.webp,https://www.umpttsaintnazaire.fr/media/uploaded/sites/18997/association/611607f1c57f8_logo.png,logo,#709030 #d0d0d0 #90b070 #b0d0b0,clair,,,annuaire public FFTT (carte.fftt.com),2026-09-02
12440049,ST NAZAIRE LEON BLUM TT,44,Loire-Atlantique,PDL,Pays de la Loire,St Nazaire,44600,GYMNASE D HEINLEX Pierre-Marie JURET,,,,sans-site,,,,,annuaire public FFTT (carte.fftt.com),2026-09-02
12440266,ST NAZAIRE TENNIS DE TABLE,44,Loire-Atlantique,PDL,Pays de la Loire,St Nazaire,44600,SOUS SOL SOUCOUPE AVENUE LEO LAGRANGE,http://saintnazairett.club.sportsregions.fr/,,,aucun,,,,,annuaire public FFTT (carte.fftt.com),2026-09-02
12440227,ASTT ST PERE EN RETZ,44,Loire-Atlantique,PDL,Pays de la Loire,St Pere En Retz,44320,SALLE DU GRAND FAY,,,,sans-site,,,,,annuaire public FFTT (carte.fftt.com),2026-09-02
12440087,ST PHILBERT T.T.,44,Loire-Atlantique,PDL,Pays de la Loire,St Philbert De Grand Lieu,44310,SALLE BARCELONE ALLEE DES CHEVRETS,https://stphilberttt.fr/,logos/44/12440087-st-philbert-t-t.webp,https://stphilberttt.fr/wp-content/uploads/2019/07/20190520-logo-SPTT-2019.jpg,logo,#305090 #90b0d0 #d0d0d0 #707070,clair,,,annuaire public FFTT (carte.fftt.com),2026-09-02
12440221,CREDIT MUTUEL ASCM TT,44,Loire-Atlantique,PDL,Pays de la Loire,Ste Luce Sur Loire,44980,SALLE MARC JAFFRET,,,,sans-site,,,,,annuaire public FFTT (carte.fftt.com),2026-09-02
12440084,STE LUCE T.T.,44,Loire-Atlantique,PDL,Pays de la Loire,Ste Luce Sur Loire,44980,Salle Marc Jaffret 9 MAIL DE L'EUROPE,https://sltt.fr/,logos/44/12440084-ste-luce-t-t.webp,https://sltt.fr/media/cache/logo/build/images/content/logo-SLTT-Bleu.png,logo,#105070 #103050 #103070 #305070,clair,,,annuaire public FFTT (carte.fftt.com),2026-09-02
12440258,WIRQUIN TT,44,Loire-Atlantique,PDL,Pays de la Loire,Ste Luce Sur Loire,44980,SALLE MARC JAFFRET MAIL DE L EUROPE,,,,sans-site,,,,,annuaire public FFTT (carte.fftt.com),2026-09-02
12440136,THOUARE TT,44,Loire-Atlantique,PDL,Pays de la Loire,Thouare Sur Loire,44470,COMPLEXE SPORTIF ROUTE DE LA BARRE,https://thouarett44.fr/,logos/44/12440136-thouare-tt.webp,https://thouarett44.fr/static/img/logo-noir_400.png,logo,#f07030 #f05030 #301010 #d05030,clair,,,annuaire public FFTT (carte.fftt.com),2026-09-02
12440125,TREILLIERES A.L.,44,Loire-Atlantique,PDL,Pays de la Loire,Treillieres,44119,SALLE MARATHON rue Simone de Beauvoir,,,,sans-site,,,,,annuaire public FFTT (carte.fftt.com),2026-09-02
12440282,ST MARS LA JAILLE TENNIS TABLE,44,Loire-Atlantique,PDL,Pays de la Loire,Vallon De L Erdre,44540,SALLE OMNISPORT COMMNUNALE,,,,sans-site,,,,,annuaire public FFTT (carte.fftt.com),2026-09-02
12440127,VARADES A.S.C.P.,44,Loire-Atlantique,PDL,Pays de la Loire,Varades,44370,complexe sportif Paul PELTIER 450 rue du Parc Varades,,,,sans-site,,,,,annuaire public FFTT (carte.fftt.com),2026-09-02
12440259,VERTOU ASPV,44,Loire-Atlantique,PDL,Pays de la Loire,Vertou,44120,SALLE TENNIS DE TABLE 2 BD DES SPORTS,https://www.aspvertou.fr/,logos/44/12440259-vertou-aspv.webp,https://www.aspvertou.fr/img/fb.png,logo,,sombre,,,annuaire public FFTT (carte.fftt.com),2026-09-02
12440042,VIEILLEVIGNE A.P.,44,Loire-Atlantique,PDL,Pays de la Loire,Vieillevigne,44116,SALLE DES SPORTS COMPLEXE SPORTIF HENRI DUPONT rue du Quarteron,,,,sans-site,,,,,annuaire public FFTT (carte.fftt.com),2026-09-02
12440206,VILLENEUVE EN RETZ TT,44,Loire-Atlantique,PDL,Pays de la Loire,Villeneuve En Retz,44580,SALLE OMNISPORT ALLEE DES SPORTS ALLEE DES SPORTS,,,,sans-site,,,,,annuaire public FFTT (carte.fftt.com),2026-09-02
04450108,GIEN AS TT,45,Loiret,CVL,Centre-Val de Loire,,,,https://asgientt.fr/,logos/45/04450108-gien-as-tt.webp,https://asgientt.fr/wp-content/uploads/2025/06/LOGO2025-PNG-blanc-1.png,logo,,sombre,,,annuaire public FFTT (carte.fftt.com),2026-09-02
04450417,J3 TT AMILLY,45,Loiret,CVL,Centre-Val de Loire,,,,https://j3tennisdetableamilly.fr/blog/,logos/45/04450417-j3-tt-amilly.webp,https://j3tennisdetableamilly.fr/wp-content/uploads/2024/04/Vert.png,logo,#10b030,clair,,,annuaire public FFTT (carte.fftt.com),2026-09-02
04450712,L HIRONDELLE,45,Loiret,CVL,Centre-Val de Loire,,,,https://hirondelle45.clubeo.com/,logos/45/04450712-l-hirondelle.webp,https://s1.static-clubeo.com/250/uploads/hirondelle45/logo__76a9t1qb6.jpg,logo,#105030 #107030 #107050 #f05030,clair,,,annuaire public FFTT (carte.fftt.com),2026-09-02
04450285,ST JEAN DE BRAYE - SMOC,45,Loiret,CVL,Centre-Val de Loire,,,,,,,sans-site,,,,,annuaire public FFTT (carte.fftt.com),2026-09-02
04450026,ST MARCEAU ORLEANS TT,45,Loiret,CVL,Centre-Val de Loire,,,,https://stmarceautt.fr/,logos/45/04450026-st-marceau-orleans-tt.webp,https://stmarceautt.fr/wp-content/uploads/2025/05/logo.png,logo,,sombre,,,annuaire public FFTT (carte.fftt.com),2026-09-02
04450663,US CHAPELLOISE TT,45,Loiret,CVL,Centre-Val de Loire,,,Gymnase Nicolas Bonneau,https://www.usctt.org/,logos/45/04450663-us-chapelloise-tt.webp,https://www.usctt.org/wp-content/uploads/2016/06/cropped-rsz_usctt-logo-web-01.png,logo,#d03050 #f03050 #303030 #d0d0d0,clair,,,annuaire public FFTT (carte.fftt.com),2026-09-02
04450192,US ORLEANS TT,45,Loiret,CVL,Centre-Val de Loire,,,,https://www.usorleanstt.net/,logos/45/04450192-us-orleans-tt.webp,https://www.usorleanstt.net/wp-content/uploads/2019/02/logo.png,logo,#d0d0d0 #b0b0b0 #f0f0f0 #f01030,clair,,,annuaire public FFTT (carte.fftt.com),2026-09-02
04450410,USM OLIVET TENNIS DE TABLE,45,Loiret,CVL,Centre-Val de Loire,,,,https://olivet-tt.fr/,logos/45/04450410-usm-olivet-tennis-de-table.svg,https://olivet-tt.fr/logo/olivet-tt-blanc.svg,logo,,clair,,,annuaire public FFTT (carte.fftt.com),2026-09-02
04450295,ENTENTE BAULOISE TT,45,Loiret,CVL,Centre-Val de Loire,Baule,45130,GYMNASE MUNICIPAL rue du lievre d'or,,,,sans-site,,,,,annuaire public FFTT (carte.fftt.com),2026-09-02
04450144,ETOILE BALGENTIENNE TT,45,Loiret,CVL,Centre-Val de Loire,Beaugency,45190,ETOILE BALGENTIENNE 12 Rue Tardenoisienne,,,,sans-site,,,,,annuaire public FFTT (carte.fftt.com),2026-09-02
04450768,ASTT CHAINGY,45,Loiret,CVL,Centre-Val de Loire,Chaingy,45380,Gymnase Le Polyedre Esplanade Daniel Chartier,https://astt-chaingy.comati.fr/,logos/45/04450768-astt-chaingy.webp,https://astt-chaingy.comati.fr/wp-content/uploads/2017/09/cropped-Logo_Chaingy-Tennis-de-Table-01-180x180.jpg,logo,#f05010 #103090 #f05030 #103070,clair,,,annuaire public FFTT (carte.fftt.com),2026-09-02
04450759,CHATEAUNEUF TT,45,Loiret,CVL,Centre-Val de Loire,Chateauneuf Sur Loire,45110,GYMNASE DU LIEVRE D'OR RUE DU LIEVRE D'OR 1ER ETAGE,,,,sans-site,,,,,annuaire public FFTT (carte.fftt.com),2026-09-02
04450781,LES HERONS CACIENS TT,45,Loiret,CVL,Centre-Val de Loire,Chécy,45430,GYMNASE PIERRE MENDES FRANCE Rue de la Cheville,,,,sans-site,,,,,annuaire public FFTT (carte.fftt.com),2026-09-02
04450616,CLERY ST ANDRE AAS,45,Loiret,CVL,Centre-Val de Loire,Clery St Andre,45370,GYMNASE DU CES RUE DU COLLEGE,https://tennisdetableclery.fr/,,,aucun,,,,,annuaire public FFTT (carte.fftt.com),2026-09-02
04450748,CRAVANT SL,45,Loiret,CVL,Centre-Val de Loire,Cravant,45190,SALLE DES FETES 25 BIS RUE NATIONALE Derriere l'eglise,,,,sans-site,,,,,annuaire public FFTT (carte.fftt.com),2026-09-02
04450762,DADONVILLE TT,45,Loiret,CVL,Centre-Val de Loire,Dadonville,45300,SALLE POLYVALENTE PIERRE DERET ALLEE EDIT DE NANTES,,,,sans-site,,,,,annuaire public FFTT (carte.fftt.com),2026-09-02
04450774,SPORT ELEC DAMPIERRE,45,Loiret,CVL,Centre-Val de Loire,Dampierre En Burly,45570,GYMNASE de la CENTRALE Rue des Mallerets Salle derriere la centrale nucléaire,,,,sans-site,,,,,annuaire public FFTT (carte.fftt.com),2026-09-02
04450772,DARVOY JSDH TT,45,Loiret,CVL,Centre-Val de Loire,Darvoy,45150,GYMNASE INTERCOMMUNAL RUE DE LA PELLE,,,,sans-site,,,,,annuaire public FFTT (carte.fftt.com),2026-09-02
04450429,DONNERY TT,45,Loiret,CVL,Centre-Val de Loire,Donnery,45450,GYMNASE AVENUE PONSON DU TERRAIL,https://club.quomodo.com/tennis-de-table-donnery,,,aucun,,,,,annuaire public FFTT (carte.fftt.com),2026-09-02
04450760,FEROLLES VIENNE TT,45,Loiret,CVL,Centre-Val de Loire,Ferolles,45150,SALLE POLYVALENTE ROUTE DE VIENNE EN VAL,https://asvtt.clubeo.com/,logos/45/04450760-ferolles-vienne-tt.webp,https://s3.static-clubeo.com/100/uploads/asvtt/logo__76a9t1x1k.png,logo,#303030 #505050 #707070 #909090,clair,,,annuaire public FFTT (carte.fftt.com),2026-09-02
04450702,CERCLE JULES FERRY TT,45,Loiret,CVL,Centre-Val de Loire,Fleury Les Aubrais,45400,Salle Omnisport Guy Moquet 105 rue des Fosses,https://cjftt.fr/,,,aucun,,,,,annuaire public FFTT (carte.fftt.com),2026-09-02
04450580,CL UXELLOIS TT,45,Loiret,CVL,Centre-Val de Loire,Huisseau Sur Mauves,45130,SALLE DES FETES ALLEE DES UXELLOIS,,,,sans-site,,,,,annuaire public FFTT (carte.fftt.com),2026-09-02
04450571,CMPJM INGRE TT,45,Loiret,CVL,Centre-Val de Loire,Ingre,45140,GYMNASE DE LA COUDRAYE 45 AVENUE DE LA COUDRAYE,https://www.ingre-tt.fr/,logos/45/04450571-cmpjm-ingre-tt.svg,https://www.ingre-tt.fr/wp-content/uploads/2022/11/cmpjm-logo.svg,logo,#ce291f #f4d514 #010202,clair,,,annuaire public FFTT (carte.fftt.com),2026-09-02
04450773,UNITE SPORTIVE FERTESIENNE,45,Loiret,CVL,Centre-Val de Loire,La Ferte St Aubin,45240,GYMNASE PACALET 29 RUE ARISTIDE BRIAND,,,,sans-site,,,,,annuaire public FFTT (carte.fftt.com),2026-09-02
04450309,LA SOURCE AL,45,Loiret,CVL,Centre-Val de Loire,La Source,45100,GYMNASE DE LA BOLIERE RUE VINCENT AURIOL,,,,sans-site,,,,,annuaire public FFTT (carte.fftt.com),2026-09-02
04450413,LAILLY CA TT,45,Loiret,CVL,Centre-Val de Loire,Lailly En Val,45740,SALLE DE TENNIS DE TABLE Chemin des Amandiers ESPACE DE LA LISOTTE,,,,sans-site,,,,,annuaire public FFTT (carte.fftt.com),2026-09-02
04450617,CHAILLY LORRIS VM TT,45,Loiret,CVL,Centre-Val de Loire,Lorris,45260,Salle polyv. Blanche de Castille Rue de la Noue Salle polyvalente Blanche de Castille,,,,sans-site,,,,,annuaire public FFTT (carte.fftt.com),2026-09-02
04450561,MENESTREAU-EN-VILLETTE,45,Loiret,CVL,Centre-Val de Loire,Menestreau En Villette,45240,GYMNASE Route de Vouzon,,,,sans-site,,,,,annuaire public FFTT (carte.fftt.com),2026-09-02
04450753,CLUB MAGDUNOIS TT,45,Loiret,CVL,Centre-Val de Loire,Meung-Sur-Loire,45130,Salle polyv. la belle Jeunesse 6 Rue Du Retour Des Champs ZAC des Tertres,https://cmttmeung.wixsite.com/cmtt,logos/45/04450753-club-magdunois-tt.webp,"https://static.wixstatic.com/media/5850aa_9605b7c4592546d384c5dacd7d8b8f26~mv2.jpg/v1/fill/w_239,h_411,al_c,q_80,usm_0.66_1.00_0.01,enc_avif,quality_auto/IMG-20220816-WA0000_edited.jpg",logo,#d0d0d0 #f0d0d0 #d0b0b0 #f03030,clair,,,annuaire public FFTT (carte.fftt.com),2026-09-02
04450036,MONTARGIS CP,45,Loiret,CVL,Centre-Val de Loire,Montargis,45200,ECOLE PASTEUR BLD DURZY,,,,sans-site,,,,,annuaire public FFTT (carte.fftt.com),2026-09-02
04450576,NEUVILLE SPORTS TT,45,Loiret,CVL,Centre-Val de Loire,Neuville Aux Bois,45170,SALLE SPECIFIQUE TT Allee Pierre Ageorges,,,,sans-site,,,,,annuaire public FFTT (carte.fftt.com),2026-09-02
04450763,CORPO 45 TT,45,Loiret,CVL,Centre-Val de Loire,Olivet,45160,MAISON DES SPORTS 1240 Rue De La Bergeresse,https://www.cd45tt.fr/,logos/45/04450763-corpo-45-tt.svg,https://www.cd45tt.fr/media/templates/site/cassiopeia/images/joomla-favicon.svg,favicon,,clair,,,annuaire public FFTT (carte.fftt.com),2026-09-02
04450758,ASL CHUO TT,45,Loiret,CVL,Centre-Val de Loire,Orleans,45590,SALLE SPECIFIQUE SUD LOIRE 45 RUE ANDRE CHAMPAULT,,,,sans-site,,,,,annuaire public FFTT (carte.fftt.com),2026-09-02
04450059,ORLEANS USOPOC,45,Loiret,CVL,Centre-Val de Loire,Orleans,45000,USOPOC ORLEANS 39 RUE EMILE ZOLA,,,,sans-site,,,,,annuaire public FFTT (carte.fftt.com),2026-09-02
04450186,OSSLO,45,Loiret,CVL,Centre-Val de Loire,Orleans,45000,SALLE DE L USOPOC RUE EMILE ZOLA,,,,sans-site,,,,,annuaire public FFTT (carte.fftt.com),2026-09-02
04450661,ORMES EVEIL SPORTIF,45,Loiret,CVL,Centre-Val de Loire,Ormes,45140,Salles Jean Dotremont Chemin des Plantes Complexe des Plantes,https://www.esormestt.fr/,logos/45/04450661-ormes-eveil-sportif.webp,https://www.esormestt.fr/images/logo-es-ormes-tennis-de-table.png,logo,#30b050 #b0b0b0 #909090 #d0d0d0,clair,,,annuaire public FFTT (carte.fftt.com),2026-09-02
04450750,PANNES PPH,45,Loiret,CVL,Centre-Val de Loire,Pannes,45700,SALLE OMNISPORTS 195 RUE DES LUATS,,,,sans-site,,,,,annuaire public FFTT (carte.fftt.com),2026-09-02
04450589,CP PATAY,45,Loiret,CVL,Centre-Val de Loire,Patay,45310,GYMNASE RUE PIERRE DE COUBERTIN,https://ttpatay.fr/,,,aucun,,,,,annuaire public FFTT (carte.fftt.com),2026-09-02
04450754,CLUB PONGISTE DU GATINAIS,45,Loiret,CVL,Centre-Val de Loire,Pithiviers,45300,Gymnase Pasteur Boulevard Pasteur,,,,sans-site,,,,,annuaire public FFTT (carte.fftt.com),2026-09-02
04450210,PUISEAUX AS,45,Loiret,CVL,Centre-Val de Loire,Puiseaux,45390,GYMNASE RUE NIEDER RODEN,https://puiseauxtt.wixsite.com/website,logos/45/04450210-puiseaux-as.webp,"https://static.wixstatic.com/media/c298ef_01ef93a437734132a69cd8beba283844~mv2.png/v1/fill/w_561,h_133,al_c,q_85,enc_avif,quality_auto/c298ef_01ef93a437734132a69cd8beba283844~mv2.png",logo,#f0d0d0 #f0b0b0 #d0d0d0 #f09090,clair,,,annuaire public FFTT (carte.fftt.com),2026-09-02
04450780,AS REBRECH' PING,45,Loiret,CVL,Centre-Val de Loire,Rebréchien,45470,GYMNASE Rue Marguerite de Guitaut,,,,sans-site,,,,,annuaire public FFTT (carte.fftt.com),2026-09-02
04450573,US SANDILLON TT,45,Loiret,CVL,Centre-Val de Loire,Sandillon,45640,SALLE T.T. GYMNASE 1228 Rue Verte,https://www.ussandillontt.fr/,logos/45/04450573-us-sandillon-tt.webp,https://www.ussandillontt.fr/Diapo/Equipe1.jpg,logo,#709090 #7090b0 #909090 #303030,clair,,,annuaire public FFTT (carte.fftt.com),2026-09-02
04450706,SARAN USM,45,Loiret,CVL,Centre-Val de Loire,Saran,45770,SALLE JACQUES BREL ALLEE JACQUES BREL,http://saran.tennisdetable.free.fr/,logos/45/04450706-saran-usm.webp,http://saran.tennisdetable.free.fr/logo_usmstt3.png?v=3c2r081s76pyve60,logo,#1090b0 #10b0d0 #107090 #d09050,clair,,,annuaire public FFTT (carte.fftt.com),2026-09-02
04450184,SEMOY ASTT,45,Loiret,CVL,Centre-Val de Loire,Semoy,45400,GYMNASE DE LA VALINIERE Allee Gaston Rebuffat,https://www.asttsemoy.fr/,logos/45/04450184-semoy-astt.svg,https://www.asttsemoy.fr/wp-content/uploads/2022/11/logo_astts-1-2-1_adobe_express.svg,logo,#fefefd #fdfdfd #1f1f1f #232323,clair,,,annuaire public FFTT (carte.fftt.com),2026-09-02
04450757,SUD LOIRE TT 45,45,Loiret,CVL,Centre-Val de Loire,St Cyr En Val,45590,SALLE SPECIFIQUE TT RUE ANDRE CHAMPAULT Face au gymnase municipal,https://www.sltt45.fr/,logos/45/04450757-sud-loire-tt-45.webp,https://www.sltt45.fr/images/images_site/new%20logo%20sltt45%20video.png#joomlaImage://local-images/images_site/new,logo,,sombre,,,annuaire public FFTT (carte.fftt.com),2026-09-02
04450751,PING ST JEAN 45,45,Loiret,CVL,Centre-Val de Loire,St Jean De La Ruelle,45140,PING ST JEAN 45 77 RUE CROIX BAUDU,http://www.pingsaintjean45.fr.gd/,,,aucun,,,,,annuaire public FFTT (carte.fftt.com),2026-09-02
04450779,AP VARENNOIS,45,Loiret,CVL,Centre-Val de Loire,Varennes Changy,45290,Gymnase Escale rue du Moulinet,,,,sans-site,,,,,annuaire public FFTT (carte.fftt.com),2026-09-02
04450737,VENNECY AS TT,45,Loiret,CVL,Centre-Val de Loire,Vennecy,45760,SALLE POLYVALENTE Rue De L'avenir,,,,sans-site,,,,,annuaire public FFTT (carte.fftt.com),2026-09-02
11460029,BEDUER FAYCELLES PING,46,Lot,OCC,Occitanie,,,,https://faycellesping.wixsite.com/tt46,logos/46/11460029-beduer-faycelles-ping.webp,"https://static.wixstatic.com/media/011713_07a3507c2f01426e9a9226bf5e62b77b~mv2.jpg/v1/fill/w_105,h_92,al_c,q_80,usm_0.66_1.00_0.01,enc_avif,quality_auto/Logo%20OIS.jpg",logo,#107090 #f0b030 #f0f0f0 #d0f0f0,clair,,,annuaire public FFTT (carte.fftt.com),2026-09-02
11460021,Tennis de Table de Reignac,46,Lot,OCC,Occitanie,,,,https://ttreignac.sportsregions.fr/,logos/46/11460021-tennis-de-table-de-reignac.webp,https://ttreignac.sportsregions.fr/media/uploaded/sites/1108/association/69a4be5be7b65_LOGOTTReignacNEWV4.png,logo,#d0d0d0 #b0b0b0 #707070 #909090,clair,,,annuaire public FFTT (carte.fftt.com),2026-09-02
11460017,TT BRETENOUX-BIARS,46,Lot,OCC,Occitanie,Biars Sur Cere,46130,AU COSEC RUE LEO LAGRANGE,,,,sans-site,,,,,annuaire public FFTT (carte.fftt.com),2026-09-02
11460010,CAHORS TENNIS DE TABLE,46,Lot,OCC,Occitanie,Cahors,46000,GYMNASE DU COLLEGE GAMBETTA ALLEES FENELON,https://www.cahorstennisdetable.fr/,logos/46/11460010-cahors-tennis-de-table.webp,https://www.cahorstennisdetable.fr/wp-content/uploads/2023/02/logoSUD-DU-LOT-e1675939927158.png,logo,#505050 #707070 #705050 #d01030,clair,,,annuaire public FFTT (carte.fftt.com),2026-09-02
11460031,TENNIS DE TABLE CAJARC ESPOIR,46,Lot,OCC,Occitanie,Carjac,46160,Gymnase complexe salle des fêtes 7 rue du couvent,,,,sans-site,,,,,annuaire public FFTT (carte.fftt.com),2026-09-02
11460024,TT CRESSENSAC-MARTEL,46,Lot,OCC,Occitanie,Cressensac,46600,SALLE DES FETES,,,,sans-site,,,,,annuaire public FFTT (carte.fftt.com),2026-09-02
11460023,MJC GOURDON TT,46,Lot,OCC,Occitanie,Gourdon,46300,GYMNASE LA POUSSIE CHEMIN DES ROSES,,,,sans-site,,,,,annuaire public FFTT (carte.fftt.com),2026-09-02
11460032,AMAS PAYRAC TT,46,Lot,OCC,Occitanie,Payrac,46350,Salle polyvalente 3 place Zimmermann,,,,sans-site,,,,,annuaire public FFTT (carte.fftt.com),2026-09-02
11460012,TT PRAYSSACOIS,46,Lot,OCC,Occitanie,Prayssac,46220,GYMNASE DE PRAYSSAC,https://ttprayssacois.blogspot.com/,logos/46/11460012-tt-prayssacois.webp,https://blogger.googleusercontent.com/img/b/R29vZ2xl/AVvXsEjfe0T61Z_UuLpnf8dA5LvX0fnmXzU_SUL7fW8gBlgZHegKh1B7hHpMkViHxBwykY1f5HE44oTIEy7dA0Va4BqRVcnrt27FVAyPvwdqVKkqfLB1PEO071ucLZN4Dc9c6emy4snDjWXOSUAJ/s140-r/Logo_TTP.jpg,logo,#109030 #10b030 #30b030 #103010,clair,,,annuaire public FFTT (carte.fftt.com),2026-09-02
11460028,Ping Salviacois -Tennis de table,46,Lot,OCC,Occitanie,Salviac,46340,Halle des sports Rue de l'Isle Ferme,https://pingsalviacoistt.fr/,logos/46/11460028-ping-salviacois-tennis-de-table.webp,https://pingsalviacoistt.fr/wp-content/uploads/2024/09/ping-salviacois-logo-entete-1.png,logo,#105090 #1070b0 #1090d0 #107090,clair,,,annuaire public FFTT (carte.fftt.com),2026-09-02
11460022,SOUILLAC ATHLE 46 TT,46,Lot,OCC,Occitanie,Souillac,46200,GYMNASE MUNICIPAL Rue des Anciens d'Indochine,,,,sans-site,,,,,annuaire public FFTT (carte.fftt.com),2026-09-02
11460027,FIGEAC SAINT-CERE T.T,46,Lot,OCC,Occitanie,St Cere,46400,GYMNASE MUNICIPAL Quai Auguste Salesses,,,,sans-site,,,,,annuaire public FFTT (carte.fftt.com),2026-09-02
10470005,NERAC ALBRET TT,47,Lot-et-Garonne,NAQ,Nouvelle-Aquitaine,,,,,,,sans-site,,,,,annuaire public FFTT (carte.fftt.com),2026-09-02
10470009,PPC VILLENEUVE,47,Lot-et-Garonne,NAQ,Nouvelle-Aquitaine,,,,http://www.ppcv47.com,,,aucun,,,,,annuaire public FFTT (carte.fftt.com),2026-09-02
10470002,RAQUETTE CLAIRACAISE,47,Lot-et-Garonne,NAQ,Nouvelle-Aquitaine,,,,,,,sans-site,,,,,annuaire public FFTT (carte.fftt.com),2026-09-02
10470007,RAQUETTE MARMANDAISE,47,Lot-et-Garonne,NAQ,Nouvelle-Aquitaine,,,,,,,sans-site,,,,,annuaire public FFTT (carte.fftt.com),2026-09-02
10470001,S U AGENAIS T T,47,Lot-et-Garonne,NAQ,Nouvelle-Aquitaine,,,,http://www.suatennisdetable.fr/,,,aucun,,,,,annuaire public FFTT (carte.fftt.com),2026-09-02
10470014,ASTA-PING,47,Lot-et-Garonne,NAQ,Nouvelle-Aquitaine,Astaffort,47220,HALLE DES SPORTS 86 Rue du Foirail,,,,sans-site,,,,,annuaire public FFTT (carte.fftt.com),2026-09-02
10470003,LAGRUERE-LE MAS-CALONGES,47,Lot-et-Garonne,NAQ,Nouvelle-Aquitaine,Calonges,47430,Salle Polyvalente Bourg de Calonges,,,,sans-site,,,,,annuaire public FFTT (carte.fftt.com),2026-09-02
10470004,FUMELOISE TENNIS DE TABLE,47,Lot-et-Garonne,NAQ,Nouvelle-Aquitaine,Fumel,47500,Salle T.T 2 av de Bonaguil,,,,sans-site,,,,,annuaire public FFTT (carte.fftt.com),2026-09-02
10470006,TT PASSAGEOIS,47,Lot-et-Garonne,NAQ,Nouvelle-Aquitaine,Le Passage D Agen,47520,Complexe St Germes Av de Verdun a cote d'Intermarche,https://www.tennisdetablepassageois.fr/,logos/47/10470006-tt-passageois.webp,"https://static.wixstatic.com/media/ca5293_170cb659020c496ba31e6ab44813c09d~mv2.png/v1/fill/w_256,h_87,al_c,q_85,usm_0.66_1.00_0.01,enc_avif,quality_auto/Logo%20Tennis2Table_HD-3%20recadre.png",logo,#505050 #b03030 #305070 #103070,clair,,,annuaire public FFTT (carte.fftt.com),2026-09-02
10470021,MONFLANQUIN TT,47,Lot-et-Garonne,NAQ,Nouvelle-Aquitaine,Monflanquin,47150,Gymnase Stade de Coulon,,,,sans-site,,,,,annuaire public FFTT (carte.fftt.com),2026-09-02
10470026,TONNEINS PING,47,Lot-et-Garonne,NAQ,Nouvelle-Aquitaine,Tonneins,47400,Salle CLEMENCEAU RUE CLEMENCEAU,,,,sans-site,,,,,annuaire public FFTT (carte.fftt.com),2026-09-02
11480006,MARVEJOLS TT,48,Lozère,OCC,Occitanie,,,,https://www.marvejolstt.club/,logos/48/11480006-marvejols-tt.webp,https://lh3.googleusercontent.com/sitesv/AG8ngQXAPV2G2GIgSd86w5TCjUbMJqoTHIzHMB5C9WWOhwhJm52kcQbhwF6rRgdOLbAlRlAVSIEaNFj3Fc8C7r82Cudb7mOj986nEYRMiggXGF86X_2wlSo-jLNceVBZHSJt-eSUSNRC0iV2J-0pVtLfksOMnmhtf5yLxkbY88-M_gRH6lfCrq0xmAGb9rxC=w16383,logo,#307090 #101030 #909090 #305070,clair,,,annuaire public FFTT (carte.fftt.com),2026-09-02
11480020,ST CHELY Tennis de Table,48,Lozère,OCC,Occitanie,,,,,,,sans-site,,,,,annuaire public FFTT (carte.fftt.com),2026-09-02
11480028,CANOURGUE TENNIS DE TABLE,48,Lozère,OCC,Occitanie,La Canourgue,48500,Gymnase Route du Patus,,,,sans-site,,,,,annuaire public FFTT (carte.fftt.com),2026-09-02
11480027,EVEIL MENDOIS TENNIS DE TABLE.,48,Lozère,OCC,Occitanie,Mende,48000,Compexe sportif J.J DELMAS Route du Chapitre,https://emtt48.fr/,logos/48/11480027-eveil-mendois-tennis-de-table.webp,https://emtt48.fr/wp-content/uploads/2019/04/cropped-cropped-logo_EMTT-transp-1-e1552298827346-10.png,logo,#b010f0 #1030d0 #1030b0 #f0f010,clair,,,annuaire public FFTT (carte.fftt.com),2026-09-02
12490055,ALLONNES VILLEBERNIER,49,Maine-et-Loire,PDL,Pays de la Loire,,,,https://allonnesvillebernier.wixsite.com/tennis-de-table,logos/49/12490055-allonnes-villebernier.webp,"https://static.wixstatic.com/media/ab2a59_5f9ad925e7384506875f14ea0e115ebe~mv2.png/v1/fill/w_207,h_85,al_c,q_85,enc_avif,quality_auto/ab2a59_5f9ad925e7384506875f14ea0e115ebe~mv2.png",logo,#305090 #103070 #503090 #105090,clair,,,annuaire public FFTT (carte.fftt.com),2026-09-02
12490134,ANDREZE-BEAUPREAU TT,49,Maine-et-Loire,PDL,Pays de la Loire,,,,https://tt-andreze-beaupreau.clubeo.com/,logos/49/12490134-andreze-beaupreau-tt.webp,https://s2.static-clubeo.com/100/uploads/tt-andreze-beaupreau/logo__76f9uau5f.png,logo,#30b050 #909090 #505050 #707070,clair,,,annuaire public FFTT (carte.fftt.com),2026-09-02
12490063,AVRILLE Ass. Sportive,49,Maine-et-Loire,PDL,Pays de la Loire,,,,https://asaping49.wixsite.com/asaping49,logos/49/12490063-avrille-ass-sportive.webp,"https://static.wixstatic.com/media/ebaf4a_3f060eb06a4345ac859506d858a79a18~mv2.png/v1/fill/w_285,h_116,al_c,q_85,usm_0.66_1.00_0.01,enc_avif,quality_auto/Copie%20de%20AVRILLE_LOGO_EXE_Avrille_logo_RVB-SansFond.png",logo,#103030 #70b070 #50b070 #70b090,clair,,,annuaire public FFTT (carte.fftt.com),2026-09-02
12490038,BOUCHEMAINE TT ANJOU,49,Maine-et-Loire,PDL,Pays de la Loire,,,,https://bouchemaine-tta.fr/,logos/49/12490038-bouchemaine-tt-anjou.webp,https://bouchemaine-tta.fr/wp-content/uploads/2026/04/logo-btta.webp,logo,#1090d0 #1090b0 #1090f0,clair,,,annuaire public FFTT (carte.fftt.com),2026-09-02
12490073,LES LOUPS D'ANGERS TT,49,Maine-et-Loire,PDL,Pays de la Loire,,,,https://www.lesloupsdangers.fr/,logos/49/12490073-les-loups-d-angers-tt.webp,https://www.lesloupsdangers.fr/wp-content/uploads/2022/10/cropped-LOGO_ALM.jpg,logo,#f07010 #707070 #d0d0d0 #909090,clair,,,annuaire public FFTT (carte.fftt.com),2026-09-02
12490006,POMJEANNAIS Tennis de Table,49,Maine-et-Loire,PDL,Pays de la Loire,,,,https://pomjeannaistt.clubeo.com/,logos/49/12490006-pomjeannais-tennis-de-table.webp,https://s1.static-clubeo.com/100/uploads/pomjeannaistt/logo__76a9t1qje.png,logo,#f0f070 #f0d050 #f0d070,sombre,,,annuaire public FFTT (carte.fftt.com),2026-09-02
12490076,PONTS DE CE (LES) - AAEEC,49,Maine-et-Loire,PDL,Pays de la Loire,,,,,,,sans-site,,,,,annuaire public FFTT (carte.fftt.com),2026-09-02
12490023,POUEZE-LOUROUX - UP,49,Maine-et-Loire,PDL,Pays de la Loire,,,,,,,sans-site,,,,,annuaire public FFTT (carte.fftt.com),2026-09-02
12490040,ROMAGNE (LA) - S.S.,49,Maine-et-Loire,PDL,Pays de la Loire,,,,https://www.sslrtt.com/,logos/49/12490040-romagne-la-s-s.webp,https://www.sslrtt.com/wp-content/uploads/2024/12/Logo-valide-300x108.png,logo,,clair,,,annuaire public FFTT (carte.fftt.com),2026-09-02
12490062,ST BARTHELEMY T2T,49,Maine-et-Loire,PDL,Pays de la Loire,,,,,,,sans-site,,,,,annuaire public FFTT (carte.fftt.com),2026-09-02
12490098,ST MELAINE-MOZE LOIRE-AUBANCE TT,49,Maine-et-Loire,PDL,Pays de la Loire,,,,https://smmtt.sportsregions.fr/,logos/49/12490098-st-melaine-moze-loire-aubance-tt.webp,https://smmtt.sportsregions.fr/media/uploaded/sites/20789/association/62a5a03a2759a_200716180523.png,logo,#f01010 #303030 #505050 #d0d0d0,clair,,,annuaire public FFTT (carte.fftt.com),2026-09-02
12490022,TRELAZE Foyer Esperance,49,Maine-et-Loire,PDL,Pays de la Loire,,,,https://fettt.cmonsite.fr/,logos/49/12490022-trelaze-foyer-esperance.webp,https://fettt.cmonsite.fr/uploaded/10847/img-20220225-113654-resized-20220225-114714065.jpg,logo,#303010 #505030 #303030 #305010,clair,,,annuaire public FFTT (carte.fftt.com),2026-09-02
12490064,VERNANTES Reveil Vernantais,49,Maine-et-Loire,PDL,Pays de la Loire,,,,https://www.rvttmonclubdeping.fr/,logos/49/12490064-vernantes-reveil-vernantais.webp,https://www.rvttmonclubdeping.fr/media/uploaded/sites/12009/association/58e8af9182885_logobleu.jpg,logo,#3070f0 #d0d0f0 #b0b0d0 #5070d0,clair,,,annuaire public FFTT (carte.fftt.com),2026-09-02
12490036,VIHIERS TT FCL,49,Maine-et-Loire,PDL,Pays de la Loire,,,,http://vihierstennisdetable.sportsregions.fr/,,,aucun,,,,,annuaire public FFTT (carte.fftt.com),2026-09-02
12490137,VILLEDIEU GESTE TENNIS DE TABLE,49,Maine-et-Loire,PDL,Pays de la Loire,,,,,,,sans-site,,,,,annuaire public FFTT (carte.fftt.com),2026-09-02
12490027,VIVY-GENNES Entente,49,Maine-et-Loire,PDL,Pays de la Loire,,,,https://evgtt49.weebly.com/,logos/49/12490027-vivy-gennes-entente.webp,https://evgtt49.weebly.com/uploads/8/1/9/3/8193375/published/290995988-886828292269951-8930832252055254577-n-1.png?1768747757,logo,#f0b0b0 #b0b0b0 #f0d0d0 #d0d0d0,clair,,,annuaire public FFTT (carte.fftt.com),2026-09-02
12490010,TUFFALUN ASVR TT,49,Maine-et-Loire,PDL,Pays de la Loire,Ambillou Chateau,49700,Salle ASVRTT - STADE J. CHARGE ROUTE DE LA GRESILLE TUFFALUN,https://asvrtt.fr/,,,aucun,,,,,annuaire public FFTT (carte.fftt.com),2026-09-02
12490029,ANGERS ST LEONARD,49,Maine-et-Loire,PDL,Pays de la Loire,Angers,49000,"Salle TT, parc de Villoutreys 39 Rue Vieilles Carrieres",https://etoile-sportive-saint-leonard-tennis-de-table.kalisport.com/,logos/49/12490029-angers-st-leonard.webp,https://etoile-sportive-saint-leonard-tennis-de-table.kalisport.com/public/4430/upload/theme/kal-theme-logo-header_1.png,logo,#3050d0 #f0d010 #5070d0 #b0b050,clair,,,annuaire public FFTT (carte.fftt.com),2026-09-02
12490044,BAUGE Olympique,49,Maine-et-Loire,PDL,Pays de la Loire,Bauge En Anjou,49150,Salle Jacques Renaudin rue Roger Devillé,https://obtt49.sportsregions.fr/,logos/49/12490044-bauge-olympique.webp,https://obtt49.sportsregions.fr/media/uploaded/sites/18249/actualite/66dedd30a1f57_IMG09972.JPG,logo,#d0d0d0 #d0d0b0 #b0b0b0 #d0d0f0,clair,,,annuaire public FFTT (carte.fftt.com),2026-09-02
12490129,BAUNE ESVB TT,49,Maine-et-Loire,PDL,Pays de la Loire,Baune,49140,Salle Lionel ALLARY RUE DE LA BELOINIERE Stade de Baune,,,,sans-site,,,,,annuaire public FFTT (carte.fftt.com),2026-09-02
12490115,BEAUCOUZE Sporting club,49,Maine-et-Loire,PDL,Pays de la Loire,Beaucouze,49070,Salle Pierre Ceccaldi Avenue de la Grange aux belles Complexe sportif J. Aubineau,https://www.scbttfr.wixsite.com/scbttbeaucouze,,,aucun,,,,,annuaire public FFTT (carte.fftt.com),2026-09-02
12490003,ROCHEFORT-BEAULIEU T.T.,49,Maine-et-Loire,PDL,Pays de la Loire,Beaulieu Sur Layon,49750,Salle des Sports,,,,sans-site,,,,,annuaire public FFTT (carte.fftt.com),2026-09-02
12490117,BEGROLLES EN MAUGES Regina,49,Maine-et-Loire,PDL,Pays de la Loire,Begrolles En Mauges,49122,Salle Polyvalente Le Bordage (a cote du stade de foot),,,,sans-site,,,,,annuaire public FFTT (carte.fftt.com),2026-09-02
12490004,BOISSIERE-BOUZILLE MARILLAIS TT,49,Maine-et-Loire,PDL,Pays de la Loire,Bouzille,49530,Salle de sports 49 Rue de la Mare a Margot,,,,sans-site,,,,,annuaire public FFTT (carte.fftt.com),2026-09-02
12490067,ANDARD BRAIN Entente Sp.,49,Maine-et-Loire,PDL,Pays de la Loire,Brain Sur L Authion,49800,Complexe Sportif Jean Cherre Rue Azena Billa (pres du stade),https://esabtt.clubeo.com/,logos/49/12490067-andard-brain-entente-sp.webp,https://s3.static-clubeo.com/100/uploads/esabtt/logo__76a9t2cuk.png,logo,#303030,clair,,,annuaire public FFTT (carte.fftt.com),2026-09-02
12490018,CANDE SOCTT,49,Maine-et-Loire,PDL,Pays de la Loire,Cande,49440,Salle Meslier Rue de Loire pres de la chocolaterie Guisabel,,,,sans-site,,,,,annuaire public FFTT (carte.fftt.com),2026-09-02
12490068,CHALONNES Tennis de Table,49,Maine-et-Loire,PDL,Pays de la Loire,Chalonnes Sur Loire,49290,Complexe Sportif Calonna Avenue Laffont de Ladebat,http://chalonnessurloiretennisdetable.e-monsite.com/,,,aucun,,,,,annuaire public FFTT (carte.fftt.com),2026-09-02
12490052,ETRICHE-CHAMPIGNE TT Entente,49,Maine-et-Loire,PDL,Pays de la Loire,Champigne,49330,Espace Campanial Salle Cameo Route d'Angers,https://ecett.fr/,logos/49/12490052-etriche-champigne-tt-entente.webp,https://i0.wp.com/ecett.fr/wp-content/uploads/2018/03/cropped-logo200-1.png?fit=203%2C200&ssl=1,logo,#f01010 #f0d0d0 #f0f0f0 #d0d0d0,clair,,,annuaire public FFTT (carte.fftt.com),2026-09-02
12490088,CHEMILLÉ Olympique T.T.,49,Maine-et-Loire,PDL,Pays de la Loire,Chemille,49120,Salle Omnisports Rue de la Gabardiere,,,,sans-site,,,,,annuaire public FFTT (carte.fftt.com),2026-09-02
12490132,Cholet Alliance Tennis de Table,49,Maine-et-Loire,PDL,Pays de la Loire,Cholet,49300,Complexe Pierre de Coubertin 6 Rue Jean Monnet,https://www.actt-cholet.fr/,logos/49/12490132-cholet-alliance-tennis-de-table.webp,https://www.actt-cholet.fr/wp-content/uploads/2025/09/logo-mlc.jpg,logo,#f0f010 #d0d0d0 #303030 #707070,clair,,,annuaire public FFTT (carte.fftt.com),2026-09-02
12490026,CORNE TTC,49,Maine-et-Loire,PDL,Pays de la Loire,Corne,49630,Salle Omnisports Route de St Mathurin,,,,sans-site,,,,,annuaire public FFTT (carte.fftt.com),2026-09-02
12490122,OREE D'ANJOU TT,49,Maine-et-Loire,PDL,Pays de la Loire,Drain,49530,Gymnase Bourgautron RUE ABBE BRICARD,,,,sans-site,,,,,annuaire public FFTT (carte.fftt.com),2026-09-02
12490106,ECOUFLANT ASTTE,49,Maine-et-Loire,PDL,Pays de la Loire,Ecouflant,49000,Complexe sportif du Bourg Salle de tennis de table Rue des Champs du Bourg,https://tennisdetableecouflant.kalisport.com/,logos/49/12490106-ecouflant-astte.webp,https://tennisdetableecouflant.kalisport.com/public/9860/upload/theme/kal-theme-logo-header.png,logo,#f05030 #f0f0f0 #f0d0d0 #d0d0f0,clair,,,annuaire public FFTT (carte.fftt.com),2026-09-02
12490127,FENEU Tennis de Table,49,Maine-et-Loire,PDL,Pays de la Loire,Feneu,49460,SALLE DES SPORTS Rue du Bois au Juge,,,,sans-site,,,,,annuaire public FFTT (carte.fftt.com),2026-09-02
12490131,JARZE VILLAGES TENNIS DE TABLE,49,Maine-et-Loire,PDL,Pays de la Loire,Jarze Villages,49140,Complexe sportif 25 rue des Argoults,https://estennisdetablejarze.sportsregions.fr/,logos/49/12490131-jarze-villages-tennis-de-table.webp,https://estennisdetablejarze.sportsregions.fr/media/uploaded/sites/23236/association/686dff9411cb3_logomodifi.jpg,logo,#309030 #307030 #103010 #509050,clair,,,annuaire public FFTT (carte.fftt.com),2026-09-02
12490039,LONGUENEE ATTL,49,Maine-et-Loire,PDL,Pays de la Loire,La Meignanne,49770,Espace Longuenee ROUTE DU PLESSIS MACE,,,,sans-site,,,,,annuaire public FFTT (carte.fftt.com),2026-09-02
12490059,SEGUINIERE (LA) TT,49,Maine-et-Loire,PDL,Pays de la Loire,La Seguiniere,49280,Salle Pierre Coubertin Rue Pierre de Coubertin,http://lasegtt.free.fr/,logos/49/12490059-seguiniere-la-tt.webp,http://lasegtt.free.fr/wp-content/uploads/lasegtt_qr.png,logo,#f0d0d0 #f0b0d0 #f0f0f0 #f0b0b0,clair,,,annuaire public FFTT (carte.fftt.com),2026-09-02
12490060,TESSOUALLE (LA) - E.A.T.T.T,49,Maine-et-Loire,PDL,Pays de la Loire,La Tessoualle,49280,Salle Omnisport des Chenes Rue du Stade,,,,sans-site,,,,,annuaire public FFTT (carte.fftt.com),2026-09-02
12490024,FIEF SAUVIN (LE) - CB,49,Maine-et-Loire,PDL,Pays de la Loire,Le Fief Sauvin,49600,Salle Pierre Gerfault Complexe Sportif Route de la Foret,,,,sans-site,,,,,annuaire public FFTT (carte.fftt.com),2026-09-02
12490124,MAY-JALLAIS ENT. tennis table,49,Maine-et-Loire,PDL,Pays de la Loire,Le May Sur Evre,49122,Salle des SPORTS Rue du Stade,,,,sans-site,,,,,annuaire public FFTT (carte.fftt.com),2026-09-02
12490048,PLESSIS GRAMMOIRE (LE)-ASC,49,Maine-et-Loire,PDL,Pays de la Loire,Le Plessis Grammoire,49124,Salle Omnisports Philippides Rue St Gilles,,,,sans-site,,,,,annuaire public FFTT (carte.fftt.com),2026-09-02
12490047,CORPO PING 49,49,Maine-et-Loire,PDL,Pays de la Loire,Les Ponts De Ce,49130,MDS,,,,sans-site,,,,,annuaire public FFTT (carte.fftt.com),2026-09-02
12490069,LONGUE Athletic Club,49,Maine-et-Loire,PDL,Pays de la Loire,Longue Jumelles,49160,Salle de Tennis de Table Rue du College Place Jean Moulin,,,,sans-site,,,,,annuaire public FFTT (carte.fftt.com),2026-09-02
12490074,MARTIGNE BRIAND A.S.,49,Maine-et-Loire,PDL,Pays de la Loire,Martigne Briand,49540,Salle des Sports (Girondeau) Route de Doue,,,,sans-site,,,,,annuaire public FFTT (carte.fftt.com),2026-09-02
12490092,MAZE AUTHION TENNIS DE TABLE,49,Maine-et-Loire,PDL,Pays de la Loire,Maze,49630,Salle sports Lino Ventura Complexe Sportif Allee du Clos,https://maze-authion-tennis-de-table.kalisport.com/,logos/49/12490092-maze-authion-tennis-de-table.webp,https://maze-authion-tennis-de-table.kalisport.com/public/4716/upload/theme/kal-theme-logo-header_4.png,logo,#f070b0 #f0b0d0 #f090b0 #f0d0d0,sombre,,,annuaire public FFTT (carte.fftt.com),2026-09-02
12490057,MONTREUIL JUIGNE As.Pongis,49,Maine-et-Loire,PDL,Pays de la Loire,Montreuil Juigne,49460,Salle Jacques Secretin COSEC Pierre de Coubertin Rue David d'Angers,https://apmj49.sportsregions.fr/,logos/49/12490057-montreuil-juigne-as-pongis.webp,https://apmj49.sportsregions.fr/media/uploaded/sites/4721/association/682abf8fed149_BlasonAPMJ.jpg,logo,#105090 #103030 #101010 #307090,clair,,,annuaire public FFTT (carte.fftt.com),2026-09-02
12490080,MURS ERIGNE ASITT,49,Maine-et-Loire,PDL,Pays de la Loire,Murs Erigne,49610,Salle Myriam CHARRIER Rue des Lilas,https://www.asimett.com/,logos/49/12490080-murs-erigne-asitt.webp,https://www.asimett.com/media/uploaded/sites/93/association/6a60a7f4a7a36_logoclubsanglier2.jpg,logo,#103050 #101050 #305070 #d0d0d0,clair,,,annuaire public FFTT (carte.fftt.com),2026-09-02
12490037,SAUMUR TTSC,49,Maine-et-Loire,PDL,Pays de la Loire,Saumur,49400,Salle du Petit Anjou 313 RUE ROBERT AMY a l'arriere batiment Dojo-Scoope,,,,sans-site,,,,,annuaire public FFTT (carte.fftt.com),2026-09-02
12490002,SEGRÉ ANJOU BLEU TENNIS DE TABLE,49,Maine-et-Loire,PDL,Pays de la Loire,Segre,49500,Complexe sportif Route de Pouance (en face du parc des expos),,,,sans-site,,,,,annuaire public FFTT (carte.fftt.com),2026-09-02
12490061,ST MACAIRE EN MAUGES ASPM,49,Maine-et-Loire,PDL,Pays de la Loire,Sevremoine,49450,SALLE MARIE-JOSEPHE HERVE - Parc Marie-Claire Coiffard La croix verte,https://aspm49.clubeo.com/,logos/49/12490061-st-macaire-en-mauges-aspm.webp,https://s2.static-clubeo.com/250/uploads/aspm49/logo__76ajpp822.png,logo,#b0d010 #d0d010 #707070 #505050,clair,,,annuaire public FFTT (carte.fftt.com),2026-09-02
12490032,VILLEVEQUE SOUCELLES ASC,49,Maine-et-Loire,PDL,Pays de la Loire,Soucelles,49140,Centre Socio-Culturel Route de Montreuil sur Loir Centre Socio-Culturel H. BAZIN,http://ascvstt.wix.com/ascvstt,,,aucun,,,,,annuaire public FFTT (carte.fftt.com),2026-09-02
12490123,SOULAIRE ET BOURG PING PONG,49,Maine-et-Loire,PDL,Pays de la Loire,Soulaire Et Bourg,49460,Salle Eric Tabarly CHEMIN DU CASSOIR,,,,sans-site,,,,,annuaire public FFTT (carte.fftt.com),2026-09-02
12490120,ST ANDRÉ DE LA MARCHE TT (49),49,Maine-et-Loire,PDL,Pays de la Loire,St Andre De La Marche,49450,Salle des Sports Route de Cholet,,,,sans-site,,,,,annuaire public FFTT (carte.fftt.com),2026-09-02
12490107,BELLEVIGNE LES CHTX TT,49,Maine-et-Loire,PDL,Pays de la Loire,St Cyr En Bourg,49260,Stade 7 Rue du Clos l'Hopital,,,,sans-site,,,,,annuaire public FFTT (carte.fftt.com),2026-09-02
12490046,ST GEORGES PING SGSL,49,Maine-et-Loire,PDL,Pays de la Loire,St Georges Sur Loire,49170,Salle Anjou 2000 Complex sportif Pres du college J. Racine Chemin du Marion,https://ping-sgsl.kalisport.com/,logos/49/12490046-st-georges-ping-sgsl.webp,https://ping-sgsl.kalisport.com/public/7424/upload/theme/kal-theme-logo-header.jpg,logo,#303030 #d01030 #d0d0d0 #b0b0b0,clair,,,annuaire public FFTT (carte.fftt.com),2026-09-02
12490066,ST GERMAIN SUR MOINE EPM,49,Maine-et-Loire,PDL,Pays de la Loire,St Germain Sur Moine,49230,Complexe polyvalent CHEMIN DES DAMES,https://epm-tt.site123.me/,logos/49/12490066-st-germain-sur-moine-epm.webp,https://cdn-cms-s-8-4.f-static.net/ready_uploads/pwaScreenLogo/pwaImage.png?width=152&height=152&resizeType=pwaIcon&w=&orderScreen=&websiteID=2082732&tranW=&v=css_y254_65016064,logo,#f05030 #f05050 #f0f0f0 #b0b0b0,clair,,,annuaire public FFTT (carte.fftt.com),2026-09-02
12490070,MONTREVAULT SUR EVRE TT,49,Maine-et-Loire,PDL,Pays de la Loire,St Pierre Montlimart,49110,Stade de l'Ecusson 1 Allee de l'Ecusson,,,,sans-site,,,,,annuaire public FFTT (carte.fftt.com),2026-09-02
12490033,ST SYLVAIN D ANJOU ASTT,49,Maine-et-Loire,PDL,Pays de la Loire,St Sylvain D Anjou,49480,Maison Commune de Loisirs Les Troubadours Rue Henriette Brault,https://astt.eu.org/,logos/49/12490033-st-sylvain-d-anjou-astt.webp,https://astt.eu.org/wp-content/uploads/2026/04/1000021395-169x300.jpg,logo,#909090 #909070 #907070 #101010,clair,,,annuaire public FFTT (carte.fftt.com),2026-09-02
12490043,TENNIS DE TABLE VICO CHRISTINOIS,49,Maine-et-Loire,PDL,Pays de la Loire,Ste Christine,49120,Salle Marcelle Fruchaud ROUTE DE BOURGNEUF,,,,sans-site,,,,,annuaire public FFTT (carte.fftt.com),2026-09-02
12490058,STE GEMMES S/LOIRE R.G.,49,Maine-et-Loire,PDL,Pays de la Loire,Ste Gemmes Sur Loire,49130,Salle Omnisports Rue des Grands Jardins,,,,sans-site,,,,,annuaire public FFTT (carte.fftt.com),2026-09-02
12490030,TIERCE A.S.T.T.,49,Maine-et-Loire,PDL,Pays de la Loire,Tierce,49125,Salle Marcel Cerdan rue Maurice Ravel,https://astttierce.jimdo.com/,,,aucun,,,,,annuaire public FFTT (carte.fftt.com),2026-09-02
12490014,TORFOU Vaillants,49,Maine-et-Loire,PDL,Pays de la Loire,Torfou,49660,Complexe Omnisports Espace St Hubert,,,,sans-site,,,,,annuaire public FFTT (carte.fftt.com),2026-09-02
12490020,TREMENTINES Avenir Tennis Table,49,Maine-et-Loire,PDL,Pays de la Loire,Trementines,49340,complexe de l'evre 1 Rue Pasteur,,,,sans-site,,,,,annuaire public FFTT (carte.fftt.com),2026-09-02
09500003,SAINT LO PL,50,Manche,NOR,Normandie,,,,https://plsltt.fr/,logos/50/09500003-saint-lo-pl.webp,https://plsltt.fr/medias/logotypes/logotype.png?50fe2c1,logo,#b0b0b0 #d0d0d0 #909090 #707070,clair,,,annuaire public FFTT (carte.fftt.com),2026-09-02
09500117,SAINT PAIR BRICQUEVILLE TT,50,Manche,NOR,Normandie,,,,,,,sans-site,,,,,annuaire public FFTT (carte.fftt.com),2026-09-02
09500022,Olympique Club d'AGNEAUX,50,Manche,NOR,Normandie,Agneaux,50180,SALLE Michel ANNE Complexe sport Avenue de Sainte Marie AGNEAUX,https://ocagneaux.wordpress.com/,logos/50/09500022-olympique-club-d-agneaux.webp,https://ocagneaux.wordpress.com/wp-content/uploads/2018/01/cropped-logo1.jpg?w=200,logo,#f0f0f0 #707070 #d0d0d0 #909090,clair,,,annuaire public FFTT (carte.fftt.com),2026-09-02
09500160,COTE DES ISLES TT,50,Manche,NOR,Normandie,Barneville Carteret,50270,Salle Omnisports Rue Pierre de Coubertin,,,,sans-site,,,,,annuaire public FFTT (carte.fftt.com),2026-09-02
09500153,SAEL TENNIS DE TABLE BREHAL,50,Manche,NOR,Normandie,Brehal,50290,SALLE INTERCOMMUNALE 23 Avenue Eisenhower,,,,sans-site,,,,,annuaire public FFTT (carte.fftt.com),2026-09-02
09500011,BRICQUEBEC UC,50,Manche,NOR,Normandie,Bricquebec,50260,Salle Omnisports,,,,sans-site,,,,,annuaire public FFTT (carte.fftt.com),2026-09-02
09500027,CARANTILLAISE JS,50,Manche,NOR,Normandie,Carantilly,50570,J.S. CARANTILLAISE 04 La Mazure Salle Andre RIHOUEY,,,,sans-site,,,,,annuaire public FFTT (carte.fftt.com),2026-09-02
09500058,CARENTANAIS CL,50,Manche,NOR,Normandie,Carentan,50500,C.L. CARENTANAIS 45 rue Henri Dunant,https://www.cl-carentanais.fr/,logos/50/09500058-carentanais-cl.webp,https://primary.jwwb.nl/public/n/z/w/temp-ulslwwfnmojrblmgzuzs/9x7dqb/img_09831.jpg,logo,#505050 #b0b0b0 #b0b090 #909090,clair,,,annuaire public FFTT (carte.fftt.com),2026-09-02
09500093,QUERQUEVILLAISE ASTT,50,Manche,NOR,Normandie,Cherbourg-En-Cotentin,50460,AS QUERQUEVILLAISE T.T. Avenue De L'allmendingen,https://www.querquevilletennisdetable.fr/,logos/50/09500093-querquevillaise-astt.webp,https://www.querquevilletennisdetable.fr/images/logo_asqtt.png,logo,#f09010 #d07010 #f07010 #f01010,clair,,,annuaire public FFTT (carte.fftt.com),2026-09-02
09500030,CHERBOURG ASTT,50,Manche,NOR,Normandie,Cherbourg Octeville,50100,Salle Guy LEMOINE Rue des Vieilles Carrieres,https://www.as-cherbourg-tennis-de-table.fr/,logos/50/09500030-cherbourg-astt.webp,https://image.jimcdn.com/app/cms/image/transf/none/path/s14189df716606bab/backgroundarea/i8cfcf4dc460e6724/version/1655225336/image.jpg,logo,#b0b0b0 #707070 #909090 #505050,clair,,,annuaire public FFTT (carte.fftt.com),2026-09-02
09500009,CHERBOURG US,50,Manche,NOR,Normandie,Cherbourg Octeville,50100,Salle Jean Nordez 36 Avenue Poincare,https://club.quomodo.com/usctt/,,,aucun,,,,,annuaire public FFTT (carte.fftt.com),2026-09-02
09500013,COUTANCES JA TT,50,Manche,NOR,Normandie,Coutances,50200,"Hubert Savary 24, avenue Jean-Francois Millet Gymnase College J.Prevert",https://www.jacoutances.fr/,logos/50/09500013-coutances-ja-tt.webp,https://www.jacoutances.fr/wp-content/uploads/2025/11/whiti-com-logo.jpg,logo,#7050b0 #9070b0 #d0d0d0 #b0b0d0,clair,,,annuaire public FFTT (carte.fftt.com),2026-09-02
09500163,LA FEUILLIE CREANCES TT,50,Manche,NOR,Normandie,Creances,50710,COMPLEXE SPORTIF 111 rue des sports,https://www.lafeuilliecreancestt.com/,logos/50/09500163-la-feuillie-creances-tt.webp,https://www.lafeuilliecreancestt.com/wp-content/uploads/2023/02/Sans-titre-1.png,logo,#b01010 #b03010 #f0d0d0 #f0b0b0,clair,,,annuaire public FFTT (carte.fftt.com),2026-09-02
09500063,U.S.M DONVILLAISES TENNIS DE TAB,50,Manche,NOR,Normandie,Donville Les Bains,50350,U.S.M. DONVILLAISES 10 Rue Thomas Giordano Salle Raymond Orange,,,,sans-site,,,,,annuaire public FFTT (carte.fftt.com),2026-09-02
09500059,Avenir TT DUCEY AVRANCHES,50,Manche,NOR,Normandie,Ducey,50220,Hall des Sports 42 Rue de Boishue,https://attducey-avranches.fr/,logos/50/09500059-avenir-tt-ducey-avranches.webp,https://attducey-avranches.fr/wp-content/uploads/2022/06/289314644_539692967836836_5124782340755797429_n.jpg,logo,#305090 #b0b0d0 #d0d0f0 #b0d0d0,clair,,,annuaire public FFTT (carte.fftt.com),2026-09-02
09500012,UST EQUEURDREVILLE,50,Manche,NOR,Normandie,Equeurdreville Hainneville,50120,Gymnase COSEC Rue du Vieux Tot Equeurdreville,,,,sans-site,,,,,annuaire public FFTT (carte.fftt.com),2026-09-02
09500132,AL GAVRAY,50,Manche,NOR,Normandie,Gavray,50450,Jean Orvain Vieille Rue,,,,sans-site,,,,,annuaire public FFTT (carte.fftt.com),2026-09-02
09500139,GOUVILLE-COUTAINVILLE ENTENTE,50,Manche,NOR,Normandie,Gouville Sur Mer,50560,Salle de la Filature 35 Rue du Littoral,,,,sans-site,,,,,annuaire public FFTT (carte.fftt.com),2026-09-02
09500167,HAMBYE TENNIS DE TABLE,50,Manche,NOR,Normandie,Hambye,50450,Salle de Tennis Hambye 12 Rue des sports,,,,sans-site,,,,,annuaire public FFTT (carte.fftt.com),2026-09-02
09500025,ISIGNY-MONTIGNY ENT P,50,Manche,NOR,Normandie,Isigny Le Buat,50540,Salle de Sport des Raquettes 9 Rue du Printemps Route d'Avranches,https://e-p-i-m.fr/,logos/50/09500025-isigny-montigny-ent-p.webp,https://e-p-i-m.fr/public/4027/upload/theme/kal-theme-logo-header.png,logo,#1070d0 #1070f0 #1050b0 #f0f0f0,clair,,,annuaire public FFTT (carte.fftt.com),2026-09-02
09500130,CAROLLES-JULLOUVILLE ES,50,Manche,NOR,Normandie,Jullouville,50610,E.S. CAROLLES-JULLOUVILLE Avenue des Fregates,,,,sans-site,,,,,annuaire public FFTT (carte.fftt.com),2026-09-02
09500121,LA GLACERIE US TT,50,Manche,NOR,Normandie,La Glacerie,50470,Salle Henri Menut Rue de la Mare a Canards,,,,sans-site,,,,,annuaire public FFTT (carte.fftt.com),2026-09-02
09500107,HAYTILLON SM,50,Manche,NOR,Normandie,La Haye Du Puits,50250,Halle Polyvalente Route de Carentan,,,,sans-site,,,,,annuaire public FFTT (carte.fftt.com),2026-09-02
09500031,HAYLANDE ES,50,Manche,NOR,Normandie,La Haye Pesnel,50320,Salle du Ping Pong Avenue Ernest Corbin,http://tthayland.e-monsite.com/,,,aucun,,,,,annuaire public FFTT (carte.fftt.com),2026-09-02
09500088,TEILLEULAIS TT,50,Manche,NOR,Normandie,Le Teilleul,50640,Complexe Socio-Culturel Sportif Rue du College,,,,sans-site,,,,,annuaire public FFTT (carte.fftt.com),2026-09-02
09500124,LES PIEUX TENNIS DE TABLE,50,Manche,NOR,Normandie,Les Pieux,50340,Gymnase Route de Barneville,,,,sans-site,,,,,annuaire public FFTT (carte.fftt.com),2026-09-02
09500015,SAEL MONTEBOURG TT,50,Manche,NOR,Normandie,Montebourg,50310,Salle Bernard Lelarge 13 Rue du 8 mai (Ex: Chasse Barette),,,,sans-site,,,,,annuaire public FFTT (carte.fftt.com),2026-09-02
09500161,PERIERS SPORTS TT,50,Manche,NOR,Normandie,Periers,50190,Tennis couvert de Periers Route de Saint-Lo,,,,sans-site,,,,,annuaire public FFTT (carte.fftt.com),2026-09-02
09500122,BORDS DE VIRE AS,50,Manche,NOR,Normandie,Pont Hebert,50880,Gymnase municipal Lycee de There Gymnase municipal,,,,sans-site,,,,,annuaire public FFTT (carte.fftt.com),2026-09-02
09500131,MORTAINAISE ENT TT,50,Manche,NOR,Normandie,Romagny,50140,Salle de tennis de table Le bourg,,,,sans-site,,,,,annuaire public FFTT (carte.fftt.com),2026-09-02
09500082,HEBECREVON ES,50,Manche,NOR,Normandie,Saint Gilles,50180,Gymnase de Saint Gilles Rue du Bocage,,,,sans-site,,,,,annuaire public FFTT (carte.fftt.com),2026-09-02
09500162,SIOUVILLE HAGUE ATTLC,50,Manche,NOR,Normandie,Siouville Hague,50340,Salle Omnisport Avenue des Peupliers,,,,sans-site,,,,,annuaire public FFTT (carte.fftt.com),2026-09-02
09500165,TENNIS DE TABLE SOTTEVASTAIS,50,Manche,NOR,Normandie,Sottevast,50260,Gymnase 44 Rue Saint-Hermeland,,,,sans-site,,,,,annuaire public FFTT (carte.fftt.com),2026-09-02
09500112,SAINT HILAIRE/PARIGNY,50,Manche,NOR,Normandie,St Hilaire Du Harcouet,50600,Salle Marly Route d'Avranches,,,,sans-site,,,,,annuaire public FFTT (carte.fftt.com),2026-09-02
09500048,SAINT JAMES TT,50,Manche,NOR,Normandie,St James,50240,Salle de Tennis de Table 8 Avenue Guillaume le Conquerant Entree cote stade Loic Lebon,,,,sans-site,,,,,annuaire public FFTT (carte.fftt.com),2026-09-02
09500053,SAINT JEAN DES CHAMPS RC,50,Manche,NOR,Normandie,St Jean Des Champs,50320,RAQUETTES CLUB ST JEAN DES CHAMP Route de St Ursin Impasse Saint-Exupery,,,,sans-site,,,,,annuaire public FFTT (carte.fftt.com),2026-09-02
09500154,TERREGATTE BEUVRON TT,50,Manche,NOR,Normandie,St Laurent De Terregatte,50240,11 RUE DU CHAMP DAVY LE BOURG DIRECTION ST JAMES,,,,sans-site,,,,,annuaire public FFTT (carte.fftt.com),2026-09-02
09500159,SAINT PIERRE EGLISE TT,50,Manche,NOR,Normandie,St Pierre Eglise,50330,Complexe sportif des Follieres Rue des Follieres,https://ttspe.fr/,logos/50/09500159-saint-pierre-eglise-tt.webp,https://ttspe.kevingermain.com/wp-content/uploads/sites/10/2022/06/cropped-logo-180x180.png,logo,#50b0f0 #909090 #507090 #d0d0d0,clair,,,annuaire public FFTT (carte.fftt.com),2026-09-02
09500111,ST POISIENNE A,50,Manche,NOR,Normandie,St Pois,50670,Salle D ELOI 3 Route de Cuves,,,,sans-site,,,,,annuaire public FFTT (carte.fftt.com),2026-09-02
09500010,STE MARIE STE MERE ES,50,Manche,NOR,Normandie,Ste Mere Eglise,50480,Salle Omnisport 6 Rue du 505eme Air-Borne,,,,sans-site,,,,,annuaire public FFTT (carte.fftt.com),2026-09-02
09500087,ESP STE SUZANNE TENNIS DE TABLE,50,Manche,NOR,Normandie,Ste Suzanne Sur Vire,50750,Salle de Sports La Hure de Loup,https://club.quomodo.com/espstesuzanne-tennisdetable,,,aucun,,,,,annuaire public FFTT (carte.fftt.com),2026-09-02
09500073,TORIGNAISE ESTT,50,Manche,NOR,Normandie,Torigni Sur Vire,50160,Gymnase les Terriers Rue des Terriers,http://www.es-torignaise-tennis-de-table.fr/,,,aucun,,,,,annuaire public FFTT (carte.fftt.com),2026-09-02
09500164,CL TOURLAVILLE TENNIS DE TABLE,50,Manche,NOR,Normandie,Tourlaville,50110,Gymnase de Bagatelle Rue du Grand Pre,,,,sans-site,,,,,annuaire public FFTT (carte.fftt.com),2026-09-02
09500143,URVILLE-NACQUEVILLE ASS TT,50,Manche,NOR,Normandie,Urville Nacqueville,50460,Salle Multisports Stade de la Charriere,https://assuntt50.pages-perso.free.fr/,logos/50/09500143-urville-nacqueville-ass-tt.webp,https://assuntt50.pages-perso.free.fr/images/logo_tennistable.gif,logo,,clair,,,annuaire public FFTT (carte.fftt.com),2026-09-02
09500014,VILLEDIEU CS,50,Manche,NOR,Normandie,Villedieu Les Poeles,50800,Complexe des Monts Havard,,,,sans-site,,,,,annuaire public FFTT (carte.fftt.com),2026-09-02
06510112,CHALONS-EN-CHAMPAGNE TT,51,Marne,GES,Grand Est,,,,https://cctt.fr/,logos/51/06510112-chalons-en-champagne-tt.webp,https://cctt.fr/logo_trans_light_v3.png,logo,#305090 #3090b0 #3050b0 #f0f010,clair,,,annuaire public FFTT (carte.fftt.com),2026-09-02
06510077,CS BETHENY TT,51,Marne,GES,Grand Est,,,,https://www.csbethenytt.fr/,logos/51/06510077-cs-betheny-tt.webp,https://lh3.googleusercontent.com/sitesv/AG8ngQVVhMAEqqdB9DuuUHxlIE0z0qvMiauSe1QUaYqzrX4JkEeA6hD4Eb_X_kpzZpqOptlLA4wH5QGEywcM3UePqCnh9_69PS6YoTJBZedZeSxST2p3AwkdK-5bI8gFRBAc1Ir63qGKS0ron_JyqZ2kL1k0rOtznvi9DNk2J-G2-LrDFDteUWJBsKP_kPumixI=w16383,logo,#303030 #d0d0d0 #707070 #505050,clair,,,annuaire public FFTT (carte.fftt.com),2026-09-02
06510107,GUEUX TINQUEUX ASTT,51,Marne,GES,Grand Est,,,,https://asgueuxtinqueuxtt.clubeo.com/,logos/51/06510107-gueux-tinqueux-astt.webp,https://s2.static-clubeo.com/250/uploads/asgueuxtinqueuxtt/logo__76jggco3e.png,logo,#707070 #d0d0d0 #f0f0f0 #909090,clair,,,annuaire public FFTT (carte.fftt.com),2026-09-02
06510090,MAREUIL PIERRY PP,51,Marne,GES,Grand Est,,,,,,,sans-site,,,,,annuaire public FFTT (carte.fftt.com),2026-09-02
06510001,REIMS OLYMPIQUE TT,51,Marne,GES,Grand Est,,,,https://www.ortt.fr/,logos/51/06510001-reims-olympique-tt.webp,https://www.ortt.fr/wp-content/uploads/2018/10/logoMarne_partenariat_decoupe_green_H95.png,logo,#70b030 #50b010 #b0d090 #f0f0f0,clair,,,annuaire public FFTT (carte.fftt.com),2026-09-02
06510074,BARBONNE TENNIS DE TABLE,51,Marne,GES,Grand Est,Barbonne Fayel,51120,Salle communale place de l'eglise,,,,sans-site,,,,,annuaire public FFTT (carte.fftt.com),2026-09-02
06510004,CHALONS ASPTT,51,Marne,GES,Grand Est,Chalons En Champagne,51000,SALLE ASPTT CHALONS 15 RUE JACQUES DUCLOS,,,,sans-site,,,,,annuaire public FFTT (carte.fftt.com),2026-09-02
06510015,CHALONS JA,51,Marne,GES,Grand Est,Chalons En Champagne,51000,SALLE JEANNE D ARC 27 AVENUE DE PARIS,,,,sans-site,,,,,annuaire public FFTT (carte.fftt.com),2026-09-02
06510054,FTT COMPERTRIX,51,Marne,GES,Grand Est,Compertrix,51510,SALLE GEORGES DAUTELLE rue de la liberte,,,,sans-site,,,,,annuaire public FFTT (carte.fftt.com),2026-09-02
06510002,COURTISOLS VOLONTAIRE,51,Marne,GES,Grand Est,Courtisols,51460,Gymnase intercommunal de Courtisols rue de Dierdorf,,,,sans-site,,,,,annuaire public FFTT (carte.fftt.com),2026-09-02
06510020,EPERNAY-PLIVOT PPC,51,Marne,GES,Grand Est,Epernay,51200,Gymnase Henri Viet Chemin de Beausoleil Derriere college Terres Rouges,,,,sans-site,,,,,annuaire public FFTT (carte.fftt.com),2026-09-02
06510062,FERE-CHAMPENOISE TT,51,Marne,GES,Grand Est,Fere Champenoise,51230,"SALLE DE TENNIS DE TABLE Maison des associations Y Vignon 188, rue du stade",,,,sans-site,,,,,annuaire public FFTT (carte.fftt.com),2026-09-02
06510009,FISMES ARDRE VESLE US,51,Marne,GES,Grand Est,Fismes,51170,SALLE DE CHEZELLES RUE JOSEPH MISIAK,,,,sans-site,,,,,annuaire public FFTT (carte.fftt.com),2026-09-02
06510071,FRIGNICOURT PING PONG CLUB,51,Marne,GES,Grand Est,Frignicourt,51300,Salle des Fetes Place centrale FRIGNICOURT,https://ppc-frignicourt.sportsregions.fr/,logos/51/06510071-frignicourt-ping-pong-club.webp,https://ppc-frignicourt.sportsregions.fr/media/uploaded/sites/2340/association/6a6063fd0d422_logositeweb.jpg,logo,#3050b0 #d0f0d0 #d0d0d0 #f0f0f0,clair,,,annuaire public FFTT (carte.fftt.com),2026-09-02
06510105,GIVRY-EN-ARGONNE ATPP,51,Marne,GES,Grand Est,Givry En Argonne,51330,Gymnase de l'Argonne Le champ Treizain,,,,sans-site,,,,,annuaire public FFTT (carte.fftt.com),2026-09-02
06510040,SC MESNILOIS,51,Marne,GES,Grand Est,Le Mesnil Sur Oger,51190,SALLE TENNIS DE TABLE AVENUE EUGENE GUILLAUME (a cote de la salle des fetes),,,,sans-site,,,,,annuaire public FFTT (carte.fftt.com),2026-09-02
06510114,MOURMELON Tennis de Table,51,Marne,GES,Grand Est,Mourmelon Le Grand,51400,Terme Hilaire,,,,sans-site,,,,,annuaire public FFTT (carte.fftt.com),2026-09-02
06510115,REIMS AMICALE JAMIN,51,Marne,GES,Grand Est,Reims,51100,Amicale Jamin 2 rue de Betheny,,,,sans-site,,,,,annuaire public FFTT (carte.fftt.com),2026-09-02
06510018,REIMS ASPTT,51,Marne,GES,Grand Est,Reims,51100,Complexe Endy Miyem 34 rue Henri Barbusse,,,,sans-site,,,,,annuaire public FFTT (carte.fftt.com),2026-09-02
06510064,SERMAIZE Les Jeunes,51,Marne,GES,Grand Est,Sermaize Les Bains,51250,"CANTINE DES BRETONS rue du port, salle après le cimetière",,,,sans-site,,,,,annuaire public FFTT (carte.fftt.com),2026-09-02
06510053,SEZANNE TENNIS DE TABLE,51,Marne,GES,Grand Est,Sezanne,51120,MAISON DES SPORTS RUE ARISTIDE BRIAND,,,,sans-site,,,,,annuaire public FFTT (carte.fftt.com),2026-09-02
06510082,SAINTE MENEHOULD VVV,51,Marne,GES,Grand Est,Ste Menehould,51800,GYMNASE JEAN JAURES ROUTE ROYALE LES VERTES VOYES,,,,sans-site,,,,,annuaire public FFTT (carte.fftt.com),2026-09-02
06510019,TAISSY ASTT,51,Marne,GES,Grand Est,Taissy,51500,Salle des Sports n?2 Esplanade Colbert,https://astttaissy.clubeo.com/,logos/51/06510019-taissy-astt.webp,https://s2.static-clubeo.com/100/uploads/astttaissy/logo__76jjta1b8.jpg,logo,#3030d0 #1050f0 #5010b0 #3050f0,clair,,,annuaire public FFTT (carte.fftt.com),2026-09-02
06510008,TOURS SUR MARNE TENNIS DE TABLE,51,Marne,GES,Grand Est,Tours Sur Marne,51150,Espace Sports-Loisirs rue des Bobines,,,,sans-site,,,,,annuaire public FFTT (carte.fftt.com),2026-09-02
06510110,CHEPY ASCJ,51,Marne,GES,Grand Est,Vesigneul Sur Marne,51240,Gymnase Rue des ecoliers,,,,sans-site,,,,,annuaire public FFTT (carte.fftt.com),2026-09-02
06510051,VITRY TOP,51,Marne,GES,Grand Est,Vitry Le Francois,51300,ESPACE Jean De La Fontaine Rue A. Choisy Quartier Bords de Marne,,,,sans-site,,,,,annuaire public FFTT (carte.fftt.com),2026-09-02
06510036,VRAUX JUVIGNY RC,51,Marne,GES,Grand Est,Vraux,51150,SALLE POLYVALENTE GRANDE RUE,,,,sans-site,,,,,annuaire public FFTT (carte.fftt.com),2026-09-02
06510117,WARMERIVILLE Tennis de Table,51,Marne,GES,Grand Est,Warmeriville,51110,Gymnase Rue Saint Martin,,,,sans-site,,,,,annuaire public FFTT (carte.fftt.com),2026-09-02
06520055,JOINVILLE TENNIS DE TABLE,52,Haute-Marne,GES,Grand Est,,,,,,,sans-site,,,,,annuaire public FFTT (carte.fftt.com),2026-09-02
06520057,Tennis de Table Breuvannais,52,Haute-Marne,GES,Grand Est,Breuvannes-En-Bassigny,52240,Halle des sports Hervé colas Lotissement du Renouveau,,,,sans-site,,,,,annuaire public FFTT (carte.fftt.com),2026-09-02
06520002,Chalindrey tennis de table,52,Haute-Marne,GES,Grand Est,Chalindrey,52600,gymnase intercommunal Rue des adieux vers le College Henri Vincenot,,,,sans-site,,,,,annuaire public FFTT (carte.fftt.com),2026-09-02
06520004,CHANCENAY-SLO TT,52,Haute-Marne,GES,Grand Est,Chancenay,52100,SALLE MULTI-ACTIVITES Chemin du Four,,,,sans-site,,,,,annuaire public FFTT (carte.fftt.com),2026-09-02
06520022,CHAUMONT ECAC,52,Haute-Marne,GES,Grand Est,Chaumont,52000,GYMNASE Lionel Meunier RUE YOURI GAGARINE,,,,sans-site,,,,,annuaire public FFTT (carte.fftt.com),2026-09-02
06520058,Colombey les Deux Eglises APC,52,Haute-Marne,GES,Grand Est,Colombey Les Deux Églises,52330,Gymnase de Colombey les 2 églises 32 rue Pisseloup,,,,sans-site,,,,,annuaire public FFTT (carte.fftt.com),2026-09-02
06520003,EURVILLE BIENVILLE Jeunes,52,Haute-Marne,GES,Grand Est,Eurville Bienville,52410,SALLE DU CHATEAU 155 grande rue-Centre Socio Sportif Entrée par le parc du Château,https://www.jebtt.com/,logos/52/06520003-eurville-bienville-jeunes.webp,https://www.jebtt.com/media/uploaded/sites/7631/association/5bf26edbf3efc_tennisdetable300x3001.jpg,logo,#d0d0d0 #303030 #b0b0b0 #505050,clair,,,annuaire public FFTT (carte.fftt.com),2026-09-02
06520047,MONTIGNY LE ROI AJP,52,Haute-Marne,GES,Grand Est,Montigny Le Roi,52140,FOYER CORNEVIN RUE FRERES FLAMMARION,,,,sans-site,,,,,annuaire public FFTT (carte.fftt.com),2026-09-02
06520054,NOGENT ASNTT,52,Haute-Marne,GES,Grand Est,Nogent,52800,Gymnase intercommunal 2 Bis Rue des Ecoles,https://asntt52.wixsite.com/asntt52,logos/52/06520054-nogent-asntt.webp,https://static.wixstatic.com/media/f5e6bd_ea0465dd456349b3b981d935711955ff~mv2.png,logo,#303030 #505050 #d0d0d0 #909090,clair,,,annuaire public FFTT (carte.fftt.com),2026-09-02
06520001,ST DIZIER CSB,52,Haute-Marne,GES,Grand Est,Saint-Dizier,52100,COMPLEXE ROGER MICHELOT 14 Rue De Vergy,http://csbsaintdizier-tt.fr,,,aucun,,,,,annuaire public FFTT (carte.fftt.com),2026-09-02
12538908,BIGOTTIERE (La) USTT,53,Mayenne,PDL,Pays de la Loire,,,,https://usttlabigottiere.clubeo.com/,logos/53/12538908-bigottiere-la-ustt.webp,https://s2.static-clubeo.com/250/uploads/usttlabigottiere/logo__76a9t1qkb.jpg,logo,#5090d0 #70b0d0 #90b0d0 #b0d0f0,clair,,,annuaire public FFTT (carte.fftt.com),2026-09-02
12530060,CHANGE Union Sportive,53,Mayenne,PDL,Pays de la Loire,,,,https://www.uschangetennisdetable.fr/,logos/53/12530060-change-union-sportive.webp,"https://static.wixstatic.com/media/df30a1_454304f35f3541a78f9c4c628c023e7b~mv2.jpg/v1/fill/w_161,h_112,al_c,q_80,usm_0.66_1.00_0.01,enc_avif,quality_auto/Logo%20Chang%C3%A9.jpg",logo,#303050 #103030 #305050 #f0f0f0,clair,,,annuaire public FFTT (carte.fftt.com),2026-09-02
12530036,Club Athlétique Mayennais,53,Mayenne,PDL,Pays de la Loire,,,,https://www.camayennaistt.com/,logos/53/12530036-club-athletique-mayennais.webp,https://www.camayennaistt.com/media/uploaded/sites/1373/association/69b933338b151_,logo,#5090f0 #d0d0d0 #f0d0d0 #f0f0f0,clair,,,annuaire public FFTT (carte.fftt.com),2026-09-02
12530087,COSSE LE VIVIEN,53,Mayenne,PDL,Pays de la Loire,,,,,,,sans-site,,,,,annuaire public FFTT (carte.fftt.com),2026-09-02
12530055,CROIXILLE L Etoile (la)ES,53,Mayenne,PDL,Pays de la Loire,,,,,,,sans-site,,,,,annuaire public FFTT (carte.fftt.com),2026-09-02
12530079,GORRONNAIS Tennis de Table,53,Mayenne,PDL,Pays de la Loire,,,,,,,sans-site,,,,,annuaire public FFTT (carte.fftt.com),2026-09-02
12530068,LARCHAMP MONTAUDIN T.T,53,Mayenne,PDL,Pays de la Loire,,,,,,,sans-site,,,,,annuaire public FFTT (carte.fftt.com),2026-09-02
12530114,LAVAL BOURNY Tennis de Table,53,Mayenne,PDL,Pays de la Loire,,,,https://lavalbournytennisdetable.fr,,,aucun,,,,,annuaire public FFTT (carte.fftt.com),2026-09-02
12530059,NUILLE l'HUISSERIE,53,Mayenne,PDL,Pays de la Loire,,,,https://nhtt.sportsregions.fr/,logos/53/12530059-nuille-l-huisserie.webp,https://nhtt.sportsregions.fr/media/uploaded/sites/9227/association/56ed0f582a3d7_LOGONHTT.jpg,logo,#f0d0d0 #f0b0b0 #f09090 #f07070,clair,,,annuaire public FFTT (carte.fftt.com),2026-09-02
12530119,RUILLE FROID FONDS P.P.C,53,Mayenne,PDL,Pays de la Loire,,,,,,,sans-site,,,,,annuaire public FFTT (carte.fftt.com),2026-09-02
12530072,SACE MARTIGNE A.S,53,Mayenne,PDL,Pays de la Loire,,,,,,,sans-site,,,,,annuaire public FFTT (carte.fftt.com),2026-09-02
12530146,SIMPLE COSMES AS,53,Mayenne,PDL,Pays de la Loire,,,,,,,sans-site,,,,,annuaire public FFTT (carte.fftt.com),2026-09-02
12530058,St BERTHEVIN/St LOUP-53 US,53,Mayenne,PDL,Pays de la Loire,,,,https://www.ussbstlouptt.com/,logos/53/12530058-st-berthevin-st-loup-53-us.webp,https://www.ussbstlouptt.com/media/uploaded/sites/22665/association/696d3005623f7_Logoping.png,logo,#d03030 #30b050 #909090 #b0b0b0,clair,,,annuaire public FFTT (carte.fftt.com),2026-09-02
12530049,TRANS ST THOMAS E.S,53,Mayenne,PDL,Pays de la Loire,,,,,,,sans-site,,,,,annuaire public FFTT (carte.fftt.com),2026-09-02
12530105,AMBRIERES TTC,53,Mayenne,PDL,Pays de la Loire,Ambrières-Les-Vallées,53300,"Ancienne Distillerie 13, Rue du Gasteau",,,,sans-site,,,,,annuaire public FFTT (carte.fftt.com),2026-09-02
12530050,SOULGE ARGENTRE Entente,53,Mayenne,PDL,Pays de la Loire,Argentré,53210,Complexe Sportif Rue Des Sports,,,,sans-site,,,,,annuaire public FFTT (carte.fftt.com),2026-09-02
12530127,ARON Sports Loisirs,53,Mayenne,PDL,Pays de la Loire,Aron,53400,Salle Omnisports Route de la Bazoge-Montpinçon,,,,sans-site,,,,,annuaire public FFTT (carte.fftt.com),2026-09-02
12530005,GASTINES BALLOTS AS,53,Mayenne,PDL,Pays de la Loire,Ballots,53350,Complexe sportif 20 Route de Cossé,,,,sans-site,,,,,annuaire public FFTT (carte.fftt.com),2026-09-02
12530020,BONCHAMP Entente Sportive,53,Mayenne,PDL,Pays de la Loire,Bonchamp-Lès-Laval,53960,"Complexe Sportif 8, Rue Des Sports",,,,sans-site,,,,,annuaire public FFTT (carte.fftt.com),2026-09-02
12530090,AZE Tennis de Table,53,Mayenne,PDL,Pays de la Loire,Château-Gontier-Sur-Mayenne,53200,"Salle multisports 31, avenue de Saint Fort",,,,sans-site,,,,,annuaire public FFTT (carte.fftt.com),2026-09-02
12530018,CHATEAU GONTIER Tennis de Table,53,Mayenne,PDL,Pays de la Loire,Château-Gontier-Sur-Mayenne,53200,"Salle Multisports 31, avenue de st Fort",https://chgtt.sportsregions.fr/,,,aucun,,,,,annuaire public FFTT (carte.fftt.com),2026-09-02
12530147,CHATILLON S/COLMONT Amicale,53,Mayenne,PDL,Pays de la Loire,Châtillon-Sur-Colmont,53100,Salle De Vauboire Rue De Vauboire,,,,sans-site,,,,,annuaire public FFTT (carte.fftt.com),2026-09-02
12530124,CHATRES LA FORET C.F.L,53,Mayenne,PDL,Pays de la Loire,Châtres-La-Forêt,53600,Salle De Loisirs Rue de la Saulaie,,,,sans-site,,,,,annuaire public FFTT (carte.fftt.com),2026-09-02
12530025,CHEMAZE Tennis de Table,53,Mayenne,PDL,Pays de la Loire,Chemazé,53200,Salle des Primevères 1 Place des Primevères,https://club.quomodo.com/tennisdetablechemaze,,,aucun,,,,,annuaire public FFTT (carte.fftt.com),2026-09-02
12530051,COMMER Etoile Bleue,53,Mayenne,PDL,Pays de la Loire,Commer,53470,"Salle Polyvalente 2, rue des Artisans",http://tt-ebcommer53.club.sportsregions.fr/,,,aucun,,,,,annuaire public FFTT (carte.fftt.com),2026-09-02
12530023,COURCITE AS,53,Mayenne,PDL,Pays de la Loire,Courcité,53700,Salle de Mévite Zone artisanale de Mévite,,,,sans-site,,,,,annuaire public FFTT (carte.fftt.com),2026-09-02
12530054,CRAON E.S,53,Mayenne,PDL,Pays de la Loire,Craon,53400,Salle de Tennis de Table Rue Jean Bouin Complexe Sportif,,,,sans-site,,,,,annuaire public FFTT (carte.fftt.com),2026-09-02
12530017,ERNEENNE Sport Tennis de Table,53,Mayenne,PDL,Pays de la Loire,Ernée,53500,Salle Paul Garrus 6 Place de la Noë Guesdon,http://erneennetennisdetable.jimdo.com/,,,aucun,,,,,annuaire public FFTT (carte.fftt.com),2026-09-02
12530016,EVRON Alerte,53,Mayenne,PDL,Pays de la Loire,Évron,53600,"Complexe Sportif 100 bis, rue Du Montaigu",,,,sans-site,,,,,annuaire public FFTT (carte.fftt.com),2026-09-02
12530010,FORCE US,53,Mayenne,PDL,Pays de la Loire,Forcé,53260,Salle Des Sports Route de Bazougers Complexe sportif,https://usforcetennisdetable.sportsregions.fr/,logos/53/12530010-force-us.webp,https://usforcetennisdetable.sportsregions.fr/mub-356-225-f8f8f8/7536/actualite/situ-ping-1024-light.jpg,logo,#d0d0d0 #909090 #3050b0 #f0b090,clair,,,annuaire public FFTT (carte.fftt.com),2026-09-02
12530074,GENNES SUR GLAIZE A.S.T.T,53,Mayenne,PDL,Pays de la Loire,Gennes-Sur-Glaize,53200,Salle Multiactivités Rue Des Loisirs,,,,sans-site,,,,,annuaire public FFTT (carte.fftt.com),2026-09-02
12530038,GREZ EN BOUERE C.P,53,Mayenne,PDL,Pays de la Loire,Grez-En-Bouère,53290,Salle Des Sports Route de Chateau Gontier,,,,sans-site,,,,,annuaire public FFTT (carte.fftt.com),2026-09-02
12530088,HOUSSAY Esperance,53,Mayenne,PDL,Pays de la Loire,Houssay,53360,Salle Des Fêtes Rue D'anjou,,,,sans-site,,,,,annuaire public FFTT (carte.fftt.com),2026-09-02
12530077,IZE Etoile Sportive,53,Mayenne,PDL,Pays de la Loire,Izé,53160,Ancienne Salle des Fêtes 16 Rue Du Maine,,,,sans-site,,,,,annuaire public FFTT (carte.fftt.com),2026-09-02
12538899,JUBLAINS A.S.J.T.T,53,Mayenne,PDL,Pays de la Loire,Jublains,53160,Salle Des Fêtes Rue De La Libération,,,,sans-site,,,,,annuaire public FFTT (carte.fftt.com),2026-09-02
12530001,BACONNIERE (La) Tennis de Table,53,Mayenne,PDL,Pays de la Loire,La Baconnière,53240,Espace François Legrand 1 Chemin de la Garelière,https://aslabaconnieretennisdetable.e-monsite.com/,,,aucun,,,,,annuaire public FFTT (carte.fftt.com),2026-09-02
12538910,BAZOGE-MONTPINCON (la) T.T,53,Mayenne,PDL,Pays de la Loire,La Bazoge-Montpinçon,53440,Salle Communale 16 Rue De La Mairie,,,,sans-site,,,,,annuaire public FFTT (carte.fftt.com),2026-09-02
12530062,CHAPELLE ANTHENAISE U.S,53,Mayenne,PDL,Pays de la Loire,La Chapelle-Anthenaise,53950,Salle des Embellies Rue De Châlons,,,,sans-site,,,,,annuaire public FFTT (carte.fftt.com),2026-09-02
12530042,CHAPELLE CRAONNAISE F.J,53,Mayenne,PDL,Pays de la Loire,La Chapelle-Craonnaise,53230,"Salle Benjamin Anger 12, Rue des Acacias",,,,sans-site,,,,,annuaire public FFTT (carte.fftt.com),2026-09-02
12530033,LA DOREE ATT,53,Mayenne,PDL,Pays de la Loire,La Dorée,53190,Salle Des Fêtes 14 Rue Des Écoles,,,,sans-site,,,,,annuaire public FFTT (carte.fftt.com),2026-09-02
12530065,HAIE TRAVERSAINE U.S.L (la),53,Mayenne,PDL,Pays de la Loire,La Haie-Traversaine,53300,Salle Communale 27 rue de la Colmont,,,,sans-site,,,,,annuaire public FFTT (carte.fftt.com),2026-09-02
12530143,LOIGNEEN Club Pongiste,53,Mayenne,PDL,Pays de la Loire,La Roche-Neuville,53200,"Salle du Mille Club 8, Rue D'Anjou",,,,sans-site,,,,,annuaire public FFTT (carte.fftt.com),2026-09-02
12530061,SELLE CRAONNAISE(la)S.L,53,Mayenne,PDL,Pays de la Loire,La Selle-Craonnaise,53800,Salle Des Sports Rue Des Charmilles,,,,sans-site,,,,,annuaire public FFTT (carte.fftt.com),2026-09-02
12530003,LAIGNE ASTT,53,Mayenne,PDL,Pays de la Loire,Laigné,53200,"Salle des Sports 13, Rue du Maine",http://astt-laigne.e-monsite.com/,,,aucun,,,,,annuaire public FFTT (carte.fftt.com),2026-09-02
12538903,LASSAY Tennis de Table S.C,53,Mayenne,PDL,Pays de la Loire,Lassay-Les-Châteaux,53110,Complexe Sportif Route De Mayenne,,,,sans-site,,,,,annuaire public FFTT (carte.fftt.com),2026-09-02
12530022,LAVAL Francs Archers,53,Mayenne,PDL,Pays de la Loire,Laval,53000,LAVAL Francs Archers 39 Boulevard Félix Grat,https://francs-archers.wixsite.com/tennisdetable,logos/53/12530022-laval-francs-archers.webp,"https://static.wixstatic.com/media/c8d2d4_d490cc5a5c1c4e2fa38cfac2e7a53980~mv2.png/v1/fill/w_148,h_81,al_c,q_85,usm_0.66_1.00_0.01,enc_avif,quality_auto/logo-seche.png",logo,#103070 #105070 #305070 #103050,clair,,,annuaire public FFTT (carte.fftt.com),2026-09-02
12530008,BOURGNEUF/ST OUEN TTIC,53,Mayenne,PDL,Pays de la Loire,Le Bourgneuf-La-Forêt,53410,"Salle Polyvalente 20, rue de Bretagne",https://tticbourgneufsaintouen.blogspot.com/,logos/53/12530008-bourgneuf-st-ouen-ttic.webp,https://blogger.googleusercontent.com/img/b/R29vZ2xl/AVvXsEjbpqJ9ecrWVi9N1t3oMvZBhQXuhJgMsauzTSKvGqnS6CZmtALc7tdpX5zy4vlWRYkcP2P-ZVe_yCQwDRYJw4Q7DigcNZavnU4HjA8sbhNCYedQsKu1hBTLoj6SP8FeiCfu3GstHmYiaqGx/s320/Inscriptions_ouvertes.png,logo,#d05030 #b05030 #d0d0d0 #f0f0f0,clair,,,annuaire public FFTT (carte.fftt.com),2026-09-02
12530120,LE GENEST,53,Mayenne,PDL,Pays de la Loire,Le Genest-Saint-Isle,53940,Salle Des Fêtes Rue Des Sports Football,,,,sans-site,,,,,annuaire public FFTT (carte.fftt.com),2026-09-02
12530064,LOIRON RUILLE CATT,53,Mayenne,PDL,Pays de la Loire,Loiron,53320,Complexe de Loisirs Rue Des Sports,,,,sans-site,,,,,annuaire public FFTT (carte.fftt.com),2026-09-02
12530035,LOUVERNE Tennis de Table,53,Mayenne,PDL,Pays de la Loire,Louverné,53950,Salle des Sports Hélène Boucher 17 Rue Pierre Bourré,,,,sans-site,,,,,annuaire public FFTT (carte.fftt.com),2026-09-02
12530041,MARCILLE US,53,Mayenne,PDL,Pays de la Loire,Marcillé-La-Ville,53440,"Salle Polyvalente 3, Rue des Loisirs",,,,sans-site,,,,,annuaire public FFTT (carte.fftt.com),2026-09-02
12530078,MESLAY DU MAINE Tennis de Table,53,Mayenne,PDL,Pays de la Loire,Meslay-Du-Maine,53170,Salle Polyvalente Place De La Poste,,,,sans-site,,,,,annuaire public FFTT (carte.fftt.com),2026-09-02
12530070,MONTJEAN Tennis de Table,53,Mayenne,PDL,Pays de la Loire,Montjean,53320,Salle Jean-Philippe Gatien 2 Rue Des Sports,,,,sans-site,,,,,annuaire public FFTT (carte.fftt.com),2026-09-02
12530093,MOULAY Sport T.Table,53,Mayenne,PDL,Pays de la Loire,Moulay,53100,salle multisports Bd Des Ormeaux Rue De La Métairie,,,,sans-site,,,,,annuaire public FFTT (carte.fftt.com),2026-09-02
12530099,POMMERIEUX Eclair Sports,53,Mayenne,PDL,Pays de la Loire,Pommerieux,53400,O Gré des Loisirs Route De Craon,,,,sans-site,,,,,annuaire public FFTT (carte.fftt.com),2026-09-02
12530026,PORT BRILLET,53,Mayenne,PDL,Pays de la Loire,Port-Brillet,53410,Salle Polyvalente 22 Rue De Verdun La Madeleine,,,,sans-site,,,,,annuaire public FFTT (carte.fftt.com),2026-09-02
12530048,PRE EN PAIL Intrepide,53,Mayenne,PDL,Pays de la Loire,Pré-En-Pail,53140,Salle Suzanne Germain Rue Des Troènes,,,,sans-site,,,,,annuaire public FFTT (carte.fftt.com),2026-09-02
12530108,RENAZEEN Tennis de Table,53,Mayenne,PDL,Pays de la Loire,Renazé,53800,Complexe 2000 Rue De Kirchheim,,,,sans-site,,,,,annuaire public FFTT (carte.fftt.com),2026-09-02
12530011,ST AIGNAN SUR ROE Espoir,53,Mayenne,PDL,Pays de la Loire,Saint-Aignan-Sur-Roë,53390,"Salle Polyvalente 9, Rue De L'étang",,,,sans-site,,,,,annuaire public FFTT (carte.fftt.com),2026-09-02
12530136,CONTEST ST BAUDELLE,53,Mayenne,PDL,Pays de la Loire,Saint-Baudelle,53100,Salle Omnisports Route De Contest,,,,sans-site,,,,,annuaire public FFTT (carte.fftt.com),2026-09-02
12530144,ST DENIS D ANJOU Eclair,53,Mayenne,PDL,Pays de la Loire,Saint-Denis-D'Anjou,53290,Stade Municipal 36 Route De Morannes,,,,sans-site,,,,,annuaire public FFTT (carte.fftt.com),2026-09-02
12530098,ST DENIS DE GASTINES J.G,53,Mayenne,PDL,Pays de la Loire,Saint-Denis-De-Gastines,53500,Complexe Jean Du Couëdic Route De Gorron,,,,sans-site,,,,,annuaire public FFTT (carte.fftt.com),2026-09-02
12530084,ST GEORGES SUR ERVE,53,Mayenne,PDL,Pays de la Loire,Saint-Georges-Sur-Erve,53600,Salle Des Fêtes Place Saint Georges,,,,sans-site,,,,,annuaire public FFTT (carte.fftt.com),2026-09-02
12530046,VALLEE D'ORTHE U.S,53,Mayenne,PDL,Pays de la Loire,Saint-Martin-De-Connée,53160,Salle Polyvalente 1 Chemin De L'épine,,,,sans-site,,,,,annuaire public FFTT (carte.fftt.com),2026-09-02
12530121,ST PIERRE DES LANDES T.T,53,Mayenne,PDL,Pays de la Loire,Saint-Pierre-Des-Landes,53500,Salle des Sports route de Mégaudais,,,,sans-site,,,,,annuaire public FFTT (carte.fftt.com),2026-09-02
12530095,ST PIERRE LA COUR Club Pongiste,53,Mayenne,PDL,Pays de la Loire,Saint-Pierre-La-Cour,53410,"Salle Omnisports 1, Rue du Maine Complexe Sportif",,,,sans-site,,,,,annuaire public FFTT (carte.fftt.com),2026-09-02
12530081,ST QUENTIN LES ANGES T.Table,53,Mayenne,PDL,Pays de la Loire,Saint-Quentin-Les-Anges,53400,"Salle Des Fêtes 7, Rue De Mortiercrolles",,,,sans-site,,,,,annuaire public FFTT (carte.fftt.com),2026-09-02
12538900,STE GEMMES Tennis de Table,53,Mayenne,PDL,Pays de la Loire,Sainte-Gemmes-Le-Robert,53600,Salle Multifonctions Avenue Des Sports Rue l'Abbé Angot,,,,sans-site,,,,,annuaire public FFTT (carte.fftt.com),2026-09-02
12530067,VAIGES Tennis de Table,53,Mayenne,PDL,Pays de la Loire,Vaiges,53480,Salle Polyvalente Route De Chéméré,,,,sans-site,,,,,annuaire public FFTT (carte.fftt.com),2026-09-02
06540007,BRIEY U.S. Tennis de Table,54,Meurthe-et-Moselle,GES,Grand Est,,,,,,,sans-site,,,,,annuaire public FFTT (carte.fftt.com),2026-09-02
06540008,ESSEY-SEICHAMPS T.T.,54,Meurthe-et-Moselle,GES,Grand Est,,,,https://www.esseytt.fr/,logos/54/06540008-essey-seichamps-t-t.webp,https://www.esseytt.fr/wp-content/uploads/2018/09/logoEsseyTT-300x129.png,logo,#303030 #d01010 #909090 #505050,clair,,,annuaire public FFTT (carte.fftt.com),2026-09-02
06540199,HOUDEMONT ATT,54,Meurthe-et-Moselle,GES,Grand Est,,,,https://atthoudemont.sportsregions.fr/,logos/54/06540199-houdemont-att.webp,https://atthoudemont.sportsregions.fr/media/uploaded/sites/12129/association/63d7cd9a6e6f5_bordnoiratthoudemontlogo.png,logo,#f09010 #f0b070 #f09030 #503010,clair,,,annuaire public FFTT (carte.fftt.com),2026-09-02
06540016,LAXOU AMICALE L.EMILE ZOLA,54,Meurthe-et-Moselle,GES,Grand Est,,,,http://laxoupongistes.free.fr/,logos/54/06540016-laxou-amicale-l-emile-zola.webp,http://laxoupongistes.free.fr/images/LOGOLGETT.jpg,logo,#f0f0f0 #90b0b0 #d0d0b0 #909070,clair,,,annuaire public FFTT (carte.fftt.com),2026-09-02
06540021,LUNEVILLE A.L.T.T.,54,Meurthe-et-Moselle,GES,Grand Est,,,,https://www.altt.fr/,logos/54/06540021-luneville-a-l-t-t.webp,https://www.altt.fr/media/uploaded/sites/23231/association/652f9438e866c_Designsanstitre2.png,logo,#f0f0f0 #f0d0d0 #f0d0b0 #f0b090,sombre,,,annuaire public FFTT (carte.fftt.com),2026-09-02
06540043,NANCY S.L.U.C.,54,Meurthe-et-Moselle,GES,Grand Est,,,,https://www.slucnancytt.fr/,logos/54/06540043-nancy-s-l-u-c.svg,https://www.slucnancytt.fr/favicon.svg,favicon,#ed0d11,clair,,,annuaire public FFTT (carte.fftt.com),2026-09-02
06540032,NEUVES MAISONS TT,54,Meurthe-et-Moselle,GES,Grand Est,,,,https://www.ttneuvesmaisons.com/,logos/54/06540032-neuves-maisons-tt.webp,https://i0.wp.com/www.ttneuvesmaisons.com/wp-content/uploads/cropped-logo_club.jpeg?fit=180%2C180&ssl=1,logo,#1050b0 #1070d0 #f0f0f0 #103070,clair,,,annuaire public FFTT (carte.fftt.com),2026-09-02
06540097,TIERCELET M.J.C.,54,Meurthe-et-Moselle,GES,Grand Est,,,,https://mjc-tiercelet.webnode.fr/,logos/54/06540097-tiercelet-m-j-c.webp,https://6d3e90b54e.cbaul-cdnwnd.com/49192333777da2aa891d5c67698abd8a/200000181-2b7032b707/image_entente5.jpg?ph=6d3e90b54e,logo,#f0f0f0 #d0d0d0 #f07030 #d0f0d0,clair,,,annuaire public FFTT (carte.fftt.com),2026-09-02
06540198,VANDOEUVRE ASTT,54,Meurthe-et-Moselle,GES,Grand Est,,,,,,,sans-site,,,,,annuaire public FFTT (carte.fftt.com),2026-09-02
06540040,VILLERS LES NANCY C.O.S.,54,Meurthe-et-Moselle,GES,Grand Est,,,,https://cosvillerstt.fr/,logos/54/06540040-villers-les-nancy-c-o-s.webp,https://cosvillerstt.fr/wp-content/uploads/elementor/thumbs/logo_fond_blanc-removebg-preview-qggu99dpyrsbgchp1pkkcwkfr41zw4qltplbcu3asc.png,logo,#50b030 #307030 #305010 #103010,clair,,,annuaire public FFTT (carte.fftt.com),2026-09-02
06540202,ATTON FR TT,54,Meurthe-et-Moselle,GES,Grand Est,Atton,54700,Salle Emile Gallé 1 Rue Des Dames,,,,sans-site,,,,,annuaire public FFTT (carte.fftt.com),2026-09-02
06540104,AUDUN LE ROMAN ASTT,54,Meurthe-et-Moselle,GES,Grand Est,Audun Le Roman,54560,Espace sportif Rue Mathieu,,,,sans-site,,,,,annuaire public FFTT (carte.fftt.com),2026-09-02
06540193,BACCARAT ABTT,54,Meurthe-et-Moselle,GES,Grand Est,Baccarat,54120,Pole sportif Josette RENAUX Rue Emile Gridel,,,,sans-site,,,,,annuaire public FFTT (carte.fftt.com),2026-09-02
06540135,BAINVILLE AUX MIROIRS F.R.,54,Meurthe-et-Moselle,GES,Grand Est,Bainville Aux Miroirs,54290,Salle Polyvalente J.P.ROLOT 60 route de Lebeuville,,,,sans-site,,,,,annuaire public FFTT (carte.fftt.com),2026-09-02
06540184,BATILLY Tennis de Table,54,Meurthe-et-Moselle,GES,Grand Est,Batilly,54980,Gymnase de Batilly 1 Impasse de La Barrière,,,,sans-site,,,,,annuaire public FFTT (carte.fftt.com),2026-09-02
06540075,BAYON Tennis de Table,54,Meurthe-et-Moselle,GES,Grand Est,Bayon,54290,salle polyvalente Rue de Straelen,,,,sans-site,,,,,annuaire public FFTT (carte.fftt.com),2026-09-02
06540108,BLENOD MONTAUVILLE TT,54,Meurthe-et-Moselle,GES,Grand Est,Blenod Les Pont A Mousson,54700,Salle Jeannot Bianchi Rue Saint Epvre,,,,sans-site,,,,,annuaire public FFTT (carte.fftt.com),2026-09-02
06540187,CHAMPIGNEULLES Tennis de Table,54,Meurthe-et-Moselle,GES,Grand Est,Champigneulles,54250,Complexe Sportif de Bellefontain Rue de Roncevaux,http://champigneullestt.fr/,,,aucun,,,,,annuaire public FFTT (carte.fftt.com),2026-09-02
06540088,CHANTEHEUX TT,54,Meurthe-et-Moselle,GES,Grand Est,Chanteheux,54300,"Salle du Forgeron 5, Rue de la Concorde",,,,sans-site,,,,,annuaire public FFTT (carte.fftt.com),2026-09-02
06540197,CUTRY Tennis de Table,54,Meurthe-et-Moselle,GES,Grand Est,Cutry,54720,Centre socioculturel 2 ter rue de beuveille,,,,sans-site,,,,,annuaire public FFTT (carte.fftt.com),2026-09-02
06540001,BLAINVILLE DAMELEVIERES AC,54,Meurthe-et-Moselle,GES,Grand Est,Damelevieres,54360,Salle Jean MELINE Zone de Loisir Stade SNCF - rue Pierre Semard,https://acbdtennisdetable.clubeo.com/,logos/54/06540001-blainville-damelevieres-ac.webp,https://s1.static-clubeo.com/250/uploads/acbdtennisdetable/logo__76f3knj1u.png,logo,#1050b0 #f03030 #505050 #d0d0d0,clair,,,annuaire public FFTT (carte.fftt.com),2026-09-02
06540068,DIEULOUARD F.J.E.P.,54,Meurthe-et-Moselle,GES,Grand Est,Dieulouard,54380,Preau de l'ecole Jules Ferry rue Jules Ferry Pole Jean PROUVÉ,,,,sans-site,,,,,annuaire public FFTT (carte.fftt.com),2026-09-02
06540020,DOMBASLE STT,54,Meurthe-et-Moselle,GES,Grand Est,Dombasle Sur Meurthe,54110,salle Jean Schenck rue du 14 septembre,,,,sans-site,,,,,annuaire public FFTT (carte.fftt.com),2026-09-02
06540036,TOUL ECROUVES ASTETT,54,Meurthe-et-Moselle,GES,Grand Est,Ecrouves,54200,salle Jacques Robinot 1504 avenue du 15eme genie,,,,sans-site,,,,,annuaire public FFTT (carte.fftt.com),2026-09-02
06540082,LUDRES FLAVIGNY TT,54,Meurthe-et-Moselle,GES,Grand Est,Flavigny Sur Moselle,54630,"Salle des Sports 69, rue du Chaubourot A cote de LA POSTE",https://tennis-table-flavigny.fr/,logos/54/06540082-ludres-flavigny-tt.webp,https://tennis-table-flavigny.fr/assets/logo-flavigny.png,logo,#101010 #f07030 #d0f010 #101030,clair,,,annuaire public FFTT (carte.fftt.com),2026-09-02
06540010,FOUG C.P.,54,Meurthe-et-Moselle,GES,Grand Est,Foug,54570,Salle des Sports Rue du General Leclerc,,,,sans-site,,,,,annuaire public FFTT (carte.fftt.com),2026-09-02
06540011,Frouard O.F.P.,54,Meurthe-et-Moselle,GES,Grand Est,Frouard,54390,salle B.Lacoffrette rue de l'hotel de ville College J . Lurcat,https://ofptennisdetable.clubeo.com/,logos/54/06540011-frouard-o-f-p.webp,https://s3.static-clubeo.com/100/uploads/ofptennisdetable/logo__76a9t1x6x.png,logo,#101050 #f0d010 #d0b010 #303050,clair,,,annuaire public FFTT (carte.fftt.com),2026-09-02
06540056,HEILLECOURT LOISIRS RENCON,54,Meurthe-et-Moselle,GES,Grand Est,Heillecourt,54180,COSEC Parc de l'Embanie,http://heillecourttt.fr,,,aucun,,,,,annuaire public FFTT (carte.fftt.com),2026-09-02
06540115,HERIMENIL T.T.,54,Meurthe-et-Moselle,GES,Grand Est,Herimenil,54300,"Maison pour tous 23, Avenue du Stade",,,,sans-site,,,,,annuaire public FFTT (carte.fftt.com),2026-09-02
06540014,HERSERANGE ASTT,54,Meurthe-et-Moselle,GES,Grand Est,Herserange,54440,Salle Jules DEVANI Avenue D'huart (en face du 190),,,,sans-site,,,,,annuaire public FFTT (carte.fftt.com),2026-09-02
06540028,NANCY ASPTT-JARVILLE Jeune,54,Meurthe-et-Moselle,GES,Grand Est,Jarville La Malgrange,54140,"MJC Jarville 3, rue Francois Evrard",https://nancy-meurthe-et-moselle-tennis-de-table.asptt.com/,logos/54/06540028-nancy-asptt-jarville-jeune.webp,https://nancy-meurthe-et-moselle-tennis-de-table.asptt.com/wp-content/themes/fsasptt-club-2022/assets/images/my_asptt.png,logo,#d09050 #f0b050 #f0b070 #d0b050,clair,,,annuaire public FFTT (carte.fftt.com),2026-09-02
06540201,JOEUF Tennis de Table,54,Meurthe-et-Moselle,GES,Grand Est,Joeuf,54240,Gymnase municipal 3 rue du stade Complexe Platini,,,,sans-site,,,,,annuaire public FFTT (carte.fftt.com),2026-09-02
06540055,LAY SAINT CHRISTOPHE TTLSC,54,Meurthe-et-Moselle,GES,Grand Est,Lay St Christophe,54690,"Salle Multi-activite 9, r.Baron de Courcelles",,,,sans-site,,,,,annuaire public FFTT (carte.fftt.com),2026-09-02
06540205,ASTT LIVERDUN,54,Meurthe-et-Moselle,GES,Grand Est,Liverdun,54460,Espace loisirs Champagne 1 Rue de Quimper,,,,sans-site,,,,,annuaire public FFTT (carte.fftt.com),2026-09-02
06540192,LONGLAVILLE TT,54,Meurthe-et-Moselle,GES,Grand Est,Longlaville,54810,Complexe sportif Rue Rene Getti,,,,sans-site,,,,,annuaire public FFTT (carte.fftt.com),2026-09-02
06540019,LONGUYON E.S.L.,54,Meurthe-et-Moselle,GES,Grand Est,Longuyon,54260,salle Auguste Rodry Route d'Etain,,,,sans-site,,,,,annuaire public FFTT (carte.fftt.com),2026-09-02
06540047,MALLELOY F.J.E.P.,54,Meurthe-et-Moselle,GES,Grand Est,Malleloy,54670,salle polyvalente rue de Venezu,https://fjepmalleloy.com/,logos/54/06540047-malleloy-f-j-e-p.webp,https://fjepmalleloy.com/wp-content/uploads/2021/06/cropped-cropped-fjepm..jpg?w=180,logo,#1070d0 #1070b0 #b0b0b0 #d0d0d0,clair,,,annuaire public FFTT (carte.fftt.com),2026-09-02
06540151,MERCY LE BAS F.E.P.,54,Meurthe-et-Moselle,GES,Grand Est,Mercy Le Bas,54960,Foyer municipal Route Nationale,,,,sans-site,,,,,annuaire public FFTT (carte.fftt.com),2026-09-02
06540128,PONT A MOUSSON A.S.T.T.,54,Meurthe-et-Moselle,GES,Grand Est,Pont A Mousson,54700,Centre des Sports Bernard Guy Avenue Guynemer,http://asttpam.net/,logos/54/06540128-pont-a-mousson-a-s-t-t.webp,http://asttpam.net/wp-content/themes/asttpam/img/logoheader.png,logo,,sombre,,,annuaire public FFTT (carte.fftt.com),2026-09-02
06540204,Tennis club de RICHARDMENIL,54,Meurthe-et-Moselle,GES,Grand Est,Richardmenil,54630,Maison des Associations 66 rue de Nancy Salle n°1,,,,sans-site,,,,,annuaire public FFTT (carte.fftt.com),2026-09-02
06540034,SAINT MAX T.T.H.R.,54,Meurthe-et-Moselle,GES,Grand Est,St Max,54130,COSEC Henri COCHET r.de la Haie Le Comte,,,,sans-site,,,,,annuaire public FFTT (carte.fftt.com),2026-09-02
06540157,ST NICOLAS DE PORT PPCP,54,Meurthe-et-Moselle,GES,Grand Est,St Nicolas De Port,54210,salle Alexandre Belleville 50 rue du blanc mur,http://pingpongclubportois.free.fr/,logos/54/06540157-st-nicolas-de-port-ppcp.webp,http://pingpongclubportois.free.fr/wp-content/uploads/ping4-2.jpg,logo,#505050 #707070 #709090 #507070,clair,,,annuaire public FFTT (carte.fftt.com),2026-09-02
06540200,TELLANCOURT ASC,54,Meurthe-et-Moselle,GES,Grand Est,Tellancourt,54260,Groupe Scolaire Place Marcel Bigeard,,,,sans-site,,,,,annuaire public FFTT (carte.fftt.com),2026-09-02
06880140,TENNIS DE TABLE THIAVILLE FR,54,Meurthe-et-Moselle,GES,Grand Est,Thiaville Sur Meurthe,54120,salle des sports 15 rue des vosges,,,,sans-site,,,,,annuaire public FFTT (carte.fftt.com),2026-09-02
06540194,VILLERS LA MONTAGNE FEP,54,Meurthe-et-Moselle,GES,Grand Est,Villers La Montagne,54920,Salle des sports Rue Brasserie,,,,sans-site,,,,,annuaire public FFTT (carte.fftt.com),2026-09-02
06540111,VILLEY SAINT ETIENNE MJC,54,Meurthe-et-Moselle,GES,Grand Est,Villey St Etienne,54200,salle polyvalente route de Fontenoy,,,,sans-site,,,,,annuaire public FFTT (carte.fftt.com),2026-09-02
06550013,VERDUN S.A.V.T.T.,55,Meuse,GES,Grand Est,,,,,,,sans-site,,,,,annuaire public FFTT (carte.fftt.com),2026-09-02
06550007,ANCERVILLE M.J.C.,55,Meuse,GES,Grand Est,Ancerville,55170,Salle specifique TT Stade de Bruly,http://ancerville.tt.free.fr,,,aucun,,,,,annuaire public FFTT (carte.fftt.com),2026-09-02
06550060,ASPTT BAR LE DUC Meuse GS TT,55,Meuse,GES,Grand Est,Bar Le Duc,55000,Gymnase EPL Agro Technopôle Philippe de Vilmorin,,,,sans-site,,,,,annuaire public FFTT (carte.fftt.com),2026-09-02
06550003,COMMERCY P.P.C.,55,Meuse,GES,Grand Est,Commercy,55200,Salle Jean Baudru 12 Rue du Breuil Prieure de Breuil,,,,sans-site,,,,,annuaire public FFTT (carte.fftt.com),2026-09-02
06550058,Les Loups de DAMVILLERS ASTT,55,Meuse,GES,Grand Est,Damvillers,55150,Petit gymnase Rue De Zierenberg,,,,sans-site,,,,,annuaire public FFTT (carte.fftt.com),2026-09-02
06550034,ETAIN R.A.S.S.,55,Meuse,GES,Grand Est,Etain,55400,Gymnase Ecole Primaire rue des ecoles,,,,sans-site,,,,,annuaire public FFTT (carte.fftt.com),2026-09-02
06550020,FAINS LES SOURCES AEL,55,Meuse,GES,Grand Est,Fains Veel,55000,salle du Stade Rue du Stade,,,,sans-site,,,,,annuaire public FFTT (carte.fftt.com),2026-09-02
06550052,LIGNY EN BARROIS T.T.,55,Meuse,GES,Grand Est,Ligny En Barrois,55500,Gymnase Leo Lagrange Impasse Leo Lagrange,,,,sans-site,,,,,annuaire public FFTT (carte.fftt.com),2026-09-02
06550005,SAINT MIHIEL P.P.C.,55,Meuse,GES,Grand Est,St Mihiel,55300,Gymnase Saint-Michel Place du Sahara,,,,sans-site,,,,,annuaire public FFTT (carte.fftt.com),2026-09-02
06550009,STENAY P.P.C.,55,Meuse,GES,Grand Est,Stenay,55700,Salle Ping Pong Club quartier Chanzy pres du lycee,,,,sans-site,,,,,annuaire public FFTT (carte.fftt.com),2026-09-02
03560086,ARGOET STT ELVEN-MONTERBLANC,56,Morbihan,BRE,Bretagne,,,,http://ping-elven-monterblanc.jindo.com/,logos/56/03560086-argoet-stt-elven-monterblanc.webp,http://img.sedoparking.com/templates/logos/sedo_logo.png,favicon,#105090 #103090,clair,,,annuaire public FFTT (carte.fftt.com),2026-09-02
03560014,B.O. QUESTEMBERT,56,Morbihan,BRE,Bretagne,,,,https://www.bottquestembert.fr/,logos/56/03560014-b-o-questembert.webp,https://v-images.cdnsw.com/Root/gqao7/MORBIHAN_LOGO_ALTRN_CMJN.png?s=YqFFkXU=&webp_compatible=1,logo,#3070b0 #3050b0 #307090,clair,,,annuaire public FFTT (carte.fftt.com),2026-09-02
03560046,CERCLE SPORTIF QUEVENOIS,56,Morbihan,BRE,Bretagne,,,,https://www.cs-queven-tt.fr/,logos/56/03560046-cercle-sportif-quevenois.webp,https://www.cs-queven-tt.fr/templates/shape5_vertex/images/s5_logo.png,logo,#d0d0d0 #b0b0b0 #f0f0f0 #909090,clair,,,annuaire public FFTT (carte.fftt.com),2026-09-02
03560025,CTT ERDEVEN-BELZ,56,Morbihan,BRE,Bretagne,,,,https://ctterdevenbelz.wixsite.com/ctteb,logos/56/03560025-ctt-erdeven-belz.webp,"https://static.wixstatic.com/media/49760d_0b69a5e1a829444da8996102bc3dfd3d~mv2.png/v1/fill/w_174,h_174,al_c,q_85,usm_0.66_1.00_0.01,enc_avif,quality_auto/Logo%20CTT%20ERDEVEN-BELZ%202024-2025-02.png",logo,,sombre,,,annuaire public FFTT (carte.fftt.com),2026-09-02
03560020,E.S PLESCOP T.T,56,Morbihan,BRE,Bretagne,,,,https://www.tennis-de-table-plescop.fr/,logos/56/03560020-e-s-plescop-t-t.webp,https://www.tennis-de-table-plescop.fr/wp-content/uploads/2025/09/Logo-generique-350x350.png,logo,#103070 #b0b0d0 #d0d0f0 #507090,clair,,,annuaire public FFTT (carte.fftt.com),2026-09-02
03560039,GARDE DU VOEU HENNEBONT,56,Morbihan,BRE,Bretagne,,,,https://www.gvhtt.com/,logos/56/03560039-garde-du-voeu-hennebont.webp,https://www.gvhtt.com/images/logos/logo.png,logo,#305070 #505070 #303050 #505090,clair,,,annuaire public FFTT (carte.fftt.com),2026-09-02
03560102,L'AS DE TREFFL',56,Morbihan,BRE,Bretagne,,,,https://lasdetreffl.com/,logos/56/03560102-l-as-de-treffl.webp,https://lasdetreffl.com/uploads/images/treffleant.png,logo,#105010 #f0f0f0 #d0d0d0 #d0f0d0,clair,,,annuaire public FFTT (carte.fftt.com),2026-09-02
03560099,PLOEMEUR 56 TT,56,Morbihan,BRE,Bretagne,,,,https://www.ploemeur56tt.fr/,logos/56/03560099-ploemeur-56-tt.webp,https://www.ploemeur56tt.fr/uploads/images/nlogo_ploemeur56.png,logo,#d0d0d0 #303030 #909090 #f0f0f0,clair,,,annuaire public FFTT (carte.fftt.com),2026-09-02
03560098,PONTIVY-ST THURIAU-MALGUENAC TT,56,Morbihan,BRE,Bretagne,,,,https://www.pontivy-tennisdetable.com/,logos/56/03560098-pontivy-st-thuriau-malguenac-tt.webp,https://www.pontivy-tennisdetable.com/media/uploaded/sites/7401/association/5f490c3e232b6_Logopontivystthuriaumalguenac20202021.png,logo,#107090 #f0f0f0 #b0d0d0 #d0f0f0,clair,,,annuaire public FFTT (carte.fftt.com),2026-09-02
03560036,SENE TENNIS DE TABLE,56,Morbihan,BRE,Bretagne,,,,,,,sans-site,,,,,annuaire public FFTT (carte.fftt.com),2026-09-02
03560038,T. T. DU PAYS DE LOCMINE,56,Morbihan,BRE,Bretagne,,,,https://ttpl.fr/,logos/56/03560038-t-t-du-pays-de-locmine.webp,https://ttpl.fr/wp-content/uploads/2021/06/Logo-TTPL-site.jpg,logo,#d0d0d0 #f0f0f0 #f0f0d0 #f0d0d0,clair,,,annuaire public FFTT (carte.fftt.com),2026-09-02
03560104,TENNIS DE TABLE VANNES,56,Morbihan,BRE,Bretagne,,,,https://ttvannes.fr/,logos/56/03560104-tennis-de-table-vannes.webp,https://ttvannes.fr/wp-content/uploads/2026/09/02-off_Bichromie-transparent-pour-fond-clair_-marg.png,logo,#107090 #303030 #5090b0 #d0f0f0,clair,,,annuaire public FFTT (carte.fftt.com),2026-09-02
03560019,BAUD TENNIS DE TABLE,56,Morbihan,BRE,Bretagne,Baud,56150,Complexe Sportif du Scaouët Rue Emile le Labourer Salle des raquettes,,,,sans-site,,,,,annuaire public FFTT (carte.fftt.com),2026-09-02
03560088,EP BEIGNON,56,Morbihan,BRE,Bretagne,Beignon,56380,SALLE LE RAQUER Mairie de BEIGNON Rue ST CYR COETQUIDAN,,,,sans-site,,,,,annuaire public FFTT (carte.fftt.com),2026-09-02
03560101,BRANDERION TENNIS DE TABLE,56,Morbihan,BRE,Bretagne,Branderion,56700,Salle Omnisports Complexe st Exupery Rue Le Bouille,,,,sans-site,,,,,annuaire public FFTT (carte.fftt.com),2026-09-02
03560017,E.P. CAMPENEAC,56,Morbihan,BRE,Bretagne,Campeneac,56800,Salle Polyvalente,,,,sans-site,,,,,annuaire public FFTT (carte.fftt.com),2026-09-02
03560045,F.C.J. CAUDAN,56,Morbihan,BRE,Bretagne,Caudan,56850,Salle spécifique Rue du Grand Chêne Complexe du Grand Chêne,,,,sans-site,,,,,annuaire public FFTT (carte.fftt.com),2026-09-02
03560031,CLEGUER TENNIS DE TABLE,56,Morbihan,BRE,Bretagne,Cleguer,56620,Salle polyvalente Rue Cap de Beaufort,,,,sans-site,,,,,annuaire public FFTT (carte.fftt.com),2026-09-02
03560096,PONT-SCORFF GESTEL TT,56,Morbihan,BRE,Bretagne,Gestel,56530,PONT-SCORFF TENNIS DE TABLE Salle polyvalente du Lain,,,,sans-site,,,,,annuaire public FFTT (carte.fftt.com),2026-09-02
03560056,TENNIS DE TABLE GOURIN,56,Morbihan,BRE,Bretagne,Gourin,56110,Gymnase municipal,,,,sans-site,,,,,annuaire public FFTT (carte.fftt.com),2026-09-02
03560057,LA RAQUETTE GUEGONNAISE,56,Morbihan,BRE,Bretagne,Guegon,56120,HALL DES SPORTS AVENUE DE LA VILLE PELOTE,,,,sans-site,,,,,annuaire public FFTT (carte.fftt.com),2026-09-02
03560066,TT GUEMENE S/SCORFF,56,Morbihan,BRE,Bretagne,Guemene Sur Scorff,56160,HALLE AUX SPORTS Honore PERRON Rue du stade STADE ANTOINE MAURICE,,,,sans-site,,,,,annuaire public FFTT (carte.fftt.com),2026-09-02
03560050,FOYER CLUB DE ST-RAOUL,56,Morbihan,BRE,Bretagne,Guer,56380,Salle communale Jean-Marie Chadouteau Saint Raoul,,,,sans-site,,,,,annuaire public FFTT (carte.fftt.com),2026-09-02
03560055,T.T. LA GUIDELOISE,56,Morbihan,BRE,Bretagne,Guidel,56520,POLIGNAC Rue Jean-Pierre Calloch,https://club.quomodo.com/tt_la_guideloise/accueil.html,,,aucun,,,,,annuaire public FFTT (carte.fftt.com),2026-09-02
03560043,KERVIGNAC TENNIS DE TABLE,56,Morbihan,BRE,Bretagne,Kervignac,56700,Salle Polyvalente Allee des Sports,,,,sans-site,,,,,annuaire public FFTT (carte.fftt.com),2026-09-02
03560037,E.D.P. LANESTER,56,Morbihan,BRE,Bretagne,Lanester,56600,"E.D.P. LANESTER 10 bis, rue des trois Freres Le Bouard",,,,sans-site,,,,,annuaire public FFTT (carte.fftt.com),2026-09-02
03560059,F.L. LANESTER,56,Morbihan,BRE,Bretagne,Lanester,56600,Gymnase Rene Ihuel Rue Kesler Devillers Angle rue Devillers et rue Marat,http://www.fllanestertt.fr,,,aucun,,,,,annuaire public FFTT (carte.fftt.com),2026-09-02
03560051,LUTINS DE LANGONNET,56,Morbihan,BRE,Bretagne,Langonnet,56630,Salle Omnisports la sapiniere,,,,sans-site,,,,,annuaire public FFTT (carte.fftt.com),2026-09-02
03560016,CLUB SPORTIF FAOUETAIS,56,Morbihan,BRE,Bretagne,Le Faouet,56320,SALLE DES SPORTS COURS CARRE,,,,sans-site,,,,,annuaire public FFTT (carte.fftt.com),2026-09-02
03560085,CEP LORIENT TENNIS DE TABLE,56,Morbihan,BRE,Bretagne,Lorient,56100,Salle de Merville 1 avenue de la Marne Ecole MERVILLE,https://www.ceptennisdetablelorient.com/,,,aucun,,,,,annuaire public FFTT (carte.fftt.com),2026-09-02
03560002,F.L. KERYADO LORIENT,56,Morbihan,BRE,Bretagne,Lorient,56100,Complexe Sportif Foyer Laïque de Keryado (F.L.K.) 28 rue de Kersabiec,,,,sans-site,,,,,annuaire public FFTT (carte.fftt.com),2026-09-02
03560033,F.O.L.C. LORIENT OUEST,56,Morbihan,BRE,Bretagne,Lorient,56100,Gymnase de KERVENANEC Allée Gabriel Laurent,https://www.folclott.com/,logos/56/03560033-f-o-l-c-lorient-ouest.webp,https://static.wixstatic.com/media/044d3a_5d6bf3acd3dc48349ac29eb2d8371551~mv2.jpg,logo,#f0b010 #d0d0d0 #909090 #b0b0b0,clair,,,annuaire public FFTT (carte.fftt.com),2026-09-02
03560006,MUZILLAC TT,56,Morbihan,BRE,Bretagne,Muzillac,56190,Salle du clos des moines Rue du docteur Calmette,http://muzillactennisdetable.hautetfort.com/,logos/56/03560006-muzillac-tt.webp,http://muzillactennisdetable.hautetfort.com/media/00/02/566236246.png,logo,#101030 #103050 #101050 #103070,clair,,,annuaire public FFTT (carte.fftt.com),2026-09-02
03560052,Raquette d'Oust de PEILLAC,56,Morbihan,BRE,Bretagne,Peillac,56220,Salle Omnisports stade du cormier Route de St-Grave,,,,sans-site,,,,,annuaire public FFTT (carte.fftt.com),2026-09-02
12440239,SUD VILAINE GOELANDS,56,Morbihan,BRE,Bretagne,Penestin,56760,SALLE DES FETES RUE DU CALVAIRE,http://asgoelandpenestin.e-monsite.com,,,aucun,,,,,annuaire public FFTT (carte.fftt.com),2026-09-02
03560072,JEANNE D ARC PLEUCADEUC,56,Morbihan,BRE,Bretagne,Pleucadeuc,56140,JEANNE D ARC PLEUCADEUC Avenue des Sports,,,,sans-site,,,,,annuaire public FFTT (carte.fftt.com),2026-09-02
03560091,GOLFE TT 56,56,Morbihan,BRE,Bretagne,Ploeren,56880,SALLE LE RAQUER 19 RUE DES FONTAINES,https://www.golfe-tennisdetable-56.fr/,logos/56/03560091-golfe-tt-56.webp,https://image.jimcdn.com/app/cms/image/transf/dimension=428x10000:format=png/path/sad4d3af721f73e7d/image/i8fbb47c24869ace7/version/1729441067/image.png,logo,#f07010 #5090d0 #f09010 #3070d0,clair,,,annuaire public FFTT (carte.fftt.com),2026-09-02
03560012,LEOPARDS DE PLOERMEL,56,Morbihan,BRE,Bretagne,Ploermel,56800,"Salle Bernard Rio/Joseph Bretel 5, rue General Giraud",https://www.ttploermel.com/,logos/56/03560012-leopards-de-ploermel.webp,https://www.ttploermel.com/images/tennis-de-table-ploermel.png,logo,#5070b0 #507090 #305070 #7070b0,clair,,,annuaire public FFTT (carte.fftt.com),2026-09-02
03560028,U.S. PLOUAYSIENNE,56,Morbihan,BRE,Bretagne,Plouay,56240,Salle polyvalente de kerveline Rue de Kerveline,,,,sans-site,,,,,annuaire public FFTT (carte.fftt.com),2026-09-02
03560071,PLOURAY TENNIS DE TABLE,56,Morbihan,BRE,Bretagne,Plouray,56770,"salle multifonction,sports 20 rue du Midi",,,,sans-site,,,,,annuaire public FFTT (carte.fftt.com),2026-09-02
03560064,LA RAQUETTE MELECIENNE-PLUMELEC,56,Morbihan,BRE,Bretagne,Plumelec,56420,Salle Polyvalente Route de Josselin,,,,sans-site,,,,,annuaire public FFTT (carte.fftt.com),2026-09-02
03560060,A.P. PLUNERET/MERIADEC,56,Morbihan,BRE,Bretagne,Pluneret,56400,Salle Omnisports 12 Rue de la Gare Gymnase Michel POMMOIS,,,,sans-site,,,,,annuaire public FFTT (carte.fftt.com),2026-09-02
03560044,F.L.E.P. PORT-LOUIS,56,Morbihan,BRE,Bretagne,Port Louis,56290,Salle des remparts 4 Rue de la Citadelle Près de la Gendarmerie,,,,sans-site,,,,,annuaire public FFTT (carte.fftt.com),2026-09-02
03560013,PRESQU ILE TT QUIBERON,56,Morbihan,BRE,Bretagne,Quiberon,56170,GYMNASE BEG ER VIL rue de Saint Clement salle annexe,,,,sans-site,,,,,annuaire public FFTT (carte.fftt.com),2026-09-02
03560092,TT RHUYS-SARZEAU,56,Morbihan,BRE,Bretagne,Sarzeau,56370,SALLE MULTISPORTS DU PATIS Rue Adrien Régent,,,,sans-site,,,,,annuaire public FFTT (carte.fftt.com),2026-09-02
03560023,USSAC SAINT ABRABRAM,56,Morbihan,BRE,Bretagne,St Abraham,56140,COMPLEXE INTER COMMUNAL,,,,sans-site,,,,,annuaire public FFTT (carte.fftt.com),2026-09-02
03560054,E.S. SAINT-AVE,56,Morbihan,BRE,Bretagne,St Ave,56890,Complexe Sportif PIERRE LE NOUAIL salle TT rue droits de l'Homme,,,,sans-site,,,,,annuaire public FFTT (carte.fftt.com),2026-09-02
03560063,ESPERANCE ST-JEAN BREVELAY,56,Morbihan,BRE,Bretagne,St Jean Brevelay,56660,Complexe sportif de la Metairie,,,,sans-site,,,,,annuaire public FFTT (carte.fftt.com),2026-09-02
03560027,AJONCS D OR ST-NOLFF,56,Morbihan,BRE,Bretagne,St Nolff,56250,SALLE ROSCANVEC,,,,sans-site,,,,,annuaire public FFTT (carte.fftt.com),2026-09-02
03560090,ASSP SAINT PHILIBERT,56,Morbihan,BRE,Bretagne,St Philibert,56470,Espace Meaban Rue G. Camenen,,,,sans-site,,,,,annuaire public FFTT (carte.fftt.com),2026-09-02
06570088,CREUTZWALD E.P.,57,Moselle,GES,Grand Est,,,,,,,sans-site,,,,,annuaire public FFTT (carte.fftt.com),2026-09-02
06570005,FAULQUEMONT E.S.C.,57,Moselle,GES,Grand Est,,,,https://escf-tt.fr/,logos/57/06570005-faulquemont-e-s-c.webp,https://escf-tt.fr/wp-content/uploads/2023/02/logo_fond-rouge-site1.png,logo,#f01010 #f0d0d0 #f03030 #f0b0b0,clair,,,annuaire public FFTT (carte.fftt.com),2026-09-02
06570027,FORBACH U.S.T.T.,57,Moselle,GES,Grand Est,,,,,,,sans-site,,,,,annuaire public FFTT (carte.fftt.com),2026-09-02
06570014,MANOM J.S.,57,Moselle,GES,Grand Est,,,,https://jsmanom-tt.fr/,logos/57/06570014-manom-j-s.webp,https://jsmanom-tt.fr/wp-content/uploads/2024/07/Mora-44-300x205.jpg,logo,#5070d0 #5090d0 #707070 #909090,clair,,,annuaire public FFTT (carte.fftt.com),2026-09-02
06570190,METZ Tennis de Table,57,Moselle,GES,Grand Est,,,,https://www.metz-tt.com/,logos/57/06570190-metz-tennis-de-table.webp,https://www.metz-tt.com/media/uploaded/sites/15615/association/5d25b3728e66b_LOGOMETZTT2018.png,logo,#d0d0d0 #303030 #707070 #505050,clair,,,annuaire public FFTT (carte.fftt.com),2026-09-02
06570202,NIDERVILLER Eden Pongiste,57,Moselle,GES,Grand Est,,,,,,,sans-site,,,,,annuaire public FFTT (carte.fftt.com),2026-09-02
06570199,PAYS SIERCKOIS SPORTS ET LOISIRS,57,Moselle,GES,Grand Est,,,,,,,sans-site,,,,,annuaire public FFTT (carte.fftt.com),2026-09-02
06570019,SAINT AVOLD C.T.T.,57,Moselle,GES,Grand Est,,,,https://ctt-saintavold.fr/,logos/57/06570019-saint-avold-c-t-t.webp,https://ctt-saintavold.fr/wp-content/uploads/2025/08/Logos.png,logo,#101010 #303030 #505050 #301030,clair,,,annuaire public FFTT (carte.fftt.com),2026-09-02
06570024,THIONVILLE Tennis de Table,57,Moselle,GES,Grand Est,,,,https://www.thionville-tt.fr/,logos/57/06570024-thionville-tennis-de-table.webp,https://cdn.pepsup.com/resources/images/CLUBS/000/000/362/3629/IMAGE/logo.png?1785919232506,logo,#1090d0 #b0b030 #1070b0 #3090d0,clair,,,annuaire public FFTT (carte.fftt.com),2026-09-02
06570070,AMNEVILLE Tennis de Table,57,Moselle,GES,Grand Est,Amneville,57360,Salle Erwin Philippi rue de ROMBAS,https://www.tt-amneville.fr/,logos/57/06570070-amneville-tennis-de-table.webp,https://tt-amneville.fr/tennis-table-amneville/club.jpg,logo,#b09090 #b09070 #707070 #907070,clair,,,annuaire public FFTT (carte.fftt.com),2026-09-02
06570177,AUDUN LE TICHE JSA,57,Moselle,GES,Grand Est,Audun Le Tiche,57390,Salle Jean MOULIN rue Salvador Allende,,,,sans-site,,,,,annuaire public FFTT (carte.fftt.com),2026-09-02
06570102,BASSE HAM BHTT,57,Moselle,GES,Grand Est,Basse Ham,57970,GYMNASE Marcel HITZ Rue du stade,,,,sans-site,,,,,annuaire public FFTT (carte.fftt.com),2026-09-02
06570180,BEHREN LES FORBACH TT,57,Moselle,GES,Grand Est,Behren Les Forbach,57460,Salle Hector Berlioz Rue ST Blaise,,,,sans-site,,,,,annuaire public FFTT (carte.fftt.com),2026-09-02
06570174,BERTRANGE-DISTROFF TT,57,Moselle,GES,Grand Est,Bertrange,57310,Gymnase municipal,,,,sans-site,,,,,annuaire public FFTT (carte.fftt.com),2026-09-02
06570078,CLOUANGE T.T.,57,Moselle,GES,Grand Est,Clouange,57185,Gymnase du Grand Ban 6 Rue du 4 septembre,,,,sans-site,,,,,annuaire public FFTT (carte.fftt.com),2026-09-02
06570191,CREUTZWALD Tennis de Table,57,Moselle,GES,Grand Est,Creutzwald,57150,Salle Albert Schweitzer Rue des tilleuls,https://ctt-creutzwald.clubeo.com/,logos/57/06570191-creutzwald-tennis-de-table.webp,https://ctt-creutzwald.clubeo.com/uploads/ctt-creutzwald/shield.png,logo,#f0f010 #d0f010,clair,,,annuaire public FFTT (carte.fftt.com),2026-09-02
06570057,FREYMING-ST MAURICE LTDP,57,Moselle,GES,Grand Est,Freyming Merlebach,57800,gymnase Alain Fournier rue Alain Fournier,,,,sans-site,,,,,annuaire public FFTT (carte.fftt.com),2026-09-02
06570007,HAGONDANGE E.S.,57,Moselle,GES,Grand Est,Hagondange,57300,Ecole Jean de la Fontaine Rue des Fleurs (Acces rue Pierre Semard),https://www.eshagondange-tt.fr/,,,aucun,,,,,annuaire public FFTT (carte.fftt.com),2026-09-02
06570125,HAYANGE U.S.T.H. T.T.,57,Moselle,GES,Grand Est,Hayange,57700,Gymnase Regine CAVAGNOUD Le fond des vaches pres de la piscine,,,,sans-site,,,,,annuaire public FFTT (carte.fftt.com),2026-09-02
06570168,KONACKER HAYANGE S.L.,57,Moselle,GES,Grand Est,Hayange,57700,Gymnase des mimosas rue des lilas le Konacker,,,,sans-site,,,,,annuaire public FFTT (carte.fftt.com),2026-09-02
06570179,HUNDLING C.P.H.,57,Moselle,GES,Grand Est,Hundling,57990,salle des sports place Charles Schmitt,,,,sans-site,,,,,annuaire public FFTT (carte.fftt.com),2026-09-02
06570075,ILLANGE USTT,57,Moselle,GES,Grand Est,Illange,57970,salle Polyvalente centre commercial,https://club.quomodo.com/ustti,,,aucun,,,,,annuaire public FFTT (carte.fftt.com),2026-09-02
06570188,ROUSSY LE VILLAGE TT,57,Moselle,GES,Grand Est,Kanfen,57330,Gymnase communautaire Kanfen Rue d'Hettange,,,,sans-site,,,,,annuaire public FFTT (carte.fftt.com),2026-09-02
06570158,KNUTANGE-NILVANGE TT,57,Moselle,GES,Grand Est,Knutange,57240,Salle Stade St Genevieve rue Victor Rimmel face au N?271,,,,sans-site,,,,,annuaire public FFTT (carte.fftt.com),2026-09-02
06570008,L HOPITAL P.P.C.,57,Moselle,GES,Grand Est,L Hopital,57490,Gymnase de la poste Place du marche,,,,sans-site,,,,,annuaire public FFTT (carte.fftt.com),2026-09-02
06570107,MAIZIÈRES-LÈS-METZ T.T.,57,Moselle,GES,Grand Est,Maizieres Les Metz,57280,Gymnase Joel Bommersheim Rue Lothaire,https://maiziereslesmetztt.fr/,logos/57/06570107-maizieres-les-metz-t-t.webp,https://maiziereslesmetztt.fr/wp-content/uploads/cache/2012/09/jpg_titleLogobouchon/434951434.jpg,logo,#5090b0 #3070b0 #7090d0 #90b0d0,clair,,,annuaire public FFTT (carte.fftt.com),2026-09-02
06570175,METZ GRANGE AUX BOIS TT,57,Moselle,GES,Grand Est,Metz,57070,Salle Pilatre de Rosier Rue Patural Barbet,,,,sans-site,,,,,annuaire public FFTT (carte.fftt.com),2026-09-02
06570015,MONTIGNY LES METZ T.T.,57,Moselle,GES,Grand Est,Montigny Les Metz,57950,Gymnase St Exupery Allee St Exupery,https://tt-montigny.assoconnect.com/page/2042301,logos/57/06570015-montigny-les-metz-t-t.webp,https://app.assoconnect.com/services/storage?id=3012324&type=picture&secret=SvvcROnNmK6PjYSKsVoDxRVgIRKYuL8dY4F3QDGn&timestamp=1775961325&size=small,logo,#101010 #b01010 #901010 #f01010,clair,,,annuaire public FFTT (carte.fftt.com),2026-09-02
06570060,MORSBACH Sarre et Moselle ASTT,57,Moselle,GES,Grand Est,Morsbach,57600,Salle Eric Tabarly Rue Eric tabarly,,,,sans-site,,,,,annuaire public FFTT (carte.fftt.com),2026-09-02
06570018,OBERGAILBACH U.P.,57,Moselle,GES,Grand Est,Obergailbach,57720,Salle Socio-Culturelle Rue des Muguets,,,,sans-site,,,,,annuaire public FFTT (carte.fftt.com),2026-09-02
06570132,PAYS DE BITCHE TT,57,Moselle,GES,Grand Est,Petit Rederching,57410,Salle Socio culturelle rue du chef Cordary,,,,sans-site,,,,,annuaire public FFTT (carte.fftt.com),2026-09-02
06570193,REMILLY Tennis de Table,57,Moselle,GES,Grand Est,Remilly,57580,Gymnase du college Route de Bechy,https://rtt-remillytennisdetable.clubeo.com/,logos/57/06570193-remilly-tennis-de-table.webp,https://s3.static-clubeo.com/250/uploads/rtt-remillytennisdetable/logo__76a9t240v.png,logo,#707070 #505050 #909090 #303030,clair,,,annuaire public FFTT (carte.fftt.com),2026-09-02
06570146,ROHRBACH-LES-BITCHE TT,57,Moselle,GES,Grand Est,Rohrbach Les Bitche,57410,gymnase municipal rue des sports,,,,sans-site,,,,,annuaire public FFTT (carte.fftt.com),2026-09-02
06570137,ROUHLING CTT,57,Moselle,GES,Grand Est,Rouhling,57520,CIAC 1 rue de Pierre de Coubertin ROUHLING,,,,sans-site,,,,,annuaire public FFTT (carte.fftt.com),2026-09-02
06570111,SARREBOURG TT,57,Moselle,GES,Grand Est,Sarrebourg,57400,COSEC 1 rue Pierre de Coubertin,http://sarrebourgtt.free.fr/,logos/57/06570111-sarrebourg-tt.webp,http://sarrebourgtt.free.fr/images/LogoSTT.jpg,logo,#101030 #f0d0b0 #707070 #901010,clair,,,annuaire public FFTT (carte.fftt.com),2026-09-02
06570022,AS.Sarreguemines Tennis de Table,57,Moselle,GES,Grand Est,Sarreguemines,57200,Gymnase du Himmelsberg 3 Impasse du Himmelsberg,,,,sans-site,,,,,annuaire public FFTT (carte.fftt.com),2026-09-02
06570181,SCHMITTVILLER ATT,57,Moselle,GES,Grand Est,Schmittviller,57412,Salle Polyvalente rue de l'eglise,,,,sans-site,,,,,annuaire public FFTT (carte.fftt.com),2026-09-02
06570093,SCHOENECK T.T.,57,Moselle,GES,Grand Est,Schoeneck,57350,Centre culturel et sportif Rue du Puits,https://www.schoeneck-tt.fr/,logos/57/06570093-schoeneck-t-t.webp,https://www.schoeneck-tt.fr/wp-content/uploads/2021/09/cropped-SchoeneckLogo.png,logo,#f0f030 #909050 #303030 #b0d030,clair,,,annuaire public FFTT (carte.fftt.com),2026-09-02
06570030,SPICHEREN C.S.N.,57,Moselle,GES,Grand Est,Spicheren,57350,Salle polyvalente Place de la Charente,,,,sans-site,,,,,annuaire public FFTT (carte.fftt.com),2026-09-02
06570154,SAINT JEAN KOURTZERODE LJ,57,Moselle,GES,Grand Est,St Jean Kourtzerode,57370,Salle Gazelle rue Napoleon zone artisanale,,,,sans-site,,,,,annuaire public FFTT (carte.fftt.com),2026-09-02
06570167,ST JEAN ROHRBACH ALPR,57,Moselle,GES,Grand Est,St Jean Rohrbach,57510,AJLC salle des fetes rue nationale,http://www.ttsaintjeanrohrbach.sportsregions.fr,,,aucun,,,,,annuaire public FFTT (carte.fftt.com),2026-09-02
06570201,SAINT JULIEN LES METZ TT,57,Moselle,GES,Grand Est,St Julien Les Metz,57070,Centre socio-culturel 12 rue de la Moselle,,,,sans-site,,,,,annuaire public FFTT (carte.fftt.com),2026-09-02
06570140,STE MARIE AUX CHENES ASPTT,57,Moselle,GES,Grand Est,Ste Marie Aux Chenes,57255,Gymnase Berthelot Rue Berthelot (apres le college Pierne),,,,sans-site,,,,,annuaire public FFTT (carte.fftt.com),2026-09-02
06570073,TERVILLE Tennis de Table,57,Moselle,GES,Grand Est,Terville,57180,Espace sportif des Acacias Rue Fabert,,,,sans-site,,,,,annuaire public FFTT (carte.fftt.com),2026-09-02
06570173,VIC SUR SEILLE EP,57,Moselle,GES,Grand Est,Vic Sur Seille,57630,Gymnase municipal Route de Salival,https://foyer-g2latour.fr/,logos/57/06570173-vic-sur-seille-ep.webp,"https://impro.usercontent.one/appid/oneComWsb/domain/foyer-g2latour.fr/media/foyer-g2latour.fr/onewebmedia/news%20logo%20foyer.png?etag=W%2F%2215a37-68a4b318%22&sourceContentType=image%2Fpng&resize=57,57&ignoreAspectRatio",logo,#f0f0f0 #909090 #d0d0d0 #707070,clair,,,annuaire public FFTT (carte.fftt.com),2026-09-02
06570037,VOLMUNSTER F.J.,57,Moselle,GES,Grand Est,Volmunster,57720,Salle Pierre de Coubertin rue du stade,,,,sans-site,,,,,annuaire public FFTT (carte.fftt.com),2026-09-02
06570029,WILLERWALD A.S.,57,Moselle,GES,Grand Est,Willerwald,57430,Salle Jean Schmitt rue de la Croix,https://www.as-willerwald.com/,logos/57/06570029-willerwald-a-s.webp,http://www.google.com/logos/Logo_40wht.gif,logo,#d0d0d0 #f0f0f0 #b0b0b0 #7090d0,clair,,,annuaire public FFTT (carte.fftt.com),2026-09-02
02580010,ELAN NEVERS,58,Nièvre,BFC,Bourgogne-Franche-Comté,,,,https://enntt.clubeo.com/,logos/58/02580010-elan-nevers.webp,https://s1.static-clubeo.com/250/uploads/enntt/logo__76a9t23lf.png,logo,#1070b0 #909090 #7090d0 #f05050,clair,,,annuaire public FFTT (carte.fftt.com),2026-09-02
02580035,US LA CHARITE TENNIS DE TABLE,58,Nièvre,BFC,Bourgogne-Franche-Comté,,,,,,,sans-site,,,,,annuaire public FFTT (carte.fftt.com),2026-09-02
02580089,SPORT LOISIR COMMUNAL,58,Nièvre,BFC,Bourgogne-Franche-Comté,Chaulgnes,58400,Salle Polyvalente André Godier Rue Jean Fernand Frémillon,,,,sans-site,,,,,annuaire public FFTT (carte.fftt.com),2026-09-02
02580091,LE PING CORBIGEOIS,58,Nièvre,BFC,Bourgogne-Franche-Comté,Corbigny,58800,COSEC AVENUE DU CHAMP DE FOIRE,,,,sans-site,,,,,annuaire public FFTT (carte.fftt.com),2026-09-02
02580031,US COULANGES LES NEVERS,58,Nièvre,BFC,Bourgogne-Franche-Comté,Coulanges Les Nevers,58660,Gymnase Andre Malraux Boulevard Beauregard,,,,sans-site,,,,,annuaire public FFTT (carte.fftt.com),2026-09-02
02580017,UNION COSNOISE SPORTIVE,58,Nièvre,BFC,Bourgogne-Franche-Comté,Cours,58200,GYMNASE PIERRE GILLES DE GENNES AVENUE DE VERDUN,,,,sans-site,,,,,annuaire public FFTT (carte.fftt.com),2026-09-02
02580093,TENNIS DE TABLE DE GARCHIZY,58,Nièvre,BFC,Bourgogne-Franche-Comté,Garchizy,58600,ESPACE PIERRE GIRARD AVENUE DE LA PAIX,,,,sans-site,,,,,annuaire public FFTT (carte.fftt.com),2026-09-02
02580042,MJC IMPHY,58,Nièvre,BFC,Bourgogne-Franche-Comté,Imphy,58160,SALLE DES BORDS DE LOIRE Rue Camille Baynac,,,,sans-site,,,,,annuaire public FFTT (carte.fftt.com),2026-09-02
02580067,US MOULINS ENGILBERT TT,58,Nièvre,BFC,Bourgogne-Franche-Comté,Moulins Engilbert,58290,SALLE POLYVALENTE AVENUE PERRICAUDET,http://usmtt58.free.fr/,logos/58/02580067-us-moulins-engilbert-tt.webp,http://usmtt58.free.fr/wpimages/wp0d05add3_06.png,logo,#105030 #30b070 #50d090 #50b070,clair,,,annuaire public FFTT (carte.fftt.com),2026-09-02
02580052,ATT POUILLY SUR LOIRE,58,Nièvre,BFC,Bourgogne-Franche-Comté,Pouilly Sur Loire,58150,GYMNASE DES GUILLERAULTS Chemin des Guilleraults,,,,sans-site,,,,,annuaire public FFTT (carte.fftt.com),2026-09-02
02580078,AVENIR SPORTIF DE ST ELOI,58,Nièvre,BFC,Bourgogne-Franche-Comté,Saint-Éloi,58000,SALLE POLYVALENTE Rue Des Fougères,http://as-saint-eloi-tt.wifeo.com/,,,aucun,,,,,annuaire public FFTT (carte.fftt.com),2026-09-02
02580007,ESPERANCE DE ST LEGER,58,Nièvre,BFC,Bourgogne-Franche-Comté,St Leger Des Vignes,58300,CENTRE FRESNEAU Route nationale,,,,sans-site,,,,,annuaire public FFTT (carte.fftt.com),2026-09-02
02580012,ASA VAUZELLES,58,Nièvre,BFC,Bourgogne-Franche-Comté,Varennes Vauzelles,58640,SALLE DE FRANCHEVILLE 15 Rue Jean Baudry,,,,sans-site,,,,,annuaire public FFTT (carte.fftt.com),2026-09-02
02580006,AS VARZY,58,Nièvre,BFC,Bourgogne-Franche-Comté,Varzy,58210,Salle polyvalente Avenue de la Charite 58210 VARZY,,,,sans-site,,,,,annuaire public FFTT (carte.fftt.com),2026-09-02
07590004,ARMENTIERES FJEP,59,Nord,HDF,Hauts-de-France,,,,https://fjeparmentieres.sportsregions.fr/,logos/59/07590004-armentieres-fjep.webp,https://fjeparmentieres.sportsregions.fr/media/uploaded/sites/16416/association/64f85579ea0e4_202320241.png,logo,#105050 #d0d0d0 #f0f0f0 #709090,clair,,,annuaire public FFTT (carte.fftt.com),2026-09-02
07590413,CAPPELLE EN PEVELE TT,59,Nord,HDF,Hauts-de-France,,,,,,,sans-site,,,,,annuaire public FFTT (carte.fftt.com),2026-09-02
07590123,CAUDRY CP,59,Nord,HDF,Hauts-de-France,,,COMPLEXE JACQUES SECRETIN 237 RUE HENRI BARBUSSE,,,,sans-site,,,,,annuaire public FFTT (carte.fftt.com),2026-09-02
07590443,DEULEMONT WARNETON TT,59,Nord,HDF,Hauts-de-France,,,,,,,sans-site,,,,,annuaire public FFTT (carte.fftt.com),2026-09-02
07590050,DUNKERQUE TTAB,59,Nord,HDF,Hauts-de-France,,,,,,,sans-site,,,,,annuaire public FFTT (carte.fftt.com),2026-09-02
07590088,ENGLOS TT,59,Nord,HDF,Hauts-de-France,,,,,,,sans-site,,,,,annuaire public FFTT (carte.fftt.com),2026-09-02
07590020,FOURMIES PPC,59,Nord,HDF,Hauts-de-France,,,,,,,sans-site,,,,,annuaire public FFTT (carte.fftt.com),2026-09-02
07590170,LEERS OMNISPORT STT,59,Nord,HDF,Hauts-de-France,,,,http://www.leersostt.com/,,,aucun,,,,,annuaire public FFTT (carte.fftt.com),2026-09-02
07590435,LILLE MET AS ATELIER MALECOT,59,Nord,HDF,Hauts-de-France,,,,,,,sans-site,,,,,annuaire public FFTT (carte.fftt.com),2026-09-02
07590137,ORCHIES AL,59,Nord,HDF,Hauts-de-France,,,,https://tennisdetable.alorchies.fr/,logos/59/07590137-orchies-al.webp,https://tennisdetable.alorchies.fr/logo.png,logo,#f0f0f0 #d0d0d0 #105070 #b0d0d0,clair,,,annuaire public FFTT (carte.fftt.com),2026-09-02
07590182,PROVILLE ASL,59,Nord,HDF,Hauts-de-France,,,,,,,sans-site,,,,,annuaire public FFTT (carte.fftt.com),2026-09-02
07590054,ST HILAIRE LEZ CAMBRAI TT,59,Nord,HDF,Hauts-de-France,,,,,,,sans-site,,,,,annuaire public FFTT (carte.fftt.com),2026-09-02
07590411,ST POL/MER AMICALE PONGISTE,59,Nord,HDF,Hauts-de-France,,,,,,,sans-site,,,,,annuaire public FFTT (carte.fftt.com),2026-09-02
07590444,STEENE TT,59,Nord,HDF,Hauts-de-France,,,,,,,sans-site,,,,,annuaire public FFTT (carte.fftt.com),2026-09-02
07590175,TEMPLEMARS-VENDEVILLE EP,59,Nord,HDF,Hauts-de-France,,,,,,,sans-site,,,,,annuaire public FFTT (carte.fftt.com),2026-09-02
07590354,TOUFFLERS TT,59,Nord,HDF,Hauts-de-France,,,,,,,sans-site,,,,,annuaire public FFTT (carte.fftt.com),2026-09-02
07590412,AIX ESPACE EN PEVELE,59,Nord,HDF,Hauts-de-France,Aix,59310,Salle des sports intercommunale RUE SADI CARNOT,,,,sans-site,,,,,annuaire public FFTT (carte.fftt.com),2026-09-02
07590176,ANICHE TT,59,Nord,HDF,Hauts-de-France,Aniche,59580,GYMNASE COUBERTIN RUE DU BICENTAIRE DE LA REVOLUTION,,,,sans-site,,,,,annuaire public FFTT (carte.fftt.com),2026-09-02
07590065,ANNOEULLIN TT,59,Nord,HDF,Hauts-de-France,Annoeullin,59112,SALLE PIERRE DE COUBERTIN RUE DES ORMES,https://ttannoeullin.fr/,logos/59/07590065-annoeullin-tt.webp,https://ttannoeullin.fr/wp-content/uploads/2025/05/cropped-1716487735_5_FT59699_capture_dcran_2024-05-23__19.46.03-copie-180x180.png,logo,#5070f0 #d0d0d0 #b0b0b0 #103050,clair,,,annuaire public FFTT (carte.fftt.com),2026-09-02
07590151,ANOR PPC,59,Nord,HDF,Hauts-de-France,Anor,59186,SALLE P. DE COUBERTIN RUE LEO LAGRANGE,,,,sans-site,,,,,annuaire public FFTT (carte.fftt.com),2026-09-02
07590218,ASSEVENT PPC,59,Nord,HDF,Hauts-de-France,Assevent,59600,SALLE JEAN LECOMTE TT route de Boussois PLACE F. MITERRAND,,,,sans-site,,,,,annuaire public FFTT (carte.fftt.com),2026-09-02
07590228,ATTICHES ASTT,59,Nord,HDF,Hauts-de-France,Attiches,59551,S DES SPORTS ANDRE ROSART Rue J-Baptiste Collette PLACE du GAL DE GAULLE,http://www.astt-attiches.fr,,,aucun,,,,,annuaire public FFTT (carte.fftt.com),2026-09-02
07590075,AUBERS RAQUETTE,59,Nord,HDF,Hauts-de-France,Aubers,59249,SALLE POLYVALENTE M.MICHON 31 RUE DE VERDUN,,,,sans-site,,,,,annuaire public FFTT (carte.fftt.com),2026-09-02
07590107,AUBY ETT,59,Nord,HDF,Hauts-de-France,Auby,59950,Complexe Joliot curie Rue Chatelard,,,,sans-site,,,,,annuaire public FFTT (carte.fftt.com),2026-09-02
07590403,AULNOY SPORT TENNIS DE TABLE,59,Nord,HDF,Hauts-de-France,Aulnoy Lez Valenciennes,59300,SALLE FELICIEN JOLY RUE LEON BLUM,http://aulnoy-sport-tt.skyrock.com/,,,aucun,,,,,annuaire public FFTT (carte.fftt.com),2026-09-02
07590223,BAILLEUL TT,59,Nord,HDF,Hauts-de-France,Bailleul,59270,SALLE LEGRAND GRUBBE RUE PIERRE DE COUBERTIN,https://www.ttbailleul.com/,logos/59/07590223-bailleul-tt.webp,https://www.ttbailleul.com/media/uploaded/sites/17875/association/60929d481b9f3_LogoTTBailleulpetit.jpg,logo,#f0d0d0 #f0b0b0 #f0f0f0 #b01030,clair,,,annuaire public FFTT (carte.fftt.com),2026-09-02
07590336,BAISIEUX TT,59,Nord,HDF,Hauts-de-France,Baisieux,59780,COMPLEXE SPORTIF SUZANNE REGNIER CHEMIN D'OGIMONT,https://www.baisieuxtt.fr/,logos/59/07590336-baisieux-tt.webp,https://static.wixstatic.com/media/9d639a_a092a4f174d344d3bd4f2fe312573521%7Emv2.png/v1/fill/w_180%2Ch_180%2Clg_1%2Cusm_0.66_1.00_0.01/9d639a_a092a4f174d344d3bd4f2fe312573521%7Emv2.png,logo,#f0f0f0 #d0d0d0 #303070 #b0b0b0,clair,,,annuaire public FFTT (carte.fftt.com),2026-09-02
07590363,BAVAY TT,59,Nord,HDF,Hauts-de-France,Bavay,59570,SALLE SIMONE ROUTIER RUE DU VIEUX CHEMIN DE LA LONGUEVILLE,,,,sans-site,,,,,annuaire public FFTT (carte.fftt.com),2026-09-02
07590120,BEUVRY LA FORET TT,59,Nord,HDF,Hauts-de-France,Beuvry La Foret,59310,CPLXE SALLE CLAUDE BERGERET 303 RUE DE L ANCIENNE POSTE,https://ttb.clubeo.com/,logos/59/07590120-beuvry-la-foret-tt.webp,https://s1.static-clubeo.com/100/uploads/ttb/logo__76a9t1w15.png,logo,#f0b010 #d03030 #b0b0b0 #f0d090,clair,,,annuaire public FFTT (carte.fftt.com),2026-09-02
07590331,BOURBOURG SCTT,59,Nord,HDF,Hauts-de-France,Bourbourg,59630,SALLE ALBERT DENVERS AV FRANCOIS MITTERAND,,,,sans-site,,,,,annuaire public FFTT (carte.fftt.com),2026-09-02
07590021,BOUSBECQUE TT/WERVICQ SUD,59,Nord,HDF,Hauts-de-France,Bousbecque,59166,SALLE J.P. GATIEN - BOUSBECQUE COMPLEXE SPORTIF L. DALLE RUE DE LINSELLES,https://www.ttbousbecquewervicq.com/,logos/59/07590021-bousbecque-tt-wervicq-sud.webp,https://www.ttbousbecquewervicq.com/media/uploaded/sites/7833/association/5960a879ec8d5_LogoTTBWS.png,logo,#30b030 #f01010 #303030 #d0d0d0,clair,,,annuaire public FFTT (carte.fftt.com),2026-09-02
07590361,BRAY DUNES TT,59,Nord,HDF,Hauts-de-France,Bray Dunes,59123,CLOS FLEURI BOULEVARD POMPIDOU,,,,sans-site,,,,,annuaire public FFTT (carte.fftt.com),2026-09-02
07590112,BRUAY SUR ESCAUT PPC,59,Nord,HDF,Hauts-de-France,Bruay Sur L Escaut,59860,SALLE JEAN MACE RUE EMILE ZOLA,,,,sans-site,,,,,annuaire public FFTT (carte.fftt.com),2026-09-02
07590231,BRUILLE CTT,59,Nord,HDF,Hauts-de-France,Bruille Lez Marchiennes,59490,Salle des SPORTS Youri GAGARINE RUE LANOY,https://club.quomodo.com/cttbruille/accueil.html,,,aucun,,,,,annuaire public FFTT (carte.fftt.com),2026-09-02
07590149,BUGNICOURT AL,59,Nord,HDF,Hauts-de-France,Bugnicourt,59151,"AL BUGNICOURT 22, RUE DE L'EGLISE",http://albugnicourt.sports.region,,,aucun,,,,,annuaire public FFTT (carte.fftt.com),2026-09-02
07590033,CAESTRE TTC,59,Nord,HDF,Hauts-de-France,Caestre,59190,SALLE POLYVALENTE RUE DU GENERAL DE GAULLE,,,,sans-site,,,,,annuaire public FFTT (carte.fftt.com),2026-09-02
07590250,CAMBRAI CP,59,Nord,HDF,Hauts-de-France,Cambrai,59400,GYMNASE LEO LAGRANGE RUE LEON BLUM,,,,sans-site,,,,,annuaire public FFTT (carte.fftt.com),2026-09-02
07590439,CAMPHIN EN CAREMBAULT A TT,59,Nord,HDF,Hauts-de-France,Camphin En Carembault,59133,SALLE OMNISPORTS RUE DU JONQUOY,,,,sans-site,,,,,annuaire public FFTT (carte.fftt.com),2026-09-02
07590040,CAPPELLE LA GRANDE TT,59,Nord,HDF,Hauts-de-France,Cappelle La Grande,59180,COMPLEXE ALBERT DENVERS RUE DES SPORTS,,,,sans-site,,,,,annuaire public FFTT (carte.fftt.com),2026-09-02
07590419,CLARY TENNIS DE TABLE,59,Nord,HDF,Hauts-de-France,Clary,59225,salle multisports a cote ecole rue Delattre,,,,sans-site,,,,,annuaire public FFTT (carte.fftt.com),2026-09-02
07590436,COLLERET OSTERGNIES TT,59,Nord,HDF,Hauts-de-France,Colleret,59680,"SALLE OMNISPORT 7 Rue Georges Guynemer, 59680 Colleret",,,,sans-site,,,,,annuaire public FFTT (carte.fftt.com),2026-09-02
07590184,COMINES PPC,59,Nord,HDF,Hauts-de-France,Comines,59560,Jacques SECRETIN COMPL. SPORTIF DE COUBERTIN RUE DU VIEL DIEU,,,,sans-site,,,,,annuaire public FFTT (carte.fftt.com),2026-09-02
07590013,CONDE SUR ESCAUT TT,59,Nord,HDF,Hauts-de-France,Conde Sur L Escaut,59163,SALLE LEO LAGRANGE RUE JEAN MONNET (a cote du lycee de Conde),,,,sans-site,,,,,annuaire public FFTT (carte.fftt.com),2026-09-02
07590122,COUDEKERQUE-BRANCHE TT,59,Nord,HDF,Hauts-de-France,Coudekerque Branche,59210,Salle des raquettes J P. DUYCK 3 RUE JEAN MONNET,,,,sans-site,,,,,annuaire public FFTT (carte.fftt.com),2026-09-02
07590271,COURCHELETTES AP,59,Nord,HDF,Hauts-de-France,Courchelettes,59552,SALLE POLYVALENTE RUE STASSIN,,,,sans-site,,,,,annuaire public FFTT (carte.fftt.com),2026-09-02
07590251,CREVECOEUR-LESDAIN-RUES A,59,Nord,HDF,Hauts-de-France,Crevecoeur Sur L Escaut,59258,SALLE POLYVALENTE JOSEPH LABBE RUE DES LINIERS,,,,sans-site,,,,,annuaire public FFTT (carte.fftt.com),2026-09-02
07590053,CROIX ASVH,59,Nord,HDF,Hauts-de-France,Croix,59170,CENTRE SPORTIF MUNICIPAL BOULEVARD ZOLA,,,,sans-site,,,,,annuaire public FFTT (carte.fftt.com),2026-09-02
07590114,CUINCY ATT,59,Nord,HDF,Hauts-de-France,Cuincy,59553,Complex Sportif Roger Couderc 406 Rue du Marais,,,,sans-site,,,,,annuaire public FFTT (carte.fftt.com),2026-09-02
07590008,DOUAI TT,59,Nord,HDF,Hauts-de-France,Douai,59500,COMPLEXE SPORTIF Rue d'Arras Porte d'Arras,https://ttdouai.fr/,logos/59/07590008-douai-tt.svg,https://ttdouai.fr/wp-content/uploads/2025/02/Logo-choisis.svg,logo,#a20c17 #9a0b16,clair,,,annuaire public FFTT (carte.fftt.com),2026-09-02
07590428,DOUCHY LES MINES TTC,59,Nord,HDF,Hauts-de-France,Douchy Les Mines,59282,SALLE BARBUSSE Avenue Joliot Curie,,,,sans-site,,,,,annuaire public FFTT (carte.fftt.com),2026-09-02
07590171,ENNETIERES-EN-WEPPES ASL,59,Nord,HDF,Hauts-de-France,Ennetieres En Weppes,59320,COMPLEXE SPORTIF SOCIO CULTUREL RUE DU BOURG,,,,sans-site,,,,,annuaire public FFTT (carte.fftt.com),2026-09-02
07590423,ERQUINGHEM LYS ATTE,59,Nord,HDF,Hauts-de-France,Erquinghem Lys,59193,AGORALYS RUE FRANCIS LEUWERS .,,,,sans-site,,,,,annuaire public FFTT (carte.fftt.com),2026-09-02
07590061,ESCAUDAIN ASTT,59,Nord,HDF,Hauts-de-France,Escaudain,59124,SALLE MICHEL DHENAIN 16 RUE PAUL BERT Face MAIRIE Entree par le Jardin Public,,,,sans-site,,,,,annuaire public FFTT (carte.fftt.com),2026-09-02
07590338,ESCAUDOEUVRES TT,59,Nord,HDF,Hauts-de-France,Escaudoeuvres,59161,SALLE Tennis de Table 1 BIS RUE DES PRES A cote de l'eglise et la poste,https://www.tennisdetable-escaudoeuvres.fr/page/1239389-accueil,logos/59/07590338-escaudoeuvres-tt.webp,https://app.assoconnect.com/services/storage?id=1293146&type=picture&secret=i8c6zLx2nYu8wTBecZL63VXkle9LR9aYsM6o7RBK&timestamp=1775515721&size=small,logo,#50b030 #309030 #305030 #103010,clair,,,annuaire public FFTT (carte.fftt.com),2026-09-02
07590440,SEBOURG-ESTREUX ENT PONGISTE,59,Nord,HDF,Hauts-de-France,Estreux,59990,SALLE DE SPORTS RUE PAUL DOUMER,,,,sans-site,,,,,annuaire public FFTT (carte.fftt.com),2026-09-02
07590074,FACHES-THUMESNIL TT,59,Nord,HDF,Hauts-de-France,Faches Thumesnil,59155,CENTRE SPORTIF KLEBER 298 RUE KLEBER AVENUE DE ROUBAIX,https://www.fachesthumesniltt.com/,logos/59/07590074-faches-thumesnil-tt.webp,https://www.fachesthumesniltt.com/images/logo.jpg,logo,#505050 #303030 #d0d0d0 #707070,clair,,,annuaire public FFTT (carte.fftt.com),2026-09-02
07590276,LILLE ATSCAF,59,Nord,HDF,Hauts-de-France,Faches Thumesnil,59155,"COMPLEXE SPORTIF 298, RUE KLEBER",,,,sans-site,,,,,annuaire public FFTT (carte.fftt.com),2026-09-02
07590395,FAMARS TTS,59,Nord,HDF,Hauts-de-France,Famars,59300,SALLE DES SPORTS RUE DU MONT HOUY,,,,sans-site,,,,,annuaire public FFTT (carte.fftt.com),2026-09-02
07590082,FERRIERE LA GRANDE CSTT,59,Nord,HDF,Hauts-de-France,Ferriere La Grande,59680,SALLE DES SPORTS CARNOT RUE VOLTAIRE,https://cstt-flg.clubeo.com/,logos/59/07590082-ferriere-la-grande-cstt.webp,https://s1.static-clubeo.com/250/uploads/cstt-flg/logo__76a9t1qlg.jpg,logo,#303030 #d05030 #d05050 #103030,clair,,,annuaire public FFTT (carte.fftt.com),2026-09-02
07590014,FLINES LEZ RACHES PPC,59,Nord,HDF,Hauts-de-France,Flines Lez Raches,59148,SALLE ROBERT WARIN AV LEO LAGRANGE,,,,sans-site,,,,,annuaire public FFTT (carte.fftt.com),2026-09-02
07590002,FONTAINE NOTRE DAME ATT,59,Nord,HDF,Hauts-de-France,Fontaine Notre Dame,59400,SALLE POLYVALENTE RUE SADI CARNOT,http://attfnd.sportsregions.fr,,,aucun,,,,,annuaire public FFTT (carte.fftt.com),2026-09-02
07590235,FRETIN CFTT,59,Nord,HDF,Hauts-de-France,Fretin,59273,SALLE DES SPORTS RUE ALFRED COUSIN,,,,sans-site,,,,,annuaire public FFTT (carte.fftt.com),2026-09-02
07590116,GONDECOURT ALTT,59,Nord,HDF,Hauts-de-France,Gondecourt,59147,SALLE DES SPORTS COLLEGE HERGE 191 RUE NATIONALE,,,,sans-site,,,,,annuaire public FFTT (carte.fftt.com),2026-09-02
07590024,GRAND-FORT-PHILIPPE TTC,59,Nord,HDF,Hauts-de-France,Grand Fort Philippe,59153,SALLE ALBERT DENVERS 2 BIS rue des acacias,,,,sans-site,,,,,annuaire public FFTT (carte.fftt.com),2026-09-02
07590063,GRANDE-SYNTHE O TT,59,Nord,HDF,Hauts-de-France,Grande Synthe,59760,COMPLEXE SPORTIF LEO LAGRANGE 3 rue Rigaud,,,,sans-site,,,,,annuaire public FFTT (carte.fftt.com),2026-09-02
07590034,GRAVELINES US TT,59,Nord,HDF,Hauts-de-France,Gravelines,59820,SALLE MAURICE BAUDE ROUTE DE BOURBOURG,https://us-gravelines-tennis-de-table.clubeo.com/?_ga=2.73359505.386661878.1785404080-1905980440.1785156128,logos/59/07590034-gravelines-us-tt.webp,https://s1.static-clubeo.com/100/uploads/us-gravelines-tennis-de-table/logo__76jnflzqh.png,logo,#101010 #d01050 #f0f0f0 #101030,clair,,,annuaire public FFTT (carte.fftt.com),2026-09-02
07590332,GUESNAIN ATT,59,Nord,HDF,Hauts-de-France,Guesnain,59287,SALLE J.PHILIPPE GATIEN RUE PAUL ELUARD STADE BARANT,,,,sans-site,,,,,annuaire public FFTT (carte.fftt.com),2026-09-02
07590106,HALLENNES LEZ HAUBOURDIN TT,59,Nord,HDF,Hauts-de-France,Hallennes Lez Haubourdin,59320,SALLE PIERRE DE COUBERTIN RUE GEORGES POMPIDOU,,,,sans-site,,,,,annuaire public FFTT (carte.fftt.com),2026-09-02
07590018,HALLUIN TT,59,Nord,HDF,Hauts-de-France,Halluin,59250,SALLE DANNY DHONT 341 RUE DE LA LYS,,,,sans-site,,,,,annuaire public FFTT (carte.fftt.com),2026-09-02
07590414,HANTAY FJEP,59,Nord,HDF,Hauts-de-France,Hantay,59496,SALLE MULTISPORTS rue Schoelcher,,,,sans-site,,,,,annuaire public FFTT (carte.fftt.com),2026-09-02
07590005,HAUBOURDIN CTT,59,Nord,HDF,Hauts-de-France,Haubourdin,59320,salle tennis de table BUCAREST AVENUE DE L'EUROPE,https://ctthaubourdin.fr/,logos/59/07590005-haubourdin-ctt.webp,https://ctthaubourdin.fr/favicon.ico?favicon.2vob68tjqpejf.ico,favicon,#707070 #303030 #d0d0d0 #505050,clair,,,annuaire public FFTT (carte.fftt.com),2026-09-02
07590080,HEM PPC,59,Nord,HDF,Hauts-de-France,Hem,59510,SALLE CRUYPENNINCK 48 RUE JEAN JAURES,,,,sans-site,,,,,annuaire public FFTT (carte.fftt.com),2026-09-02
07590093,VILLEREAU CDJ,59,Nord,HDF,Hauts-de-France,Herbignies Villereau,59530,SALLE ALAIN PILLOT 3 ALLEE DES CHARMES,,,,sans-site,,,,,annuaire public FFTT (carte.fftt.com),2026-09-02
07590400,HERGNIES FRESNES CTT,59,Nord,HDF,Hauts-de-France,Hergnies,59199,SALLE POLYVALENTE Rue Arthur Lamendin (stade de foot),,,,sans-site,,,,,annuaire public FFTT (carte.fftt.com),2026-09-02
07590404,HERIN USTT,59,Nord,HDF,Hauts-de-France,Herin,59195,SALLE DES SPORTS A. DELAUNE RUE JEAN JAURES G. DELAUNE Salle B,https://www.herinustt.org/,,,aucun,,,,,annuaire public FFTT (carte.fftt.com),2026-09-02
07590269,HORNAING TT,59,Nord,HDF,Hauts-de-France,Hornaing,59171,SALLE DES SPORTS rue du 8 mai 45 salle carron,,,,sans-site,,,,,annuaire public FFTT (carte.fftt.com),2026-09-02
07590351,HOUPLINES FC,59,Nord,HDF,Hauts-de-France,Houplines,59116,SALLE AMANDINE HENRY RUE THIERS,,,,sans-site,,,,,annuaire public FFTT (carte.fftt.com),2026-09-02
07590237,HOYMILLE TT,59,Nord,HDF,Hauts-de-France,Hoymille,59492,COMPLEXE SPORTIF L. THIRIONET 53 RUE DU ZYCKELIN,,,,sans-site,,,,,annuaire public FFTT (carte.fftt.com),2026-09-02
07590204,INCHY-BEAUMONT UP,59,Nord,HDF,Hauts-de-France,Inchy,59540,salle communale dominique richez 10 rue de troisvilles,,,,sans-site,,,,,annuaire public FFTT (carte.fftt.com),2026-09-02
07590105,JEUMONT PPC,59,Nord,HDF,Hauts-de-France,Jeumont,59460,SALLE ESTIENNE D ORVES RUE DU MAL DE LATTRE DE TASSIGNY,,,,sans-site,,,,,annuaire public FFTT (carte.fftt.com),2026-09-02
07590425,LA CHOQUE TTLC,59,Nord,HDF,Hauts-de-France,La Chapelle-D'Armentières,59930,SALLE POLYVALENTE 44 Rue Marle,,,,sans-site,,,,,annuaire public FFTT (carte.fftt.com),2026-09-02
07590055,ESTAIRES-LA GORGUE-MERVILLE EP,59,Nord,HDF,Hauts-de-France,La Gorgue,59253,SALLE JEAN MERMOZ RUE JEAN MERMOZ,,,,sans-site,,,,,annuaire public FFTT (carte.fftt.com),2026-09-02
07590376,LA LONGUEVILLE PPC,59,Nord,HDF,Hauts-de-France,La Longueville,59570,SALLE Nicolas LADRIERE Rue de BAVAY Espace Roger BATAILLER,,,,sans-site,,,,,annuaire public FFTT (carte.fftt.com),2026-09-02
07590071,LA MADELEINE US,59,Nord,HDF,Hauts-de-France,La Madeleine,59110,Complexe sportif Jacques DONNAY 305 rue Georges Pompidou,,,,sans-site,,,,,annuaire public FFTT (carte.fftt.com),2026-09-02
07590259,LAMBERSART CTT,59,Nord,HDF,Hauts-de-France,Lambersart,59130,Salle Omnisports du Beguinage Allee du Beguinage,https://www.cttlambersart.fr/,logos/59/07590259-lambersart-ctt.webp,https://www.cttlambersart.fr/images/gif/cttl/cttl_entete_remasterise.gif,logo,#503010 #705010 #301010 #905010,clair,,,annuaire public FFTT (carte.fftt.com),2026-09-02
07590086,LANDRECIES TTC,59,Nord,HDF,Hauts-de-France,Landrecies,59550,Complexe Sportif Jean-Marie Leblanc Boulevard des Résistants,,,,sans-site,,,,,annuaire public FFTT (carte.fftt.com),2026-09-02
07590162,LE CATEAU CJTT,59,Nord,HDF,Hauts-de-France,Le Cateau Cambresis,59360,PALAIS DES SPORTS RUE DE LA GAITE,,,,sans-site,,,,,annuaire public FFTT (carte.fftt.com),2026-09-02
07590244,LECELLES TT,59,Nord,HDF,Hauts-de-France,Lecelles,59226,SALLE DES SPORTS RUE DE L'EGALITE PRES DU TERRAIN DE FOOTBALL,https://www.ttlecelles.fr/,logos/59/07590244-lecelles-tt.webp,https://www.ttlecelles.fr/wp-content/uploads/2025/01/147227-300x300.png,logo,#d03030 #f07050 #905030 #d0f0f0,clair,,,annuaire public FFTT (carte.fftt.com),2026-09-02
07590164,LESQUIN ASLTT,59,Nord,HDF,Hauts-de-France,Lesquin,59810,ESPACE TEDDY RINER RUE IENA,,,,sans-site,,,,,annuaire public FFTT (carte.fftt.com),2026-09-02
07590345,LEVAL SUR SAMBRE US,59,Nord,HDF,Hauts-de-France,Leval,59620,salle Marcelin OBJOIS RUE M. RINGEVAL,https://usltt.kalisport.com/,logos/59/07590345-leval-sur-sambre-us.webp,https://usltt.kalisport.com/public/1651/upload/theme/kal-theme-logo-header_1.png,logo,#101070 #303090 #b0b0d0 #7070b0,clair,,,annuaire public FFTT (carte.fftt.com),2026-09-02
07590281,LEWARDE PPC,59,Nord,HDF,Hauts-de-France,Lewarde,59287,SALLE OMNISPORT 111 RUE D'ERCHIN,,,,sans-site,,,,,annuaire public FFTT (carte.fftt.com),2026-09-02
07590051,LILLE LOSC TENNIS DE TABLE,59,Nord,HDF,Hauts-de-France,Lille,59800,Salle Alain Colas 53 RUE DE LA MARBRERIE,,,,sans-site,,,,,annuaire public FFTT (carte.fftt.com),2026-09-02
07590009,LILLE METROPOLE TENNIS DE TABLE,59,Nord,HDF,Hauts-de-France,Lille,59000,Complexe Micheline Ostermeyer 19 Boulevard d'Alsace,,,,sans-site,,,,,annuaire public FFTT (carte.fftt.com),2026-09-02
07590102,LINSELLES TT,59,Nord,HDF,Hauts-de-France,Linselles,59126,SALLE JULES SECEMBER COMP. SPOR. PAUL DELMOTTE 3 RUE ROBERT DESCAMPS,,,,sans-site,,,,,annuaire public FFTT (carte.fftt.com),2026-09-02
07590044,LOMME CP,59,Nord,HDF,Hauts-de-France,Lomme,59160,SALLE EDMOND DOMPSIN AVENUE ROGER SALENGRO,,,,sans-site,,,,,annuaire public FFTT (carte.fftt.com),2026-09-02
07590432,LOMPRET AJLTT,59,Nord,HDF,Hauts-de-France,Lompret,59840,SALLE POLYVALENTE RUE D'HESPEL,,,,sans-site,,,,,annuaire public FFTT (carte.fftt.com),2026-09-02
07590442,LOON PLAGE ATT,59,Nord,HDF,Hauts-de-France,Loon Plage,59279,SALLE ROMMEL 53 RUE FRANCOIS MITTERAND,,,,sans-site,,,,,annuaire public FFTT (carte.fftt.com),2026-09-02
07590057,LOOS SPORT TT,59,Nord,HDF,Hauts-de-France,Loos,59120,SALLE SPORT LOOS T.T. RUE SCHUMAN,,,,sans-site,,,,,annuaire public FFTT (carte.fftt.com),2026-09-02
07590127,LYS LILLE METROPOLE CP,59,Nord,HDF,Hauts-de-France,Lys Lez Lannoy,59390,SALLE VALERIA BORZA RUE GAMBETTA,http://www.cplyslm.fr,,,aucun,,,,,annuaire public FFTT (carte.fftt.com),2026-09-02
07590293,MARCQ EN BAROEUL TT,59,Nord,HDF,Hauts-de-France,Marcq En Baroeul,59700,SALLE JEAN DEGROS RUE DE LA BRIQUETERIE,,,,sans-site,,,,,annuaire public FFTT (carte.fftt.com),2026-09-02
07590049,MARLY TTM,59,Nord,HDF,Hauts-de-France,Marly,59770,SALLE MAURICE SCHUMANN RUE HENRI BARBUSSE PRES DU CES,,,,sans-site,,,,,annuaire public FFTT (carte.fftt.com),2026-09-02
07590141,MARQUETTE SMS TT,59,Nord,HDF,Hauts-de-France,Marquette Lez Lille,59520,GYMNASE MUNICIPAL DU TOUQUET rue du touquet,https://marquette-ping.com/,logos/59/07590141-marquette-sms-tt.webp,https://marquette-ping.com/wp-content/themes/graphene/images/headers/techno.jpg,logo,#101030 #103050 #305070 #101010,clair,,,annuaire public FFTT (carte.fftt.com),2026-09-02
07590153,MASTAING TT,59,Nord,HDF,Hauts-de-France,Mastaing,59172,SALLE POLYVALENTE RUE JULES FERRY PRES DE L'ECOLE PRIMAIRE,https://ttmastaing.clubeo.com/,logos/59/07590153-mastaing-tt.webp,https://ttmastaing.clubeo.com/uploads/ttmastaing/shield.png,logo,#109090 #901010 #1090b0 #b01010,clair,,,annuaire public FFTT (carte.fftt.com),2026-09-02
07590177,MAUBEUGE UTT,59,Nord,HDF,Hauts-de-France,Maubeuge,59600,SALLE DE TENNIS DE TABLE 63 FBG DE SAINT QUENTIN,,,,sans-site,,,,,annuaire public FFTT (carte.fftt.com),2026-09-02
07590041,LILLE CREDIT MUTUEL AS,59,Nord,HDF,Hauts-de-France,Merignies,59710,Espace Sport et culture 108 rue Bois Lambert,,,,sans-site,,,,,annuaire public FFTT (carte.fftt.com),2026-09-02
07590012,MERIGNIES T.T.,59,Nord,HDF,Hauts-de-France,Merignies,59710,ESPACE SPORT ET CULTURE 108 RUE DU BOIS LAMBERT,,,,sans-site,,,,,annuaire public FFTT (carte.fftt.com),2026-09-02
07590173,MONS TT,59,Nord,HDF,Hauts-de-France,Mons En Baroeul,59370,S DES SPORTS MONTAIGNE RUE DU GENERAL DE GAULLE,,,,sans-site,,,,,annuaire public FFTT (carte.fftt.com),2026-09-02
07590016,MONTIGNY EN OSTREVENT CTT,59,Nord,HDF,Hauts-de-France,Montigny En Ostrevent,59182,SALLE DES SPORTS DU SANA PARC DU GALIBOT,,,,sans-site,,,,,annuaire public FFTT (carte.fftt.com),2026-09-02
07590327,TOURCOING TTBS,59,Nord,HDF,Hauts-de-France,Mouvaux,59420,STADE DENDIEVEL 199 RUE DU CONGO,,,,sans-site,,,,,annuaire public FFTT (carte.fftt.com),2026-09-02
07590087,NEUVILLE EN FERRAIN PP,59,Nord,HDF,Hauts-de-France,Neuville En Ferrain,59960,SALLE DIDIER FLAMENT RUE DU CHRIST,https://ppnping.fr/,logos/59/07590087-neuville-en-ferrain-pp.webp,https://lcycpqhitmvahbayvgvs.supabase.co/storage/v1/object/public/images/Logo.jpg,logo,#d0d0d0 #f0f0f0 #707070 #f0b010,clair,,,annuaire public FFTT (carte.fftt.com),2026-09-02
07590263,NIEPPE TENNIS DE TABLE,59,Nord,HDF,Hauts-de-France,Nieppe,59850,SALLE CHRISTIAN WAULTRE 211 CHEMIN TURCK,,,,sans-site,,,,,annuaire public FFTT (carte.fftt.com),2026-09-02
07590131,ONNAING TT,59,Nord,HDF,Hauts-de-France,Onnaing,59264,SALLE PIERRE LANCELIN route de Thiers,,,,sans-site,,,,,annuaire public FFTT (carte.fftt.com),2026-09-02
07590048,PERENCHIES US,59,Nord,HDF,Hauts-de-France,Perenchies,59840,COMPLEXE SALLE LECERF RUE DE PICARDIE salle Jean-Marie GRUSON,,,,sans-site,,,,,annuaire public FFTT (carte.fftt.com),2026-09-02
07590011,PETITE-SYNTHE SM,59,Nord,HDF,Hauts-de-France,Petite Synthe,59640,SALLE GASTON BORNAIS RUE DE L'ESCADRILLE DES CIGOGNES,https://www.smpstt.org/,logos/59/07590011-petite-synthe-sm.webp,https://www.smpstt.org/wp-content/uploads/2023/08/LOGO-1-100x100.png,logo,#1030f0 #d01010 #3050f0 #5070f0,clair,,,annuaire public FFTT (carte.fftt.com),2026-09-02
07590441,POIX DU NORD ASTT,59,Nord,HDF,Hauts-de-France,Poix Du Nord,59218,SALLE GUSTAVE MARTINACHE RUE DE LA REPUBLIQUE,,,,sans-site,,,,,annuaire public FFTT (carte.fftt.com),2026-09-02
07590410,QUESNOY SUR DEULE TT,59,Nord,HDF,Hauts-de-France,Quesnoy Sur Deule,59890,SALLE SPORTI'VAL 89 RUE DE COMINES,,,,sans-site,,,,,annuaire public FFTT (carte.fftt.com),2026-09-02
07590409,QUIEVRECHAIN ASQTT,59,Nord,HDF,Hauts-de-France,Quievrechain,59920,SALLE FRANCOIS DENIS RUE VICTOR LECOCQ,,,,sans-site,,,,,annuaire public FFTT (carte.fftt.com),2026-09-02
07590043,RADINGHEM EN WEPPES AS,59,Nord,HDF,Hauts-de-France,Radinghem En Weppes,59320,ESP SPORTS LOISIRS BAJEUX RUE DE LA FETERIE,,,,sans-site,,,,,annuaire public FFTT (carte.fftt.com),2026-09-02
07590047,RAILLENCOURT STE OLLE TTC,59,Nord,HDF,Hauts-de-France,Raillencourt Ste Olle,59554,SALLE MULTISPORT 576 ROUTE D'ARRAS,,,,sans-site,,,,,annuaire public FFTT (carte.fftt.com),2026-09-02
07590113,RAIMBEAUCOURT PPC,59,Nord,HDF,Hauts-de-France,Raimbeaucourt,59283,SALLE LUCIEN DENNETIERE COMPLEXE DE TENNIS CHEMIN VERT,http://ping.raimbeaucourt.free.fr/,logos/59/07590113-raimbeaucourt-ppc.webp,http://ping.raimbeaucourt.free.fr/favicon.ico,favicon,#f01090,clair,,,annuaire public FFTT (carte.fftt.com),2026-09-02
07590215,RONCHIN EP,59,Nord,HDF,Hauts-de-France,Ronchin,59790,SALLE MARCEAU SOMERLINCK RUE VICTOR SCHOELCHER PRES COLLEGE ANATOLE FRANCE,http://epronchin.e-monsite.com,,,aucun,,,,,annuaire public FFTT (carte.fftt.com),2026-09-02
07590194,RONCQ ULJAP,59,Nord,HDF,Hauts-de-France,Roncq,59223,SALLE L'ALVEOLE 293 Rue de Lille,http://www.uljaproncq.fr,,,aucun,,,,,annuaire public FFTT (carte.fftt.com),2026-09-02
07590058,ROOST-WARENDIN-DMF AS,59,Nord,HDF,Hauts-de-France,Roost Warendin,59286,COM. SPORTIF PIERRE DUHAYON RUE FRANCISCO FERRER,,,,sans-site,,,,,annuaire public FFTT (carte.fftt.com),2026-09-02
07590126,ROUBAIX AP,59,Nord,HDF,Hauts-de-France,Roubaix,59100,SALLE JACQUES SECRETIN 43 RUE ST JEAN,,,,sans-site,,,,,annuaire public FFTT (carte.fftt.com),2026-09-02
07590100,SANTES CTT,59,Nord,HDF,Hauts-de-France,Santes,59211,SALLE SPECIFIQUE AVENUE NIEDERNBERG,https://santes-tennis-de-table-sportsregions.fr,,,aucun,,,,,annuaire public FFTT (carte.fftt.com),2026-09-02
07590372,SARS POTERIES/BEUGNIES PPC,59,Nord,HDF,Hauts-de-France,Sars Poteries,59216,SALLE MAURICE DEGRELLE RUE DU CHEVAL BLANC,http://ppcsbf.sportsregions.fr,,,aucun,,,,,annuaire public FFTT (carte.fftt.com),2026-09-02
07590313,SECLIN PPP,59,Nord,HDF,Hauts-de-France,Seclin,59113,SALLE JACQUES SECRETIN COLLEGE J.DEMAILLY ROUTE DE GONDECOURT,,,,sans-site,,,,,annuaire public FFTT (carte.fftt.com),2026-09-02
07590023,SEQUEDIN OSMS TT,59,Nord,HDF,Hauts-de-France,Sequedin,59320,COMPLEXE SPORTIF RUE D'HALLENNES,https://tennistable-osmsequedin.clubeo.com/,logos/59/07590023-sequedin-osms-tt.webp,https://s3.static-clubeo.com/250/uploads/tennistable-osmsequedin/logo__76f1rq1ao.png,logo,#303030 #101010 #909090 #b0b0b0,clair,,,annuaire public FFTT (carte.fftt.com),2026-09-02
07590027,SIN LE NOBLE TT,59,Nord,HDF,Hauts-de-France,Sin Le Noble,59450,SALLE CARNOT RUE DANNAY,,,,sans-site,,,,,annuaire public FFTT (carte.fftt.com),2026-09-02
07590310,SOLESMES TT,59,Nord,HDF,Hauts-de-France,Solesmes,59730,SALLE DES SPORTS E. DELDERGHE RUE DU PONCEAU,,,,sans-site,,,,,annuaire public FFTT (carte.fftt.com),2026-09-02
07590256,ST AMAND TT,59,Nord,HDF,Hauts-de-France,St Amand Les Eaux,59230,SALLE BRACKE DESROUSSEAUX RUE HENRI DURRE RUELLE DES ECOLES,https://jeanmarcandre7.wixsite.com/monsite,logos/59/07590256-st-amand-tt.webp,"https://static.wixstatic.com/media/c90fbd_390b26ee26d941d9814c60c2af714f5f~mv2.png/v1/fill/w_148,h_148,al_c,q_85,usm_0.66_1.00_0.01,enc_avif,quality_auto/Logo2.png",logo,#d0d0d0 #b0b0b0 #101030 #101010,clair,,,annuaire public FFTT (carte.fftt.com),2026-09-02
07590089,ST ANDRE USTT,59,Nord,HDF,Hauts-de-France,St Andre Lez Lille,59350,HALL DES SPORTS DES PEUPLIERS 140 AV DES PEUPLIERS,,,,sans-site,,,,,annuaire public FFTT (carte.fftt.com),2026-09-02
07590031,ST REMY DU NORD CP,59,Nord,HDF,Hauts-de-France,St Remy Du Nord,59330,SALLE POLYVALENTE GRAND RUE,,,,sans-site,,,,,annuaire public FFTT (carte.fftt.com),2026-09-02
07590402,STEENBECQUE FRJEP,59,Nord,HDF,Hauts-de-France,Steenbecque,59189,SALLE DES SPORTS RUE DU BOIS,,,,sans-site,,,,,annuaire public FFTT (carte.fftt.com),2026-09-02
07590288,TETEGHEM CTT,59,Nord,HDF,Hauts-de-France,Teteghem,59229,SALLE DES SPORTS RUE DU GENERAL LUCAS,,,,sans-site,,,,,annuaire public FFTT (carte.fftt.com),2026-09-02
07590007,THUMERIES AGT,59,Nord,HDF,Hauts-de-France,Thumeries,59239,SALLE PIERRE LEGRAIN RUE BROSSOLETTE,,,,sans-site,,,,,annuaire public FFTT (carte.fftt.com),2026-09-02
07590072,TOURCOING AJJ,59,Nord,HDF,Hauts-de-France,Tourcoing,59200,SALLE D'ORIOLA 132 rue Nationale,,,,sans-site,,,,,annuaire public FFTT (carte.fftt.com),2026-09-02
07590076,TOURCOING JEUN.PONGIST.BOURG.,59,Nord,HDF,Hauts-de-France,Tourcoing,59200,Salle Paul CLAUDEL 4 rue du Roitelet,,,,sans-site,,,,,annuaire public FFTT (carte.fftt.com),2026-09-02
07590017,TOURCOING JG,59,Nord,HDF,Hauts-de-France,Tourcoing,59200,SALLE GASTON TANGHE 109 RUE INGRES,https://jgttennisdetable.weebly.com/,logos/59/07590017-tourcoing-jg.webp,http://jgttennisdetable.weebly.com/uploads/5/0/5/1/5051978/published/fscf-logo-bloc.png?1656618087,logo,#909090 #f01030 #d0d0d0 #f01070,clair,,,annuaire public FFTT (carte.fftt.com),2026-09-02
07590352,TRELON TT,59,Nord,HDF,Hauts-de-France,Trelon,59132,Salle Pierre Leleux Rue Robert Fontesse,,,,sans-site,,,,,annuaire public FFTT (carte.fftt.com),2026-09-02
07590347,TRITH ST LEGER CO,59,Nord,HDF,Hauts-de-France,Trith St Leger,59125,GEORGES DENIS CSJ ANQUETIL RUE GASTON GRIOLET,,,,sans-site,,,,,annuaire public FFTT (carte.fftt.com),2026-09-02
07590392,VALENCIENNES USTT,59,Nord,HDF,Hauts-de-France,Valenciennes,59300,COMPLEXE FORT MINIQUE 1 Espace Sportif du Hainaut Rue perpendic a Rue des Glacis,,,,sans-site,,,,,annuaire public FFTT (carte.fftt.com),2026-09-02
07590068,VILLENEUVE D'ASCQ FOS,59,Nord,HDF,Hauts-de-France,Villeneuve D Ascq,59491,E.S.U.M. & D.U.L.J.V.A. PONT DE BOIS ALLEE DE LA FRANGE,,,,sans-site,,,,,annuaire public FFTT (carte.fftt.com),2026-09-02
07590006,WAMBRECHIES CAFP,59,Nord,HDF,Hauts-de-France,Wambrechies,59118,FAMILIANA 4 BIS RUE OBERT,,,,sans-site,,,,,annuaire public FFTT (carte.fftt.com),2026-09-02
07590390,WASQUEHAL TT,59,Nord,HDF,Hauts-de-France,Wasquehal,59290,SALLE PIERRE LOTI 64 RUE PIERRE LOTI,,,,sans-site,,,,,annuaire public FFTT (carte.fftt.com),2026-09-02
07590003,WATTIGNIES PPC,59,Nord,HDF,Hauts-de-France,Wattignies,59139,SALLE MAURICE FERRAN RUE DU PETIT BOIS,,,,sans-site,,,,,annuaire public FFTT (carte.fftt.com),2026-09-02
07590069,WATTRELOS US SACL,59,Nord,HDF,Hauts-de-France,Wattrelos,59150,SALLE DES SPORTS 66 Rue de Toul,,,,sans-site,,,,,annuaire public FFTT (carte.fftt.com),2026-09-02
07590130,WORMHOUT AS TT,59,Nord,HDF,Hauts-de-France,Wormhout,59470,SALLE De la Briquetterie Route de Steenvoorde,https://www.aswtt.fr/,logos/59/07590130-wormhout-as-tt.webp,https://www.aswtt.fr/media/uploaded/sites/21234/association/62e18933f16c1_tdt6.jpg,logo,#909090 #505070 #707070 #507070,clair,,,annuaire public FFTT (carte.fftt.com),2026-09-02
07600074,BRETEUIL WM TT,60,Oise,HDF,Hauts-de-France,,,,https://www.aaebreteuil.fr/,logos/60/07600074-breteuil-wm-tt.webp,https://www.aaebreteuil.fr/media/uploaded/sites/26651/association/6863fb3b544bb_Nouvelleimage.jpg,logo,#f0f0f0 #90b0d0 #909090 #707070,clair,,,annuaire public FFTT (carte.fftt.com),2026-09-02
07600171,CAUFFRY TT,60,Oise,HDF,Hauts-de-France,,,,http://cauffrytt.free.fr/,logos/60/07600171-cauffry-tt.webp,http://cauffrytt.free.fr/wp-content/uploads/1-3.jpg,logo,#d0d0d0 #707070 #303030 #b0b0b0,clair,,,annuaire public FFTT (carte.fftt.com),2026-09-02
07600069,COUDUN SL,60,Oise,HDF,Hauts-de-France,,,,http://slcoudun-tt.fr,,,aucun,,,,,annuaire public FFTT (carte.fftt.com),2026-09-02
07600015,EPEV LA TETE ET LES JAMBES,60,Oise,HDF,Hauts-de-France,,,,https://www.epev-tt.fr/,logos/60/07600015-epev-la-tete-et-les-jambes.webp,https://www.epev-tt.fr/wp-content/uploads/2013-14/2022-menu-EPEV-bleu-jaune-1.jpg,logo,#5070d0 #5070b0 #5050b0 #d0d0d0,clair,,,annuaire public FFTT (carte.fftt.com),2026-09-02
07600054,GOUVIEUX LAMORLAYE Sud OiseTT,60,Oise,HDF,Hauts-de-France,,,,https://cglsott.fr/,logos/60/07600054-gouvieux-lamorlaye-sud-oisett.webp,https://cglsott.fr/public/4324/upload/theme/kal-theme-fond-image-header_2.jpg,logo,#301070 #505090 #101070 #d0d0d0,clair,,,annuaire public FFTT (carte.fftt.com),2026-09-02
07600175,LA CHAPELLE - ORRY PING,60,Oise,HDF,Hauts-de-France,,,,https://co-ping.fr/,logos/60/07600175-la-chapelle-orry-ping.webp,https://co-ping.fr/images/logo_390.png,logo,#103070 #f070d0 #f090d0 #103050,clair,,,annuaire public FFTT (carte.fftt.com),2026-09-02
07600168,LA RAQUETTE CHAUMONTOISE,60,Oise,HDF,Hauts-de-France,,,,https://la-raquette-chaumontoise.kalisport.com/,logos/60/07600168-la-raquette-chaumontoise.webp,https://la-raquette-chaumontoise.kalisport.com/public/3875/upload/images/images.jpg,logo,#f03010 #505050 #303030 #f0b070,clair,,,annuaire public FFTT (carte.fftt.com),2026-09-02
07600169,LASSIGNY TT,60,Oise,HDF,Hauts-de-France,,,,,,,sans-site,,,,,annuaire public FFTT (carte.fftt.com),2026-09-02
07600088,LONGUEIL TT,60,Oise,HDF,Hauts-de-France,,,,,,,sans-site,,,,,annuaire public FFTT (carte.fftt.com),2026-09-02
07600170,MOGNEVILLE MONCHY LAIGNEVILLE EP,60,Oise,HDF,Hauts-de-France,,,,,,,sans-site,,,,,annuaire public FFTT (carte.fftt.com),2026-09-02
07600004,PAYS COMPIEGNOIS TT,60,Oise,HDF,Hauts-de-France,,,,http://www.payscompiegnoistt.fr/,,,aucun,,,,,annuaire public FFTT (carte.fftt.com),2026-09-02
07600003,SENLIS-CHANTILLY TT,60,Oise,HDF,Hauts-de-France,,,,https://www.senlis-chantillytt.com/,logos/60/07600003-senlis-chantilly-tt.webp,https://www.senlis-chantillytt.com/media/uploaded/sites/21121/association/6a38e615f050b_LogoSenlisChantilly.jpeg,logo,#103070 #b0b0d0 #9090b0 #305090,clair,,,annuaire public FFTT (carte.fftt.com),2026-09-02
07600112,AGNETZ ASTT,60,Oise,HDF,Hauts-de-France,Agnetz,60600,GYMNASE DU PARC Rue Marcel Thomas,,,,sans-site,,,,,annuaire public FFTT (carte.fftt.com),2026-09-02
07600157,ANDEVILLE PPC,60,Oise,HDF,Hauts-de-France,Andeville,60570,SALLE ARSENE GOSSET 1 RUE JEAN JAURES (entree par la rue Nacif),,,,sans-site,,,,,annuaire public FFTT (carte.fftt.com),2026-09-02
07600005,ANGY-BURY TT,60,Oise,HDF,Hauts-de-France,Angy,60250,SALLE MULTIFONCTIONS place Henri BARBUSSE,,,,sans-site,,,,,annuaire public FFTT (carte.fftt.com),2026-09-02
07600041,ANSAUVILLERS TT,60,Oise,HDF,Hauts-de-France,Ansauvillers,60120,SALLE DES SPORTS RUE DE LA LIBERATION,,,,sans-site,,,,,annuaire public FFTT (carte.fftt.com),2026-09-02
07600134,AUNEUIL + 3P,60,Oise,HDF,Hauts-de-France,Auneuil,60390,SALLE POLYVALENTE PLACE DE LAFOLIE,,,,sans-site,,,,,annuaire public FFTT (carte.fftt.com),2026-09-02
07600154,BAILLEUL SUR THERAIN TT,60,Oise,HDF,Hauts-de-France,Bailleul Sur Therain,60930,GYMNASE DE LA CCRB RUE VOLTAIRE,,,,sans-site,,,,,annuaire public FFTT (carte.fftt.com),2026-09-02
07600040,BEAUVAIS TT,60,Oise,HDF,Hauts-de-France,Beauvais,60000,GYMNASE COROT 10 RUE LOUIS ROGER,,,,sans-site,,,,,annuaire public FFTT (carte.fftt.com),2026-09-02
07600164,CD OISE CORPO TT,60,Oise,HDF,Hauts-de-France,Beauvais,60000,GYMNASE COROT RUE LOUIS ROGER,,,,sans-site,,,,,annuaire public FFTT (carte.fftt.com),2026-09-02
07600176,BORAN SUR OISE MAISON POUR TOUS,60,Oise,HDF,Hauts-de-France,Boran Sur Oise,60820,Gymnase BORAN SUR OISE CHEMIN DE LA REMISE DU HAZET,,,,sans-site,,,,,annuaire public FFTT (carte.fftt.com),2026-09-02
07600126,BRENOUILLE ATT,60,Oise,HDF,Hauts-de-France,Brenouille,60870,SALLE DES ASSOCIATIONS (sbda) 16 RUE ROBERT GUERLIN,http://www.att-brenouille.fr/,,,aucun,,,,,annuaire public FFTT (carte.fftt.com),2026-09-02
07600039,CHOISY AU BAC CTT,60,Oise,HDF,Hauts-de-France,Choisy Au Bac,60750,Gymnase des Linières 9 square André Malraux,https://www.cttcb.fr/,logos/60/07600039-choisy-au-bac-ctt.webp,https://www.cttcb.fr/itouch.png,logo,#d0d0d0 #505050 #b0b0b0 #909090,clair,,,annuaire public FFTT (carte.fftt.com),2026-09-02
07600043,CLERMONT EP,60,Oise,HDF,Hauts-de-France,Clermont,60600,COLETTE BESSON PLACE CAMILLE SELLIER,,,,sans-site,,,,,annuaire public FFTT (carte.fftt.com),2026-09-02
07600027,CREPY EN VALOIS US,60,Oise,HDF,Hauts-de-France,Crepy En Valois,60800,SALLE BERNARD KINDRAICH RUE HECTOR BERLIOZ,,,,sans-site,,,,,annuaire public FFTT (carte.fftt.com),2026-09-02
07600167,ESTREES TENNIS DE TABLE,60,Oise,HDF,Hauts-de-France,Estrees St Denis,60190,SALLE POLYVALENTE Avenue Charles Dottin Salle Polyvalente,,,,sans-site,,,,,annuaire public FFTT (carte.fftt.com),2026-09-02
07600086,FEUQUIERES AP,60,Oise,HDF,Hauts-de-France,Feuquieres,60960,SALLE DU MILLE CLUB 11 RUE MARCEL DASSAULT,,,,sans-site,,,,,annuaire public FFTT (carte.fftt.com),2026-09-02
07600161,MONTCHEVREUIL ASTT,60,Oise,HDF,Hauts-de-France,Fresneaux Montchevreuil,60240,SALLE MULTI-SPORTS RUE DU BECQUET,https://www.asmontchevreuiltt.com/,logos/60/07600161-montchevreuil-astt.webp,https://www.asmontchevreuiltt.com/mub-356-225-f8f8f8/14962/actualite/68357b27e175d_LOGOQUADRIFONDBLANC.jpg,logo,#7050f0 #5030f0 #9070f0 #5010f0,clair,,,annuaire public FFTT (carte.fftt.com),2026-09-02
07600063,NOYERS ST MARTIN ATT,60,Oise,HDF,Hauts-de-France,Froissy,60480,GYMNASE DU COLLEGE DE FROISSY RUE DES CAYENNEURS,,,,sans-site,,,,,annuaire public FFTT (carte.fftt.com),2026-09-02
07600017,GOINCOURT Tennis de Table,60,Oise,HDF,Hauts-de-France,Goincourt,60000,SALLE POLYVALENTE RUE JEAN JAURES PLACE ALBERT CASSARIN-GRAND,,,,sans-site,,,,,annuaire public FFTT (carte.fftt.com),2026-09-02
07600166,HENONVILLE CO,60,Oise,HDF,Hauts-de-France,Henonville,60119,COMPLEXE SPORTIF ROUTE DE VILLENEUVE,,,,sans-site,,,,,annuaire public FFTT (carte.fftt.com),2026-09-02
07600016,TROISSEREUX-BONL-JUVIGN-MAIS AS,60,Oise,HDF,Hauts-de-France,Juvignies,60112,SALLE ST GEORGES rue de l eglise a cote de la mairie,,,,sans-site,,,,,annuaire public FFTT (carte.fftt.com),2026-09-02
07600008,LES AGEUX TT,60,Oise,HDF,Hauts-de-France,Les Ageux,60700,SALLE JEAN LE VOURCH 18 RUE LOUIS DROUART,,,,sans-site,,,,,annuaire public FFTT (carte.fftt.com),2026-09-02
07600018,MERU PPC,60,Oise,HDF,Hauts-de-France,Meru,60110,SALLE CHARLES DE GAULLE Rue Vaillant Radiologue,,,,sans-site,,,,,annuaire public FFTT (carte.fftt.com),2026-09-02
07600146,MOUY EP USD,60,Oise,HDF,Hauts-de-France,Mouy,60250,ESPACE SPORTIF DISTRICAL 51 BLD DE SURVILLE,,,,sans-site,,,,,annuaire public FFTT (carte.fftt.com),2026-09-02
07600035,NOGENT/OISE ZUP JEUNES,60,Oise,HDF,Hauts-de-France,Nogent Sur Oise,60180,GYMNASE DES COTEAUX Allee Georges BIZET,https://zupjeunesnogent.fr/,logos/60/07600035-nogent-oise-zup-jeunes.webp,https://zupjeunesnogent.fr/wp-content/uploads/2025/07/cropped-cropped-cropped-cropped-projet_zup_01_vecto-e1751799912996.jpg,logo,#b0b0b0 #d0d0d0 #909090 #707070,clair,,,annuaire public FFTT (carte.fftt.com),2026-09-02
07600117,WOLF SCAR PACK NOYON,60,Oise,HDF,Hauts-de-France,Noyon,60400,GYMNASE JEAN BOUIN AVENUE JEAN BOUIN PRES DE LA PISCINE,,,,sans-site,,,,,annuaire public FFTT (carte.fftt.com),2026-09-02
07600009,RIBECOURT US,60,Oise,HDF,Hauts-de-France,Ribecourt Dreslincourt,60170,STADE RENE MARTIN RUE VOLTAIRE,,,,sans-site,,,,,annuaire public FFTT (carte.fftt.com),2026-09-02
07600024,SAINTINES ATT,60,Oise,HDF,Hauts-de-France,Saintines,60410,SALLE DES SPORTS RUE DU CHATEAU,,,,sans-site,,,,,annuaire public FFTT (carte.fftt.com),2026-09-02
07600141,SERIFONTAINE TT,60,Oise,HDF,Hauts-de-France,Serifontaine,60590,HALLE DES SPORTS RUE DU 8 MAI 1945,,,,sans-site,,,,,annuaire public FFTT (carte.fftt.com),2026-09-02
07600044,ST JUST EN CHAUSSEE ACLES,60,Oise,HDF,Hauts-de-France,St Just En Chaussee,60130,Salle Martine Francis Dubezak 36 RUE DE PARIS (face a l'agence ORPI),,,,sans-site,,,,,annuaire public FFTT (carte.fftt.com),2026-09-02
07600046,ST MAX-ST LEU-VILLERS entente TT,60,Oise,HDF,Hauts-de-France,St Leu D Esserent,60340,SALLE P.GROUSSET AV.DE LA COMMUNE DE PARIS,https://esmslvtt.fr/,logos/60/07600046-st-max-st-leu-villers-entente-tt.webp,https://esmslvtt.fr/wp-content/uploads/2024/04/cropped-Logo-Club-1.png,logo,#f0d010 #101010 #f0b010 #b09010,clair,,,annuaire public FFTT (carte.fftt.com),2026-09-02
07600111,THOUROTTE TT,60,Oise,HDF,Hauts-de-France,Thourotte,60150,GYMNASE DU Courtil Muret RUE A.DUMAS,,,,sans-site,,,,,annuaire public FFTT (carte.fftt.com),2026-09-02
07600114,HAUT TILLOIS TT,60,Oise,HDF,Hauts-de-France,Tille,60000,SALLE ANNEXE GYMNASE 7 BIS RUE DE L'ILE DE FRANCE,https://www.hauttilloistt.fr/,logos/60/07600114-haut-tillois-tt.webp,https://www.hauttilloistt.fr/assets/images/cropped-logo_jaune.png,logo,#f0f010 #303030 #103030 #505030,clair,,,annuaire public FFTT (carte.fftt.com),2026-09-02
07600163,ULLY ST GEORGES FR,60,Oise,HDF,Hauts-de-France,Ully St Georges,60730,SALLE MULTIFONCTION ROUTE DE NOAILLES,,,,sans-site,,,,,annuaire public FFTT (carte.fftt.com),2026-09-02
07600026,VIGNEMONT ALAE,60,Oise,HDF,Hauts-de-France,Vignemont,60162,SALLE MARCEL BERTIN RUE DE LA PLACE,http://membres.lycos.fr/chevignemont/,,,aucun,,,,,annuaire public FFTT (carte.fftt.com),2026-09-02
07600037,VILLERS ST PAUL TT,60,Oise,HDF,Hauts-de-France,Villers St Paul,60870,Complexe Sportif Henri Salvador RUE V.GRIGNARD (FACE AU TERRAIN DE FOOT) 1er et,,,,sans-site,,,,,annuaire public FFTT (carte.fftt.com),2026-09-02
09610039,ALENCON ALC,61,Orne,NOR,Normandie,,,,,,,sans-site,,,,,annuaire public FFTT (carte.fftt.com),2026-09-02
09610135,AUBE/CRULAI/L'AIGLE TT,61,Orne,NOR,Normandie,,,,https://acatt.sportsregions.fr/,logos/61/09610135-aube-crulai-l-aigle-tt.webp,https://acatt.sportsregions.fr/media/uploaded/sites/3486/association/6a4fd14eda1cb_nouveaulogoclub.jpg,logo,#909090 #b0b0b0 #707070 #d0d0d0,clair,,,annuaire public FFTT (carte.fftt.com),2026-09-02
09610119,MORTAGNAISE USTT,61,Orne,NOR,Normandie,,,,https://mortagnett.sportsregions.fr/,logos/61/09610119-mortagnaise-ustt.webp,https://mortagnett.sportsregions.fr/media/uploaded/sites/5939/association/5b3f0fd343841_LOGOTENNISDETABLEliseret.jpg,logo,#103070 #305090 #303070 #b0b0d0,clair,,,annuaire public FFTT (carte.fftt.com),2026-09-02
09610009,ALENCON ETOILE,61,Orne,NOR,Normandie,Alencon,61000,Complexe Sportif Etoile Rue de Verdun,https://etoilealencon.sportsregions.fr/,logos/61/09610009-alencon-etoile.webp,https://etoilealencon.sportsregions.fr/media/uploaded/sites/2594/association/60a123adf41f3_LogoEtoile2021.jpg,logo,#707070 #909090 #d0d0d0 #b0b0b0,clair,,,annuaire public FFTT (carte.fftt.com),2026-09-02
09610002,ARGENTAN BAYARD,61,Orne,NOR,Normandie,Argentan,61200,Salle Michel Pelchat Rue du 104eme Regiment Infanteri,https://batt.club/,logos/61/09610002-argentan-bayard.webp,https://batt.club/wp-content/uploads/2026/07/cropped-file_00000000971c71f4b1765ac75cf1c67c.png,logo,#f0f010 #f01010 #301010 #d01010,clair,,,annuaire public FFTT (carte.fftt.com),2026-09-02
09610073,ARGENTAN OL,61,Orne,NOR,Normandie,Argentan,61200,Salle Jean Lenoir Place Pierre Semard en face de la Gare,,,,sans-site,,,,,annuaire public FFTT (carte.fftt.com),2026-09-02
09610031,ATHIS CTT,61,Orne,NOR,Normandie,Athis De L Orne,61430,Salle Specifique Tennis de Table Les Terriers,https://ctt-athis.clubeo.com/,logos/61/09610031-athis-ctt.webp,https://s2.static-clubeo.com/250/uploads/ctt-athis/logo__76a9t23yr.png,logo,#f01010 #101010 #d01010 #301010,clair,,,annuaire public FFTT (carte.fftt.com),2026-09-02
09610104,AUBUSSON ASCF,61,Orne,NOR,Normandie,Aubusson,61100,Salle Polyvalente Le Bourg,,,,sans-site,,,,,annuaire public FFTT (carte.fftt.com),2026-09-02
09610108,BAILLEUL Asso Tennis de Table,61,Orne,NOR,Normandie,Bailleul,61160,Salle des Fetes,,,,sans-site,,,,,annuaire public FFTT (carte.fftt.com),2026-09-02
09610130,Pongiste Club BELLEMOIS,61,Orne,NOR,Normandie,Belleme,61130,Gymnase Rue du College Av de Stuhlingen,,,,sans-site,,,,,annuaire public FFTT (carte.fftt.com),2026-09-02
09610131,COEUR PERCHE AP,61,Orne,NOR,Normandie,Bretoncelles,61110,Gymnage Omnisports,,,,sans-site,,,,,annuaire public FFTT (carte.fftt.com),2026-09-02
09610056,BRIOUZAIN OC,61,Orne,NOR,Normandie,Briouze,61220,Salle de Sport Rue St Denis,http://ocbtennisdetable.site.voila.fr/,,,aucun,,,,,annuaire public FFTT (carte.fftt.com),2026-09-02
09610150,TT CHAMPSECRET,61,Orne,NOR,Normandie,Champsecret,61700,Salle Associative 5 Rue Albert Christophle,,,,sans-site,,,,,annuaire public FFTT (carte.fftt.com),2026-09-02
09610017,DOMFRONT TT,61,Orne,NOR,Normandie,Domfront,61700,C.A.L. Salle Polyvalente Rue du Champassais,,,,sans-site,,,,,annuaire public FFTT (carte.fftt.com),2026-09-02
09610035,DURCET Avenir,61,Orne,NOR,Normandie,Durcet,61100,AVENIR DE DURCET Le Bourg de Durcet,,,,sans-site,,,,,annuaire public FFTT (carte.fftt.com),2026-09-02
09610101,FAVEROLLES US,61,Orne,NOR,Normandie,Faverolles,61600,U. S. FAVEROLLES Le Bourg FAVEROLLES,,,,sans-site,,,,,annuaire public FFTT (carte.fftt.com),2026-09-02
09610004,FLERIEN TT,61,Orne,NOR,Normandie,Flers,61100,Halle des Sports 1 rue Pierre Huet,https://www.ttflers.com/,logos/61/09610004-flerien-tt.webp,https://www.ttflers.com/wp-content/uploads/2024/03/cropped-Logo3-180x180.jpg,logo,#f05050 #d05050 #5070b0 #d07070,clair,,,annuaire public FFTT (carte.fftt.com),2026-09-02
09610043,FLERS ASEGO,61,Orne,NOR,Normandie,Flers,61100,ASEGO FLERS 115 rue de Messei,,,,sans-site,,,,,annuaire public FFTT (carte.fftt.com),2026-09-02
09610115,LA BAROCHE S/S LUCE ASB,61,Orne,NOR,Normandie,Juvigny Sous Andaine,61140,Gymnase Route de Bagnoles,,,,sans-site,,,,,annuaire public FFTT (carte.fftt.com),2026-09-02
09610152,TENNIS DE TABLE BOCAGE,61,Orne,NOR,Normandie,La Chapelle D Andaine,61140,Salle Roland Flechard Route de Domfront,,,,sans-site,,,,,annuaire public FFTT (carte.fftt.com),2026-09-02
09610034,LA COULONCHE ASL,61,Orne,NOR,Normandie,La Coulonche,61220,ASL LA COULONCHE Le Bourg,,,,sans-site,,,,,annuaire public FFTT (carte.fftt.com),2026-09-02
09610012,LA FERRIERE AUX ETANGS J,61,Orne,NOR,Normandie,La Ferriere Aux Etangs,61450,Salle Guy Rivrain (anc. ecole) Rue de la Piscine Le Gue Plat,https://jlaferrieretennisdetable.clubeo.com/,logos/61/09610012-la-ferriere-aux-etangs-j.webp,https://s1.static-clubeo.com/100/uploads/jlaferrieretennisdetable/logo__76a9t24sn.png,logo,#d03050 #d05050 #b0d0d0 #d05070,clair,,,annuaire public FFTT (carte.fftt.com),2026-09-02
09610142,SECTION PAYS D'OUCHE TENNIS DE T,61,Orne,NOR,Normandie,La Ferte Frenel,61550,COMPLEXE SPORTIF Route de l'Aigle,https://spott.forumactif.com/,logos/61/09610142-section-pays-d-ouche-tennis-de-t.webp,https://2img.net/h/jeanlefrancois10.free.fr/SPOTT/logo/logo-site-Spott.jpg,logo,#303030 #505030 #503030 #505050,clair,,,annuaire public FFTT (carte.fftt.com),2026-09-02
09610122,LA FERTE MACE ALTT,61,Orne,NOR,Normandie,La Ferte Mace,61600,Gymnase Paul Souvray Route de Versailles Acces rue hautvie et 1ere droite,,,,sans-site,,,,,annuaire public FFTT (carte.fftt.com),2026-09-02
09610136,TENNIS DE TABLE PAYS MELOIS,61,Orne,NOR,Normandie,Le Mele Sur Sarthe,61170,"Gymnase Pole Associatif 1, Rue Andre Cotto",,,,sans-site,,,,,annuaire public FFTT (carte.fftt.com),2026-09-02
09610138,LE SAP TT,61,Orne,NOR,Normandie,Le Sap,61470,Gymnase Intercommunal du Pays du Camembert derriere le Grand Jardin,,,,sans-site,,,,,annuaire public FFTT (carte.fftt.com),2026-09-02
09610095,LOUGE ST BRICE ES,61,Orne,NOR,Normandie,Louge Sur Maire,61150,Salle Polyvalente Le bourg,,,,sans-site,,,,,annuaire public FFTT (carte.fftt.com),2026-09-02
09610097,MANTILLY US,61,Orne,NOR,Normandie,Mantilly,61350,U.S. MANTILLY Le Bourg,,,,sans-site,,,,,annuaire public FFTT (carte.fftt.com),2026-09-02
09610107,MEDAVY AS,61,Orne,NOR,Normandie,Medavy,61570,Salle Polyvalente Medavy,,,,sans-site,,,,,annuaire public FFTT (carte.fftt.com),2026-09-02
09610040,PUTANGES US,61,Orne,NOR,Normandie,Putanges Pont Ecrepin,61210,Salle Jean Feron Rue du Docteur Prod'homme,,,,sans-site,,,,,annuaire public FFTT (carte.fftt.com),2026-09-02
09610087,ST GERMAIN DU CORBEIS ATT,61,Orne,NOR,Normandie,St Germain Du Corbeis,61000,A ST GERMAIN DU CORBEIS TT 52 Bis rue du General Leclerc,https://tt-st-germain-du-corbeis.clubeo.com/,logos/61/09610087-st-germain-du-corbeis-att.webp,https://tt-st-germain-du-corbeis.clubeo.com/uploads/tt-st-germain-du-corbeis/shield.png,logo,#109010 #901010 #10b010 #b01010,clair,,,annuaire public FFTT (carte.fftt.com),2026-09-02
09610148,ST SULPICE ST MARTIN ASTT,61,Orne,NOR,Normandie,St Martin D Ecublei,61300,Salle polyvalente,,,,sans-site,,,,,annuaire public FFTT (carte.fftt.com),2026-09-02
09610077,ST OUEN S/ITON TT,61,Orne,NOR,Normandie,St Ouen Sur Iton,61300,Salle Polyvalente,,,,sans-site,,,,,annuaire public FFTT (carte.fftt.com),2026-09-02
09610093,ST PIERRE DU REGARD AS,61,Orne,NOR,Normandie,St Pierre Du Regard,61790,A.S. ST PIERRE DU REGARD Rue de la Mairie,,,,sans-site,,,,,annuaire public FFTT (carte.fftt.com),2026-09-02
09610149,TENNIS DE TABLE VALBURGEOIS,61,Orne,NOR,Normandie,Ste Gauburge Ste Colombe,61370,Maison des Sports ZA Le Boulai,,,,sans-site,,,,,annuaire public FFTT (carte.fftt.com),2026-09-02
09610037,STE HONORINE LA CHARDONNE F.,61,Orne,NOR,Normandie,Ste Honorine La Chardonne,61430,Salle de la Fraternelle Rte d'Athis - Parking de l'Ecole,,,,sans-site,,,,,annuaire public FFTT (carte.fftt.com),2026-09-02
09610011,TINCHEBRAY PSJ,61,Orne,NOR,Normandie,Tinchebray,61800,P.S.J. TINCHEBRAY Boulevard du Midi,,,,sans-site,,,,,annuaire public FFTT (carte.fftt.com),2026-09-02
07620064,ALLOUAGNE AL,62,Pas-de-Calais,HDF,Hauts-de-France,,,,,,,sans-site,,,,,annuaire public FFTT (carte.fftt.com),2026-09-02
07620205,ANNAY SOUS LENS ALBERT TT,62,Pas-de-Calais,HDF,Hauts-de-France,,,,,,,sans-site,,,,,annuaire public FFTT (carte.fftt.com),2026-09-02
07620042,BILLY MONTIGNY TT,62,Pas-de-Calais,HDF,Hauts-de-France,,,,,,,sans-site,,,,,annuaire public FFTT (carte.fftt.com),2026-09-02
07620206,BOURLON ASTT,62,Pas-de-Calais,HDF,Hauts-de-France,,,,,,,sans-site,,,,,annuaire public FFTT (carte.fftt.com),2026-09-02
07620169,BURBURE TT,62,Pas-de-Calais,HDF,Hauts-de-France,,,,,,,sans-site,,,,,annuaire public FFTT (carte.fftt.com),2026-09-02
07620183,HAISNES-HULLUCH TT,62,Pas-de-Calais,HDF,Hauts-de-France,,,,,,,sans-site,,,,,annuaire public FFTT (carte.fftt.com),2026-09-02
07620017,LIEVIN USA Tennis de Table,62,Pas-de-Calais,HDF,Hauts-de-France,,,,,,,sans-site,,,,,annuaire public FFTT (carte.fftt.com),2026-09-02
07620063,NOYELLES GODAULT PPC,62,Pas-de-Calais,HDF,Hauts-de-France,,,,https://www.ppcn.fr/,logos/62/07620063-noyelles-godault-ppc.webp,"https://static.wixstatic.com/media/5a74a0_9e5626c9b18343448b5eea8ae9d45b4d~mv2.jpg/v1/fill/w_231,h_230,al_c,q_80,usm_0.66_1.00_0.01,enc_avif,quality_auto/Nouveau%20logo%20PPCNG.jpg",logo,#101050 #303050 #d0d0d0 #505070,clair,,,annuaire public FFTT (carte.fftt.com),2026-09-02
07620201,PING VENDINOIS,62,Pas-de-Calais,HDF,Hauts-de-France,,,SALLE DES SPORTS JULES FERRY RUE DE LA JUSTICE,,,,sans-site,,,,,annuaire public FFTT (carte.fftt.com),2026-09-02
07620168,ANVIN TT,62,Pas-de-Calais,HDF,Hauts-de-France,Anvin,62134,PREAU DE L'ECOLE G.MARICHEZ 260 RUE D'HESDIN,,,,sans-site,,,,,annuaire public FFTT (carte.fftt.com),2026-09-02
07620048,ARLEUX EN GOHELLE ASDL,62,Pas-de-Calais,HDF,Hauts-de-France,Arleux En Gohelle,62580,SALLE POLYVALENTE R.CADIOU ROUTE D'OPPY,,,,sans-site,,,,,annuaire public FFTT (carte.fftt.com),2026-09-02
07620096,ARQUES ES,62,Pas-de-Calais,HDF,Hauts-de-France,Arques,62510,Salle jacques Leleu RUE ARISTIDE BRIAND,,,,sans-site,,,,,annuaire public FFTT (carte.fftt.com),2026-09-02
07620031,ARRAS TENNIS DE TABLE,62,Pas-de-Calais,HDF,Hauts-de-France,Arras,62000,SALLE VANDAMME RUE CAMILLE COROT,https://www.arrastt.com/,logos/62/07620031-arras-tennis-de-table.webp,https://www.arrastt.com/media/uploaded/sites/13168/association/66202ad03f2aa_logoArrasTT.png,logo,#301070 #105090 #10b0f0 #103090,clair,,,annuaire public FFTT (carte.fftt.com),2026-09-02
07620016,AUBIGNY EN ARTOIS SC,62,Pas-de-Calais,HDF,Hauts-de-France,Aubigny En Artois,62690,salle tennis de table -judo chemin à l'eau,,,,sans-site,,,,,annuaire public FFTT (carte.fftt.com),2026-09-02
07620100,AVION TT,62,Pas-de-Calais,HDF,Hauts-de-France,Avion,62210,SALLE HOCHE-HOURIEZ RUE ARTHUR LAMENDIN,https://www.aviontt.fr/,logos/62/07620100-avion-tt.webp,https://www.aviontt.fr/public/sources/images/icones/logo.jpg,logo,#101010 #303030 #505050 #909090,clair,,,annuaire public FFTT (carte.fftt.com),2026-09-02
07620077,BALINGHEM ALFJP,62,Pas-de-Calais,HDF,Hauts-de-France,Balinghem,62610,SALLE GERARD BROCVIELLE RUE DU FORT BALINGHEM DERRIERE LA MAIRIE,,,,sans-site,,,,,annuaire public FFTT (carte.fftt.com),2026-09-02
07620184,BEAURAINS AL,62,Pas-de-Calais,HDF,Hauts-de-France,Beaurains,62217,CENTRE MULTISPORTS PLACE VARLET,https://albeaurains-tdt.clubeo.com/,logos/62/07620184-beaurains-al.webp,https://s1.static-clubeo.com/250/uploads/albeaurains-tdt/logo__76a9t1xva.png,logo,#1090d0 #10b0d0 #1070b0 #30b0d0,clair,,,annuaire public FFTT (carte.fftt.com),2026-09-02
07620051,BERCK TT,62,Pas-de-Calais,HDF,Hauts-de-France,Berck,62600,SALLE Jacque Marienne PALAIS DES SPORTS RUE EMILE LAVEZZARI,https://berck-tt.fr.gd/,logos/62/07620051-berck-tt.webp,https://img.webme.com/pic/b/berck-tt/Image1.png,logo,#3070b0 #90b0f0 #5070b0 #90b0d0,clair,,,annuaire public FFTT (carte.fftt.com),2026-09-02
07620067,BETHUNE-BEUVRY ASTT,62,Pas-de-Calais,HDF,Hauts-de-France,Bethune,62400,Complexe Marguerite YOURCENAR Rue du Moulin a Tabac,https://www.asttbb.fr/,logos/62/07620067-bethune-beuvry-astt.webp,https://www.asttbb.fr/assets/images/logoasttbb.png,logo,#f0f0f0 #d0f0f0 #d0d0f0 #90d0f0,clair,,,annuaire public FFTT (carte.fftt.com),2026-09-02
07620190,BIACHE TENNIS DE TABLE,62,Pas-de-Calais,HDF,Hauts-de-France,Biache Saint Vaast,62118,salle EMILE HURE (petite salle) RUE GAMBETTA,,,,sans-site,,,,,annuaire public FFTT (carte.fftt.com),2026-09-02
07620199,BIENVILLERS-AU-BOIS AMICALE PONG,62,Pas-de-Calais,HDF,Hauts-de-France,Bienvillers Au Bois,62111,SALLE JEAN CARRE RUE DE LA LOUVIERE,,,,sans-site,,,,,annuaire public FFTT (carte.fftt.com),2026-09-02
07620049,TT BILLY BERCLAU,62,Pas-de-Calais,HDF,Hauts-de-France,Billy Berclau,62138,SALLE polyvalente Leo Lagrange Rue du General de Gaulle,,,,sans-site,,,,,annuaire public FFTT (carte.fftt.com),2026-09-02
07620140,BOIS-BERNARD AL,62,Pas-de-Calais,HDF,Hauts-de-France,Bois Bernard,62320,ESPACE SPORTIF RUE P. MONCHY,,,,sans-site,,,,,annuaire public FFTT (carte.fftt.com),2026-09-02
07620046,BOULOGNE SUR MER ABCP,62,Pas-de-Calais,HDF,Hauts-de-France,Boulogne Sur Mer,62200,SALLE MAZURIER Rue Leo Lagrange,https://abcp-boulogne-sur-mer.kalisport.com/,logos/62/07620046-boulogne-sur-mer-abcp.webp,https://abcp-boulogne-sur-mer.kalisport.com/public/2500/upload/theme/kal-theme-logo-footer.jpg,logo,#f0d010 #b0d0f0 #d0f0f0 #f0f0f0,clair,,,annuaire public FFTT (carte.fftt.com),2026-09-02
07620090,BOULOGNE SUR MER EURVIN,62,Pas-de-Calais,HDF,Hauts-de-France,Boulogne Sur Mer,62200,ECOLE EURVIN 23 RUE DE WICARDENNE,http://www.amcaleeurvin.fr,,,aucun,,,,,annuaire public FFTT (carte.fftt.com),2026-09-02
07620195,BREMES LES ARDRES AMICALE,62,Pas-de-Calais,HDF,Hauts-de-France,Bremes,62610,SALLE SOCIO CULTURELLE RUE DE LA CHAPELLE,,,,sans-site,,,,,annuaire public FFTT (carte.fftt.com),2026-09-02
07620005,LE PONGISTE BULLYGEOIS,62,Pas-de-Calais,HDF,Hauts-de-France,Bully Les Mines,62160,COMPL. SPORTIF Pierre MAUROY RUE JESSE OWENS face au centre de secours,http://www.lepongistebullygeois.fr/,,,aucun,,,,,annuaire public FFTT (carte.fftt.com),2026-09-02
07620139,CALAIS BALZAC TT,62,Pas-de-Calais,HDF,Hauts-de-France,Calais,62100,SALLE GAUGUIN MATISSE RUE HENRI MATISSE,http://calaisbalzactt.sportsregion.fr,,,aucun,,,,,annuaire public FFTT (carte.fftt.com),2026-09-02
07620027,CALAIS OLYMPIQUE TT,62,Pas-de-Calais,HDF,Hauts-de-France,Calais,62100,COMPLEXE CALYPSO TIF CALYPSO RUE ROGER MARTIN DU GARD,,,,sans-site,,,,,annuaire public FFTT (carte.fftt.com),2026-09-02
07620173,CAMIERS ALCR TT,62,Pas-de-Calais,HDF,Hauts-de-France,Camiers,62176,SALLE DE SPORT CAMIERS ET SES PL RUE DU CAMPE DE ROSANEL,,,,sans-site,,,,,annuaire public FFTT (carte.fftt.com),2026-09-02
07620104,CARVIN ATT,62,Pas-de-Calais,HDF,Hauts-de-France,Carvin,62220,Salle DESCHAUWER Rue Saint-Paul,,,,sans-site,,,,,annuaire public FFTT (carte.fftt.com),2026-09-02
07620130,COQUELLES TT,62,Pas-de-Calais,HDF,Hauts-de-France,Coquelles,62231,Salle polyvalente Rue rouge cambre PRES DU TERRAIN DE FOOT,,,,sans-site,,,,,annuaire public FFTT (carte.fftt.com),2026-09-02
07620191,COULOGNE TTC,62,Pas-de-Calais,HDF,Hauts-de-France,Coulogne,62137,SALLE DES SPORTS RUE DES HAUTS CHAMPS,,,,sans-site,,,,,annuaire public FFTT (carte.fftt.com),2026-09-02
07620080,CUCQ ASP,62,Pas-de-Calais,HDF,Hauts-de-France,Cucq,62780,SALLE PIERRE MONTHUY RUE PAUL LEMAITRE,,,,sans-site,,,,,annuaire public FFTT (carte.fftt.com),2026-09-02
07620176,DAINVILLE ASTT,62,Pas-de-Calais,HDF,Hauts-de-France,Dainville,62000,SALLE DES SPORTS COLLEGE DIDEROT AVENUE DE L'HIPPODROME,https://www.asttdainville.s2.yapla.com/fr/,,,aucun,,,,,annuaire public FFTT (carte.fftt.com),2026-09-02
07620088,DIVION ASTT,62,Pas-de-Calais,HDF,Hauts-de-France,Divion,62460,COMPLEXE SPORTIF RUE DU 19 MARS 1962,https://www.asttdivion.com/,logos/62/07620088-divion-astt.webp,https://www.asttdivion.com/media/uploaded/sites/5822/association/66f0446dd4377_Screenshot20240916044501Gallery.jpg,logo,#505070 #305070 #305050 #707090,clair,,,annuaire public FFTT (carte.fftt.com),2026-09-02
07620198,DUISANS ENTENTE SPORTIVE,62,Pas-de-Calais,HDF,Hauts-de-France,Duisans,62161,SALLE DES SPORTS RUE DE LA FONTAINE RUE DE LA FONTAINE,,,,sans-site,,,,,annuaire public FFTT (carte.fftt.com),2026-09-02
07620196,ECOURT ST QUENTIN AMICALE LAIQUE,62,Pas-de-Calais,HDF,Hauts-de-France,Ecourt St Quentin,62860,COMPLEXE AMICALE LAIQUE ECOURTOISE 106 rue Henri Barbusse,,,,sans-site,,,,,annuaire public FFTT (carte.fftt.com),2026-09-02
07620200,SORRUS TENNIS DE TABLE,62,Pas-de-Calais,HDF,Hauts-de-France,Ecuires,62170,SALLE DU COSEC RUE DU BRAS D'OR,,,,sans-site,,,,,annuaire public FFTT (carte.fftt.com),2026-09-02
07620037,EPERLECQUES TLTT,62,Pas-de-Calais,HDF,Hauts-de-France,Eperlecques,62910,"TLTT EPERLECQUES 3, RUE DE LA MAIRIE",,,,sans-site,,,,,annuaire public FFTT (carte.fftt.com),2026-09-02
07620153,ESSARS TT,62,Pas-de-Calais,HDF,Hauts-de-France,Essars,62400,salle Andre BINOT rue du 8 mai 1945,,,,sans-site,,,,,annuaire public FFTT (carte.fftt.com),2026-09-02
07620069,ETAPLES ASTT,62,Pas-de-Calais,HDF,Hauts-de-France,Etaples,62630,SALLE DE LA CORDERIE 155 rue de camiers FACE AU PORT,http://astt-etaples.monclubdeping.fr/,,,aucun,,,,,annuaire public FFTT (carte.fftt.com),2026-09-02
07620072,FOUQUIERES-LES-LENS CTT,62,Pas-de-Calais,HDF,Hauts-de-France,Fouquieres Les Lens,62740,COSEC CHARLES HUMEZ RUE CASANOVA,,,,sans-site,,,,,annuaire public FFTT (carte.fftt.com),2026-09-02
07620010,FREVENT TENNIS DE TABLE,62,Pas-de-Calais,HDF,Hauts-de-France,Frevent,62270,complexe intercommunal 5 rue georges clemenceau,,,,sans-site,,,,,annuaire public FFTT (carte.fftt.com),2026-09-02
07620165,COUPELLE-NEUVE FR,62,Pas-de-Calais,HDF,Hauts-de-France,Fruges,62310,SALLE JEAN POMART RUE DES DIGUES,https://frtt-coupelle-neuve.clubeo.com/,logos/62/07620165-coupelle-neuve-fr.webp,https://s3.static-clubeo.com/250/uploads/frtt-coupelle-neuve/logo__76a9t23n0.png,logo,#303090 #101090 #7070b0 #b0b0d0,clair,,,annuaire public FFTT (carte.fftt.com),2026-09-02
07620052,DOUVRIN CSFM,62,Pas-de-Calais,HDF,Hauts-de-France,Haisnes,62138,Salle Emile QUEVA Rue ROGER SALENGRO,,,,sans-site,,,,,annuaire public FFTT (carte.fftt.com),2026-09-02
07620189,HALLINES ATT,62,Pas-de-Calais,HDF,Hauts-de-France,Hallines,62570,Salle Bernard CHOCHOY rue des Lauques,,,,sans-site,,,,,annuaire public FFTT (carte.fftt.com),2026-09-02
07620058,ISBERGUES TT,62,Pas-de-Calais,HDF,Hauts-de-France,Isbergues,62330,COMPLEXE SPORTIF RUE JEAN JAURES,http://mjepisberguestt.olympe.in,,,aucun,,,,,annuaire public FFTT (carte.fftt.com),2026-09-02
07620121,LA COUTURE TTLRV,62,Pas-de-Calais,HDF,Hauts-de-France,La Couture,62136,SALLE RUE BENTO ROMA,,,,sans-site,,,,,annuaire public FFTT (carte.fftt.com),2026-09-02
07620060,LABOURSE TT,62,Pas-de-Calais,HDF,Hauts-de-France,Labourse,62113,SALLE Yves BLANQUART 1 Rue Henri Peucelle acces par rue honneur et patrie,,,,sans-site,,,,,annuaire public FFTT (carte.fftt.com),2026-09-02
07620162,LAPUGNOY ASC,62,Pas-de-Calais,HDF,Hauts-de-France,Lapugnoy,62122,"SALLE POLYVALENTE JOSEPH QUIDET Rue Jean Jaurès, place de la Mairie",,,,sans-site,,,,,annuaire public FFTT (carte.fftt.com),2026-09-02
07620185,LE PORTEL AP,62,Pas-de-Calais,HDF,Hauts-de-France,Le Portel,62480,Salle Leo Lagrange Boulevard Auguste Huguet,https://www.amicale-pongiste-porteloise.com/,logos/62/07620185-le-portel-ap.webp,"https://static.wixstatic.com/media/289962_b0f6fdac916f4792a053c2c61c9e7f32~mv2.jpg/v1/fill/w_95,h_95,al_c,q_80,usm_0.66_1.00_0.01,blur_2,enc_avif,quality_auto/289962_b0f6fdac916f4792a053c2c61c9e7f32~mv2.jpg",logo,#b0b070 #b0b050 #505050 #303030,clair,,,annuaire public FFTT (carte.fftt.com),2026-09-02
07620119,LEFOREST TENNIS DE TABLE,62,Pas-de-Calais,HDF,Hauts-de-France,Leforest,62790,SALLE COURMONT AVENUE FRANCOIS MITTERAND,,,,sans-site,,,,,annuaire public FFTT (carte.fftt.com),2026-09-02
07620131,LENS TT,62,Pas-de-Calais,HDF,Hauts-de-France,Lens,62300,Gymnase Jean Zay Rue Robert Schumann,,,,sans-site,,,,,annuaire public FFTT (carte.fftt.com),2026-09-02
07620204,AS LESTREM TT,62,Pas-de-Calais,HDF,Hauts-de-France,Lestrem,62136,Centre Sportif Val de Lawe 797 Rue des Mioches,,,,sans-site,,,,,annuaire public FFTT (carte.fftt.com),2026-09-02
07620112,LIBERCOURT CP,62,Pas-de-Calais,HDF,Hauts-de-France,Libercourt,62820,COMPLEXE SPORTIF LEO LAGRANGE Salle DELADERRIERE Rue Pantigny,https://cplibercourt.netlify.app/,logos/62/07620112-libercourt-cp.webp,https://cplibercourt.netlify.app/images/logo-club-white.webp,logo,#f0d010 #d03050 #30b090 #303050,clair,,,annuaire public FFTT (carte.fftt.com),2026-09-02
07620150,LOISON-SOUS-LENS ASTT,62,Pas-de-Calais,HDF,Hauts-de-France,Loison Sous Lens,62218,Salle Cyr Louis Raux RUE JEAN JACQUES ROUSSEAU Pres de l'etang de Loison,http://www.astt-loison.clubeo.com,,,aucun,,,,,annuaire public FFTT (carte.fftt.com),2026-09-02
07620015,LONGUENESSE TENNIS DE TABLE,62,Pas-de-Calais,HDF,Hauts-de-France,Longuenesse,62219,Salle Martine SABAU 1 Place du Général de GAULLE,,,,sans-site,,,,,annuaire public FFTT (carte.fftt.com),2026-09-02
07620040,LOOS EN GOHELLE TT,62,Pas-de-Calais,HDF,Hauts-de-France,Loos En Gohelle,62750,Salle des Sports Andre DUBOIS Quartier Ouest Rue Andre DUBOIS,,,,sans-site,,,,,annuaire public FFTT (carte.fftt.com),2026-09-02
07620044,MARCK PPC,62,Pas-de-Calais,HDF,Hauts-de-France,Marck,62730,SALLE DE TENNIS DE TABLE RUE DU STADE,https://www.pingpongclubmarckois.fr/,logos/62/07620044-marck-ppc.webp,https://www.pingpongclubmarckois.fr/wp-content/uploads/2019/11/logo_ppcmarck-3.png,logo,#f01010 #f03030 #f07070 #f09090,clair,,,annuaire public FFTT (carte.fftt.com),2026-09-02
07620038,MARQUISE ASTT,62,Pas-de-Calais,HDF,Hauts-de-France,Marquise,62250,SALLE DE TENNIS DE TABLE rue de la Ruellette,,,,sans-site,,,,,annuaire public FFTT (carte.fftt.com),2026-09-02
07620062,MAZINGARBE MAEJS,62,Pas-de-Calais,HDF,Hauts-de-France,Mazingarbe,62670,SALLE MARIE CURIE RUE DE SOUCHEZ,,,,sans-site,,,,,annuaire public FFTT (carte.fftt.com),2026-09-02
07620188,MERLIMONT TT,62,Pas-de-Calais,HDF,Hauts-de-France,Merlimont,62155,SALLE DE TENNIS PLACE DE LA GARE,,,,sans-site,,,,,annuaire public FFTT (carte.fftt.com),2026-09-02
07620082,MEURCHIN ESPOIR TT,62,Pas-de-Calais,HDF,Hauts-de-France,Meurchin,62410,Salle Stéphan JENDROWIAK 55 RUE ROGER SALENGRO,,,,sans-site,,,,,annuaire public FFTT (carte.fftt.com),2026-09-02
07620145,NOEUX LES MINES CL FJEP,62,Pas-de-Calais,HDF,Hauts-de-France,Noeux Les Mines,62290,Salle MAISTRE Boulevard Maistre,,,,sans-site,,,,,annuaire public FFTT (carte.fftt.com),2026-09-02
07620182,SAINT-HILAIRE COTTES CPP,62,Pas-de-Calais,HDF,Hauts-de-France,Norrent-Fontes,62120,Salle des Sports du collège Bernard Chochoy 44 Route Nationale,https://sthilairecottescpp.weebly.com/,logos/62/07620182-saint-hilaire-cottes-cpp.webp,https://sthilairecottescpp.weebly.com/uploads/7/9/5/8/79589718/published/logo-shctt.jpg?1720856112,logo,#105050 #707070 #909090 #505050,clair,,,annuaire public FFTT (carte.fftt.com),2026-09-02
07620054,NOYELLES GODAULT TTSM,62,Pas-de-Calais,HDF,Hauts-de-France,Noyelles Godault,62950,SALLE OMNISPORT RUE MAURICE THOREZ,,,,sans-site,,,,,annuaire public FFTT (carte.fftt.com),2026-09-02
07620154,NOYELLES/LENS EP,62,Pas-de-Calais,HDF,Hauts-de-France,Noyelles Sous Lens,62221,AUGUSTE GALLET RUE JEAN JAURES,,,,sans-site,,,,,annuaire public FFTT (carte.fftt.com),2026-09-02
07620019,OUTREAU APB,62,Pas-de-Calais,HDF,Hauts-de-France,Outreau,62230,SALLE DES SPORTS JEAN-PAUL VIDOR RUE DES TILLEULS,,,,sans-site,,,,,annuaire public FFTT (carte.fftt.com),2026-09-02
07620079,OYE-PLAGE TTC,62,Pas-de-Calais,HDF,Hauts-de-France,Oye Plage,62215,SALLE DE RETTE IMPASSE DES SPORTS,,,,sans-site,,,,,annuaire public FFTT (carte.fftt.com),2026-09-02
07620078,PONT A VENDIN ALTT,62,Pas-de-Calais,HDF,Hauts-de-France,Pont A Vendin,62880,HALLE DES SPORTS SEVERIN BLANC RUE LEON BLUM,,,,sans-site,,,,,annuaire public FFTT (carte.fftt.com),2026-09-02
07620065,PONT DE BRIQUES TT,62,Pas-de-Calais,HDF,Hauts-de-France,Pont De Briques,62360,SALLE DU COSEC RUE SEGHIN,,,,sans-site,,,,,annuaire public FFTT (carte.fftt.com),2026-09-02
07620193,PREURES-LONGFOSSE TT,62,Pas-de-Calais,HDF,Hauts-de-France,Preures,62650,"SALLE DE LA ROCQUE SEHEN,36 RUE DE LA ROCQUE",,,,sans-site,,,,,annuaire public FFTT (carte.fftt.com),2026-09-02
07620002,QUIERY LA MOTTE CTT,62,Pas-de-Calais,HDF,Hauts-de-France,Quiery La Motte,62490,SALLE J. BREL IMPASSE MALVAUX,,,,sans-site,,,,,annuaire public FFTT (carte.fftt.com),2026-09-02
07620007,QUIESTEDE TT,62,Pas-de-Calais,HDF,Hauts-de-France,Quiestede,62120,Salle Herve De Lencquesaing Rue du stade,https://www.sportsite.fr/,logos/62/07620007-quiestede-tt.webp,https://www.sportsite.fr/wp-content/uploads/2023/10/Sportsite-logo-bleu-e1696344558821.png,logo,#f0d090 #305070 #707070 #909070,clair,,,annuaire public FFTT (carte.fftt.com),2026-09-02
07620087,RINXENT-HYDREQUENT TT,62,Pas-de-Calais,HDF,Hauts-de-France,Rinxent,62720,TT RINXENT-HYDREQUENT RUE JULES GUESDE,,,,sans-site,,,,,annuaire public FFTT (carte.fftt.com),2026-09-02
07620108,SAILLY LABOURSE TT,62,Pas-de-Calais,HDF,Hauts-de-France,Sailly Labourse,62113,SALLE POLYVALENTE RUE DU STADE,,,,sans-site,,,,,annuaire public FFTT (carte.fftt.com),2026-09-02
07620149,SAILLY SUR LA LYS TT,62,Pas-de-Calais,HDF,Hauts-de-France,Sailly Sur La Lys,62840,COMPLEXE SPORTIF 907 RUE DE LA LYS,,,,sans-site,,,,,annuaire public FFTT (carte.fftt.com),2026-09-02
07620032,SAMER T T,62,Pas-de-Calais,HDF,Hauts-de-France,Samer,62830,B.LEMANSKI Rue des lavandieres derriere le CES,,,,sans-site,,,,,annuaire public FFTT (carte.fftt.com),2026-09-02
07620111,SAINT LAURENT BLANGY TTI,62,Pas-de-Calais,HDF,Hauts-de-France,St Laurent Blangy,62223,SALLE JEAN ZAY RUE DU 8 MAI 1945,https://tti.asso.fr/,logos/62/07620111-saint-laurent-blangy-tti.webp,https://tti.asso.fr/wp-content/uploads/2017/04/cropped-unnamed-180x180.png,logo,#10b0f0 #1090d0 #30b0f0 #d0f0f0,clair,,,annuaire public FFTT (carte.fftt.com),2026-09-02
07620181,SAINT OMER TENNIS DE TABLE,62,Pas-de-Calais,HDF,Hauts-de-France,St Omer,62500,"salle du lycee de l'AA route de Rome direction gare, puis SPA",,,,sans-site,,,,,annuaire public FFTT (carte.fftt.com),2026-09-02
07620110,SAINTE CATHERINE LEZ ARRAS ASTT,62,Pas-de-Calais,HDF,Hauts-de-France,Ste Catherine,62223,SALLE LAGACHE RUE COROT,,,,sans-site,,,,,annuaire public FFTT (carte.fftt.com),2026-09-02
07620151,SAINTE MARIE KERQUE USTT,62,Pas-de-Calais,HDF,Hauts-de-France,Ste Marie Kerque,62370,SALLE DU PATRONAGE,https://club.quomodo.com/sainte-marie-kerque-ustt,,,aucun,,,,,annuaire public FFTT (carte.fftt.com),2026-09-02
07620018,SAINT MARTIN LEZ TATINGHEM TT,62,Pas-de-Calais,HDF,Hauts-de-France,Tatinghem,62500,Complexe Sportif Gilbert Liévin 176 route de Boulogne Complexe Gilbert Liévin,,,,sans-site,,,,,annuaire public FFTT (carte.fftt.com),2026-09-02
07620024,TILLOY LES MOFFLAINES TT,62,Pas-de-Calais,HDF,Hauts-de-France,Tilloy Les Mofflaines,62217,SALLE JACQUES SECRETIN COMPLEXE SPORTIF ROUTE DE NEUVILLE,,,,sans-site,,,,,annuaire public FFTT (carte.fftt.com),2026-09-02
07620202,TINCQUES,62,Pas-de-Calais,HDF,Hauts-de-France,Tincques,62127,SALLE DES SPORTS Rue du Vieux Calvaire,,,,sans-site,,,,,annuaire public FFTT (carte.fftt.com),2026-09-02
07620092,VENDIN LES BETHUNE TT,62,Pas-de-Calais,HDF,Hauts-de-France,Vendin Les Bethune,62232,SALLE BEREGOVOY RUE MENDES FRANCE,https://fjepvendinlesbethune.sportsregions.fr/,,,aucun,,,,,annuaire public FFTT (carte.fftt.com),2026-09-02
07620147,VIOLAINES TT,62,Pas-de-Calais,HDF,Hauts-de-France,Violaines,62138,SALLE JEAN MOULIN RUE DU MONT SORET,,,,sans-site,,,,,annuaire public FFTT (carte.fftt.com),2026-09-02
07620061,WIMEREUX ALEB TENNIS DE TABLE,62,Pas-de-Calais,HDF,Hauts-de-France,Wimereux,62930,JEAN PIERRE BUTEL RUE DU CHATEAU,,,,sans-site,,,,,annuaire public FFTT (carte.fftt.com),2026-09-02
07620047,Wingles Tennis de Table,62,Pas-de-Calais,HDF,Hauts-de-France,Wingles,62410,complexe sportif michel Bernard,,,,sans-site,,,,,annuaire public FFTT (carte.fftt.com),2026-09-02
07620029,WITTES US,62,Pas-de-Calais,HDF,Hauts-de-France,Wittes,62120,SALLE LOUIS VICART RUE DE L'EGLISE,,,,sans-site,,,,,annuaire public FFTT (carte.fftt.com),2026-09-02
01630005,ATSCAF CLERMONT-FD,63,Puy-de-Dôme,ARA,Auvergne-Rhône-Alpes,,,,,,,sans-site,,,,,annuaire public FFTT (carte.fftt.com),2026-09-02
01630281,ATT SAINT BABEL,63,Puy-de-Dôme,ARA,Auvergne-Rhône-Alpes,,,,,,,sans-site,,,,,annuaire public FFTT (carte.fftt.com),2026-09-02
01630078,C L COURNON,63,Puy-de-Dôme,ARA,Auvergne-Rhône-Alpes,,,,,,,sans-site,,,,,annuaire public FFTT (carte.fftt.com),2026-09-02
01630123,STADE CLERMONTOIS,63,Puy-de-Dôme,ARA,Auvergne-Rhône-Alpes,,,,https://stadeclermontoistt.com/,logos/63/01630123-stade-clermontois.svg,https://stadeclermontoistt.com/wp-content/uploads/2025/05/logo-stade-clermontois.svg,logo,#b50a1a #00427e #d70013 #b70d1a,clair,,,annuaire public FFTT (carte.fftt.com),2026-09-02
01630241,U.S. MARTRES DE VEYRE TT,63,Puy-de-Dôme,ARA,Auvergne-Rhône-Alpes,,,,,,,sans-site,,,,,annuaire public FFTT (carte.fftt.com),2026-09-02
01630085,P P C AMBERT,63,Puy-de-Dôme,ARA,Auvergne-Rhône-Alpes,Ambert,63600,CORAL Rue Pierre de Coubertin allee des sports,https://ppc-ambert.clubeo.com/,logos/63/01630085-p-p-c-ambert.webp,https://s1.static-clubeo.com/100/uploads/ppc-ambert/logo__76a9t2a2b.png,logo,#909090 #b0b0b0 #707070 #505050,clair,,,annuaire public FFTT (carte.fftt.com),2026-09-02
01630249,ATT AULNAT,63,Puy-de-Dôme,ARA,Auvergne-Rhône-Alpes,Aulnat,63510,COMPLEXE SPORTIF P. DUCOURTIAL AV PIERRE DE COUBERTIN,http://attaulnat.free.fr/,,,aucun,,,,,annuaire public FFTT (carte.fftt.com),2026-09-02
01630333,FAL BEAUREGARD L'EVEQUE,63,Puy-de-Dôme,ARA,Auvergne-Rhône-Alpes,Beauregard L Eveque,63116,SALLE DE SPORT Place du coudert,,,,sans-site,,,,,annuaire public FFTT (carte.fftt.com),2026-09-02
01630184,TT BILLOM,63,Puy-de-Dôme,ARA,Auvergne-Rhône-Alpes,Billom,63160,GYMNASE MUNICIPAL CHAMPS DE MARS Avenue Cohalion,https://ttbillom.jimdo.com,,,aucun,,,,,annuaire public FFTT (carte.fftt.com),2026-09-02
01630261,E. CEYRAT,63,Puy-de-Dôme,ARA,Auvergne-Rhône-Alpes,Ceyrat,63122,HALLE DES SPORTS RUE DE LA PAIX,,,,sans-site,,,,,annuaire public FFTT (carte.fftt.com),2026-09-02
01630303,CL CHAPDES-COMBRAILLES,63,Puy-de-Dôme,ARA,Auvergne-Rhône-Alpes,Chapdes Beaufort,63230,MAISON ST JOSEPH 1er ETAGE,https://cl-chapdes-combrailles.fr/,,,aucun,,,,,annuaire public FFTT (carte.fftt.com),2026-09-02
01630009,US CH. CLERMONT-FD,63,Puy-de-Dôme,ARA,Auvergne-Rhône-Alpes,Clermont Ferrand,63000,US CH. CLERMONT-FD 23 RUE GUYNEMER,https://us-cheminots-clermont.fr/,logos/63/01630009-us-ch-clermont-fd.webp,http://www.us-cheminots-clermont.fr/wp-content/uploads/2021/08/Logo-USCC.png,logo,#d0d0d0 #f0f0f0 #b0b0b0 #909090,clair,,,annuaire public FFTT (carte.fftt.com),2026-09-02
01630330,TT COURPIEROIS,63,Puy-de-Dôme,ARA,Auvergne-Rhône-Alpes,Courpiere,63120,ESPACE COUZON COUBERTIN Avenue Pierre de Coubertir,,,,sans-site,,,,,annuaire public FFTT (carte.fftt.com),2026-09-02
01630243,Amicale Pongiste Ennezat,63,Puy-de-Dôme,ARA,Auvergne-Rhône-Alpes,Ennezat,63720,Maison des Associations 3 Rue de la Fontaine,,,,sans-site,,,,,annuaire public FFTT (carte.fftt.com),2026-09-02
01630114,Tennis de Table de GELLES,63,Puy-de-Dôme,ARA,Auvergne-Rhône-Alpes,Gelles,63740,Gymnase de Gelles,,,,sans-site,,,,,annuaire public FFTT (carte.fftt.com),2026-09-02
01630301,AL GERZAT,63,Puy-de-Dôme,ARA,Auvergne-Rhône-Alpes,Gerzat,63360,GYMNASE Joseph CRONIER RUE MENDES FRANCE,https://alttgerzat.fr/,,,aucun,,,,,annuaire public FFTT (carte.fftt.com),2026-09-02
01630012,U.S. ISSOIRE TT,63,Puy-de-Dôme,ARA,Auvergne-Rhône-Alpes,Issoire,63500,Gymnase Laura Flessel Boulevard Pasteur Complexe sportif Albert Buisson,https://usissoiretennisdetable.fr/,logos/63/01630012-u-s-issoire-tt.webp,https://usissoiretennisdetable.fr/wp-content/uploads/2025/01/cropped-ping-pong-180x180.png,logo,#f05030 #905030 #705030 #301010,clair,,,annuaire public FFTT (carte.fftt.com),2026-09-02
01630289,TTS DUROLLIEN,63,Puy-de-Dôme,ARA,Auvergne-Rhône-Alpes,La Monnerie Le Montel,63650,GYMNASE Rue des sports,,,,sans-site,,,,,annuaire public FFTT (carte.fftt.com),2026-09-02
01630145,FCS LA ROCHE BLANCHE,63,Puy-de-Dôme,ARA,Auvergne-Rhône-Alpes,La Roche Blanche,63670,"MLT Léo Lagrange, 37 rue de la république Espace Leo Lagrange",,,,sans-site,,,,,annuaire public FFTT (carte.fftt.com),2026-09-02
01630318,TT LA TOUR D'AUVERGNE,63,Puy-de-Dôme,ARA,Auvergne-Rhône-Alpes,La Tour D Auvergne,63680,Complexe sportif Paul Gayt,,,,sans-site,,,,,annuaire public FFTT (carte.fftt.com),2026-09-02
01630191,TT LE CENDRE,63,Puy-de-Dôme,ARA,Auvergne-Rhône-Alpes,Le Cendre,63670,SALLE OMNISPORT 99 avenue de l'Auzon,https://ttlecendre.fr/,logos/63/01630191-tt-le-cendre.webp,https://ttlecendre.fr/wp-content/uploads/2026/06/cropped-cropped-logo_ttlecendre.png,logo,#303050 #b0b0d0 #b0b0b0 #505070,clair,,,annuaire public FFTT (carte.fftt.com),2026-09-02
01630014,U.S.C. LEZOUX,63,Puy-de-Dôme,ARA,Auvergne-Rhône-Alpes,Lezoux,63190,Halle des Sports Raymond Capetta Rue Jacques Sales,,,,sans-site,,,,,annuaire public FFTT (carte.fftt.com),2026-09-02
01630125,A.L. LUSSAT tennis de table,63,Puy-de-Dôme,ARA,Auvergne-Rhône-Alpes,Lussat,63360,GYMNASE MOLLE SUD Rue de la Molle Sud,,,,sans-site,,,,,annuaire public FFTT (carte.fftt.com),2026-09-02
01630320,A. MIREFLEURS TT,63,Puy-de-Dôme,ARA,Auvergne-Rhône-Alpes,Mirefleurs,63730,Préau Ecole Elementaire 12 rue de Chalendrat,,,,sans-site,,,,,annuaire public FFTT (carte.fftt.com),2026-09-02
01630338,SPORT VOLCANS TT NEBOUZAT,63,Puy-de-Dôme,ARA,Auvergne-Rhône-Alpes,Nebouzat,63210,Salle des sports 52 rue des Amourets,https://www.svtt-nebouzat.fr/,,,aucun,,,,,annuaire public FFTT (carte.fftt.com),2026-09-02
01630054,AEP NOHANENT,63,Puy-de-Dôme,ARA,Auvergne-Rhône-Alpes,Nohanent,63830,SALLE RAYMOND POUYET RUE DE LA VIEILLE EGLISE,,,,sans-site,,,,,annuaire public FFTT (carte.fftt.com),2026-09-02
01630121,P.P.C. ORLEAT,63,Puy-de-Dôme,ARA,Auvergne-Rhône-Alpes,Orléat,63190,Centre Socio Culturel et sportif d'Orléat 124 Route De Lezoux,,,,sans-site,,,,,annuaire public FFTT (carte.fftt.com),2026-09-02
01630310,TT PESCHADOIRES,63,Puy-de-Dôme,ARA,Auvergne-Rhône-Alpes,Peschadoires,63920,TT PESCHADOIRES Rue Michel Coluche,http://ttpeschadoires.sportsregions.fr/,,,aucun,,,,,annuaire public FFTT (carte.fftt.com),2026-09-02
01630185,TENNIS DE TABLE CASTELPONTIN,63,Puy-de-Dôme,ARA,Auvergne-Rhône-Alpes,Pont Du Chateau,63430,ESPACE BEAUFORT - Allee Beaufort Salle Roland GEX-COLLET,https://www.ttcastelpontin.fr/,logos/63/01630185-tennis-de-table-castelpontin.webp,https://images.cdn-files-a.com/uploads/3415819/400_5ea0a9ff636e4.jpg,logo,#70b030 #90d050 #70b0f0 #f0f0f0,clair,,,annuaire public FFTT (carte.fftt.com),2026-09-02
01630182,TENNIS DE TABLE DES COMBRAILLES,63,Puy-de-Dôme,ARA,Auvergne-Rhône-Alpes,Pontaumur,63380,HALLE DES SPORTS PLACE DES BALADINS,http://ttdescombrailles.wix.com/ttcombrailles63,,,aucun,,,,,annuaire public FFTT (carte.fftt.com),2026-09-02
01630308,ATT PUY-GUILLAUME,63,Puy-de-Dôme,ARA,Auvergne-Rhône-Alpes,Puy-Guillaume,63290,GYMNASE MARCEL ROBIN 12 Rue Ernest Laroche,,,,sans-site,,,,,annuaire public FFTT (carte.fftt.com),2026-09-02
01630334,TENNIS DE TABLE RANDAN,63,Puy-de-Dôme,ARA,Auvergne-Rhône-Alpes,Randan,63310,Salle des sports Route de St Yorre,,,,sans-site,,,,,annuaire public FFTT (carte.fftt.com),2026-09-02
01630015,ASTTRE RIOM,63,Puy-de-Dôme,ARA,Auvergne-Rhône-Alpes,Riom,63200,Gymnase DU PARC DES FETES 28 avenue de Clermont,https://asttre-riom.fr/,logos/63/01630015-asttre-riom.webp,https://asttre-riom.fr/wp-content/uploads/Logo_Volvic.png,logo,#105010 #105030 #307030 #509030,clair,,,annuaire public FFTT (carte.fftt.com),2026-09-02
01630332,TT ROMAGNAT,63,Puy-de-Dôme,ARA,Auvergne-Rhône-Alpes,Romagnat,63540,Salle Multisports Avenue des Perouses gymnase N?7 Ter av. Perouses,https://tennisdetable-romagnat.fr/,logos/63/01630332-tt-romagnat.webp,https://tennisdetable-romagnat.fr/wp-content/uploads/2022/07/ttr.png,logo,#f07010 #f05010 #f09050 #f07030,clair,,,annuaire public FFTT (carte.fftt.com),2026-09-02
01630337,Sauvagnat Sainte Marthe TT,63,Puy-de-Dôme,ARA,Auvergne-Rhône-Alpes,Sauvagnat-Sainte-Marthe,63500,Salle multi-activité 1 Rue Du Magot,,,,sans-site,,,,,annuaire public FFTT (carte.fftt.com),2026-09-02
01630059,ST ELOY LES MINES A.L,63,Puy-de-Dôme,ARA,Auvergne-Rhône-Alpes,St Eloy Les Mines,63700,STADE MUNICIPAL RUE JULES GUESDE,,,,sans-site,,,,,annuaire public FFTT (carte.fftt.com),2026-09-02
01630327,SURAT FOYER RURAL,63,Puy-de-Dôme,ARA,Auvergne-Rhône-Alpes,Surat,63720,SURAT FOYER RURAL Place du Fort,,,,sans-site,,,,,annuaire public FFTT (carte.fftt.com),2026-09-02
01630307,VEYRE-MONTON TT,63,Puy-de-Dôme,ARA,Auvergne-Rhône-Alpes,Veyre Monton,63960,HALLE AUX SPORTS Avenue de la Monne,http://vmtt.e-monsite.com,,,aucun,,,,,annuaire public FFTT (carte.fftt.com),2026-09-02
01630317,FRATERNELLE DES VOLCANS VOLVIC,63,Puy-de-Dôme,ARA,Auvergne-Rhône-Alpes,Volvic,63530,Fraternelle des volcans 29 rte de Marsat,,,,sans-site,,,,,annuaire public FFTT (carte.fftt.com),2026-09-02
10640004,A. LESCARIENNE TT,64,Pyrénées-Atlantiques,NAQ,Nouvelle-Aquitaine,,,,,,,sans-site,,,,,annuaire public FFTT (carte.fftt.com),2026-09-02
10640001,GOELANDS DE BIARRITZ,64,Pyrénées-Atlantiques,NAQ,Nouvelle-Aquitaine,,,,,,,sans-site,,,,,annuaire public FFTT (carte.fftt.com),2026-09-02
10640008,MAHAIN JOKO HASPARREN,64,Pyrénées-Atlantiques,NAQ,Nouvelle-Aquitaine,,,,https://mahain-joko.fr/,logos/64/10640008-mahain-joko-hasparren.webp,https://mahain-joko.fr/wp-content/themes/mahainjoko/layout/images/header-logo.png,logo,#b0b0b0 #909090 #b09090 #707070,clair,,,annuaire public FFTT (carte.fftt.com),2026-09-02
10640003,SECTION PALOISE TT,64,Pyrénées-Atlantiques,NAQ,Nouvelle-Aquitaine,,,,,,,sans-site,,,,,annuaire public FFTT (carte.fftt.com),2026-09-02
10640019,CROISES ST ANDRE BAYONNE,64,Pyrénées-Atlantiques,NAQ,Nouvelle-Aquitaine,Bayonne,64100,GYMNASE DE LA FLORIDE GYMNASE ROBERT CAILLOU,,,,sans-site,,,,,annuaire public FFTT (carte.fftt.com),2026-09-02
10640012,BERNADETS TENNIS DE TABLE,64,Pyrénées-Atlantiques,NAQ,Nouvelle-Aquitaine,Bernadets,64160,Salle des Fetes,,,,sans-site,,,,,annuaire public FFTT (carte.fftt.com),2026-09-02
10640014,TT BIRON-ORTHEZ,64,Pyrénées-Atlantiques,NAQ,Nouvelle-Aquitaine,Biron,64300,Salle des Sports de Biron,,,,sans-site,,,,,annuaire public FFTT (carte.fftt.com),2026-09-02
10640025,TT MAULEON-OLORON,64,Pyrénées-Atlantiques,NAQ,Nouvelle-Aquitaine,Cheraute,64130,salle communale Michel Beguerie Allee du Chateau Salle derriere l'eglise,,,,sans-site,,,,,annuaire public FFTT (carte.fftt.com),2026-09-02
10640023,VATH VIELHA TT,64,Pyrénées-Atlantiques,NAQ,Nouvelle-Aquitaine,Coarraze,64800,GYMNASE COARRAZE,http://vathvielha-tt.e-monsite.com,,,aucun,,,,,annuaire public FFTT (carte.fftt.com),2026-09-02
10640017,TT HENDAYAIS,64,Pyrénées-Atlantiques,NAQ,Nouvelle-Aquitaine,Hendaye,64700,Gymnase Irandatz 15 Rue Bigarena,http://www.tthendayais.fr,,,aucun,,,,,annuaire public FFTT (carte.fftt.com),2026-09-02
10640006,JURANCON T.T.,64,Pyrénées-Atlantiques,NAQ,Nouvelle-Aquitaine,Jurancon,64110,Stade Lichanot Place et Ile du Bernet,,,,sans-site,,,,,annuaire public FFTT (carte.fftt.com),2026-09-02
10640010,F.R MONEIN,64,Pyrénées-Atlantiques,NAQ,Nouvelle-Aquitaine,Monein,64360,SALLE T.T. Complexe du Pont Lat Route du Stade,https://frmonein-tt.fr/,logos/64/10640010-f-r-monein.webp,https://frmonein-tt.fr/wp-content/uploads/2018/10/Logo-maillot-pour-site-1.png,logo,#303030 #101010 #301010 #505050,clair,,,annuaire public FFTT (carte.fftt.com),2026-09-02
10640015,FJEP SALIES DE BEARN,64,Pyrénées-Atlantiques,NAQ,Nouvelle-Aquitaine,Salies De Bearn,64270,GYMNASE COLLEGE FELIX PECAUT AV DUFOURCQ,,,,sans-site,,,,,annuaire public FFTT (carte.fftt.com),2026-09-02
10640027,DONAPALEUKO PING PONG TALDEA,64,Pyrénées-Atlantiques,NAQ,Nouvelle-Aquitaine,St Palais,64120,AIRETIK Rue de la Bidouze,,,,sans-site,,,,,annuaire public FFTT (carte.fftt.com),2026-09-02
11650026,AMICALE PONGISTE D ANDREST,65,Hautes-Pyrénées,OCC,Occitanie,Andrest,65390,SALLE DES FETES PLACE DE LA REPUBLIQUE,,,,sans-site,,,,,annuaire public FFTT (carte.fftt.com),2026-09-02
11650016,E.S. DES BARONNIES,65,Hautes-Pyrénées,OCC,Occitanie,Bourg De Bigorre,65130,E.S. DES BARONNIES BOURG DE BIGORRE,,,,sans-site,,,,,annuaire public FFTT (carte.fftt.com),2026-09-02
11650017,TT CAMALES,65,Hautes-Pyrénées,OCC,Occitanie,Camales,65500,SALLE DES FETES PLACE DE LA MAIRIE,,,,sans-site,,,,,annuaire public FFTT (carte.fftt.com),2026-09-02
11650014,CLUB TENNIS TABLE LOURDAIS,65,Hautes-Pyrénées,OCC,Occitanie,Lourdes,65100,GYMNASE DE LA COUSTETE PISCINE MUNICIPALE DECOUV BD DU LAPACCA,,,,sans-site,,,,,annuaire public FFTT (carte.fftt.com),2026-09-02
11650004,E S POUZACAISE,65,Hautes-Pyrénées,OCC,Occitanie,Pouzac,65200,SALLE PIERRE JEROME Avenue de la Mongie,https://espouzac.sportsregions.fr/,logos/65/11650004-e-s-pouzacaise.webp,https://espouzac.sportsregions.fr/media/uploaded/sites/21418/association/632781f9a4553_logoretouchetransparentPNG.png,logo,#7090b0 #303030 #701010 #105090,clair,,,annuaire public FFTT (carte.fftt.com),2026-09-02
11650018,A.S.C.AUREILHAN,65,Hautes-Pyrénées,OCC,Occitanie,Semeac,65600,GYMNASE DU COLLEGE PAUL VALERY 51 RUE THEOPHILE GAUTIER,http://www.ascatt65.fr/,,,aucun,,,,,annuaire public FFTT (carte.fftt.com),2026-09-02
11650034,TARBES ODOS PYRENEES TT,65,Hautes-Pyrénées,OCC,Occitanie,Tarbes,65000,GYMNASE JEANETTE FANLOU Bld Marechal JUIN,https://www.toptt.fr/,logos/65/11650034-tarbes-odos-pyrenees-tt.webp,https://www.toptt.fr/img/LogoTOPTT.png,logo,#909090 #d0d0d0 #b0b0b0 #d03030,clair,,,annuaire public FFTT (carte.fftt.com),2026-09-02
11660013,BOURG MADAME TT,66,Pyrénées-Orientales,OCC,Occitanie,,,,,,,sans-site,,,,,annuaire public FFTT (carte.fftt.com),2026-09-02
11660001,CANOHES TOULOUGES TENNIS DE TABL,66,Pyrénées-Orientales,OCC,Occitanie,,,,,,,sans-site,,,,,annuaire public FFTT (carte.fftt.com),2026-09-02
11660003,RIVESALTES CTT,66,Pyrénées-Orientales,OCC,Occitanie,,,,,,,sans-site,,,,,annuaire public FFTT (carte.fftt.com),2026-09-02
11660020,ARGELES TENNIS DE TABLE,66,Pyrénées-Orientales,OCC,Occitanie,Argeles Sur Mer,66700,Gymnase F Trescases Lycee C Bourquin Ave N Mandela Taxo d Avall,https://www.argeles-tennisdetable.fr/,logos/66/11660020-argeles-tennis-de-table.webp,https://www.argeles-tennisdetable.fr/wp-content/uploads/2025/09/cropped-Logo-Argeles-TT-2025-500x500-1-180x180.png,logo,#103050 #303050 #d03030 #d05030,clair,,,annuaire public FFTT (carte.fftt.com),2026-09-02
11660008,COTE VERMEILLE TT,66,Pyrénées-Orientales,OCC,Occitanie,Banyuls Sur Mer,66650,Salle BARTISSOL rue des Angles,,,,sans-site,,,,,annuaire public FFTT (carte.fftt.com),2026-09-02
11660044,CANET ROUSSILLON TENNIS DE TABLE,66,Pyrénées-Orientales,OCC,Occitanie,Canet-En-Roussillon,66140,LA BASTIDE 25 avenue Guy Drut,,,,sans-site,,,,,annuaire public FFTT (carte.fftt.com),2026-09-02
11660031,ENT VALLESPIR TENNIS DE TABLE,66,Pyrénées-Orientales,OCC,Occitanie,Ceret,66400,Gymnase des Tilleuls rue des tilleuls,,,,sans-site,,,,,annuaire public FFTT (carte.fftt.com),2026-09-02
11660043,ILLENC TENNIS DE TAULE,66,Pyrénées-Orientales,OCC,Occitanie,Ille Sur Tet,66130,Salle des fêtes Place de la République,,,,sans-site,,,,,annuaire public FFTT (carte.fftt.com),2026-09-02
11660032,MILLAS TENNIS DE TABLE,66,Pyrénées-Orientales,OCC,Occitanie,Millas,66170,HALLE AUX SPORTS Avenue jean jaures,,,,sans-site,,,,,annuaire public FFTT (carte.fftt.com),2026-09-02
11660009,PERPIGNAN ROUSSILLON TENNIS DE T,66,Pyrénées-Orientales,OCC,Occitanie,Perpignan,66000,salle HENRI BLANC Avenue du Dr Torreilles,https://www.prtt.fr/,logos/66/11660009-perpignan-roussillon-tennis-de-t.webp,https://www.prtt.fr/logo.jpg,logo,#f01010 #d0d0d0 #b0b0b0 #f0d0d0,clair,,,annuaire public FFTT (carte.fftt.com),2026-09-02
11660011,PERPIGNAN ST GAUDERIQUE TT,66,Pyrénées-Orientales,OCC,Occitanie,Perpignan,66000,"Gymnase 53, rue E.Renan",,,,sans-site,,,,,annuaire public FFTT (carte.fftt.com),2026-09-02
11660041,PRADES CONFLENT CANIGÓ TT,66,Pyrénées-Orientales,OCC,Occitanie,Prades,66500,COMPLEXE SPORTIF Marcel Clos Allées de la Plaine Saint Martin,,,,sans-site,,,,,annuaire public FFTT (carte.fftt.com),2026-09-02
11660021,TENNIS DE TABLE CLUB LAURENTIN,66,Pyrénées-Orientales,OCC,Occitanie,St Laurent De La Salanque,66250,Salle Latecoere 13 Chemin de Leucate,http://ttc-laurentin.over-blog.com/,,,aucun,,,,,annuaire public FFTT (carte.fftt.com),2026-09-02
11660007,TT Thuirinois,66,Pyrénées-Orientales,OCC,Occitanie,Thuir,66300,Halle des Sports Allée du chemin des dames Parking de Verdun,https://ttthuir.fr/,logos/66/11660007-tt-thuirinois.webp,https://ttthuir.fr/public/5786/upload/theme/kal-theme-logo-header.png,logo,#d0f0d0 #d0d0d0 #f0f0f0 #b0d0b0,clair,,,annuaire public FFTT (carte.fftt.com),2026-09-02
11660019,US TORREILLES US TT,66,Pyrénées-Orientales,OCC,Occitanie,Torreilles,66440,Salle de la Fraternite 31 bis Avenue Francois Arago,http://www.usttt.fr/,logos/66/11660019-us-torreilles-us-tt.webp,http://www.usttt.fr/wp-content/uploads/2015/10/cropped-ping-pong-307629_6401.png,logo,#f01010 #301010 #f07010 #d01010,clair,,,annuaire public FFTT (carte.fftt.com),2026-09-02
06670221,BARR Tennis de Table,67,Bas-Rhin,GES,Grand Est,,,,,,,sans-site,,,,,annuaire public FFTT (carte.fftt.com),2026-09-02
06670212,LEUTENHEIM C.T.T.,67,Bas-Rhin,GES,Grand Est,,,,http://www.ctt-leutenheim.com/,,,aucun,,,,,annuaire public FFTT (carte.fftt.com),2026-09-02
06670248,MARMOUTIER CSE,67,Bas-Rhin,GES,Grand Est,,,,,,,sans-site,,,,,annuaire public FFTT (carte.fftt.com),2026-09-02
06670010,SCHILTIGHEIM SU TT,67,Bas-Rhin,GES,Grand Est,,,,https://www.sustt.fr/,logos/67/06670010-schiltigheim-su-tt.webp,https://www.sustt.fr/wp-content/uploads/2025/05/cropped-logo_sus_tennis_de_table-960x460-1-180x180.png,logo,#50b0d0 #b0d0f0 #505050 #d0d0d0,clair,,,annuaire public FFTT (carte.fftt.com),2026-09-02
06670270,STRASBOURG EUROMETROPOLE TT,67,Bas-Rhin,GES,Grand Est,,,,http://www.semtt.eu,,,aucun,,,,,annuaire public FFTT (carte.fftt.com),2026-09-02
06670045,STRASBOURG RC,67,Bas-Rhin,GES,Grand Est,,,,https://rcs-tennisdetable.com/,logos/67/06670045-strasbourg-rc.webp,https://rcs-tennisdetable.com/wp-content/uploads/2019/11/cropped-logo-rcs-tennisdetable-180x180.png,logo,#1090f0 #d03030 #90d0f0 #50b0f0,clair,,,annuaire public FFTT (carte.fftt.com),2026-09-02
06670160,T.T.Haguenau Wissembourg,67,Bas-Rhin,GES,Grand Est,,,,https://www.tt-haguenau-wissembourg.fr/,logos/67/06670160-t-t-haguenau-wissembourg.webp,https://www.tt-haguenau-wissembourg.fr/wp-content/uploads/2024/11/LogoTTHW.png,logo,#303030 #b01030 #101010 #b0b0b0,clair,,,annuaire public FFTT (carte.fftt.com),2026-09-02
06670219,BEINHEIM C.T.T.B.,67,Bas-Rhin,GES,Grand Est,Beinheim,67930,Salle Polyvalente Rue du Foyer,,,,sans-site,,,,,annuaire public FFTT (carte.fftt.com),2026-09-02
06670058,BENFELD LAURENTIA S.S.C.,67,Bas-Rhin,GES,Grand Est,Benfeld,67230,Salle des Sports Rue d'Ettenheim,https://www.laurentia-benfeld.fr/index.php,logos/67/06670058-benfeld-laurentia-s-s-c.webp,https://www.laurentia-benfeld.fr/index.php,logo,#d0d0d0 #f0f0f0 #b0b0b0 #909090,clair,,,annuaire public FFTT (carte.fftt.com),2026-09-02
06670207,BERSTETT T.T.,67,Bas-Rhin,GES,Grand Est,Berstett,67370,Salle des Fetes de Berstett 46 rue de l'herbe,,,,sans-site,,,,,annuaire public FFTT (carte.fftt.com),2026-09-02
06670203,BETSCHDORF TT,67,Bas-Rhin,GES,Grand Est,Betschdorf,67660,E.S.C.A.L Rue du Bannholz,https://www.ttbetschdorf.com/new/,logos/67/06670203-betschdorf-tt.webp,https://www.ttbetschdorf.com/new/wp-content/uploads/2017/08/cropped-logo_ttb_grand.png,logo,#303030 #101010 #505050,clair,,,annuaire public FFTT (carte.fftt.com),2026-09-02
06670183,FCJ BOOTZHEIM,67,Bas-Rhin,GES,Grand Est,Bootzheim,67390,"SALLE POLYVALENTE 27, rue Haute",,,,sans-site,,,,,annuaire public FFTT (carte.fftt.com),2026-09-02
06670043,BRUMATH UNITAS Tennis de Table,67,Bas-Rhin,GES,Grand Est,Brumath,67170,Centre Omnisport 27a Rue André Malraux (Cote du Centre Culturel),,,,sans-site,,,,,annuaire public FFTT (carte.fftt.com),2026-09-02
06670247,CHATENOIS C.C.A.,67,Bas-Rhin,GES,Grand Est,Chatenois,67730,"CERCLE CATHOLIQUE ALOYSIA 98, rue du Marechal Foch",,,,sans-site,,,,,annuaire public FFTT (carte.fftt.com),2026-09-02
06670149,DORLISHEIM SD,67,Bas-Rhin,GES,Grand Est,Dorlisheim,67120,Espace Pluriel ex.S.polyvalente Avenue du Gal de Gaulle,,,,sans-site,,,,,annuaire public FFTT (carte.fftt.com),2026-09-02
06670271,DURRENBACH ATTD,67,Bas-Rhin,GES,Grand Est,Durrenbach,67360,Relais de l'amitie Rue principale,http://www.attdurrenbach.fr,,,aucun,,,,,annuaire public FFTT (carte.fftt.com),2026-09-02
06670003,ECKBOLSHEIM,67,Bas-Rhin,GES,Grand Est,Eckbolsheim,67201,Salle Munic.Foy.CONCORDIA 18A Rue de l' Eglise,https://concordia-eckbolsheimtt.fr/,logos/67/06670003-eckbolsheim.webp,https://concordia-eckbolsheimtt.fr/wp-content/uploads/2025/05/cropped-233584-117x117.png,logo,#303090 #f07030 #103090 #b0b0d0,clair,,,annuaire public FFTT (carte.fftt.com),2026-09-02
06670129,ERGERSHEIM FCJ,67,Bas-Rhin,GES,Grand Est,Ergersheim,67120,Salle Polyvalente Chemin du canal,,,,sans-site,,,,,annuaire public FFTT (carte.fftt.com),2026-09-02
06670280,ERNOLSHEIM SUR BRUCHE STT,67,Bas-Rhin,GES,Grand Est,Ernolsheim Sur Bruche,67120,Salle socio-culturelle Allée du stade,,,,sans-site,,,,,annuaire public FFTT (carte.fftt.com),2026-09-02
06670201,ESCHAU CTT,67,Bas-Rhin,GES,Grand Est,Eschau,67114,Salle Polyvalente Place des Fetes,,,,sans-site,,,,,annuaire public FFTT (carte.fftt.com),2026-09-02
06670256,LILLY AS Tennis de Table,67,Bas-Rhin,GES,Grand Est,Fegersheim,67640,"Centre Socio-Educatif Culturel 17a, rue du Gal De Gaulle",,,,sans-site,,,,,annuaire public FFTT (carte.fftt.com),2026-09-02
06670274,FESSENHEIM LE BAS ASCS,67,Bas-Rhin,GES,Grand Est,Fessenheim Le Bas,67117,Salle communale 2 rue de Nordheim,,,,sans-site,,,,,annuaire public FFTT (carte.fftt.com),2026-09-02
06670194,GERSTHEIM CSD,67,Bas-Rhin,GES,Grand Est,Gerstheim,67150,Espace Multisport Rue Daubensand,,,,sans-site,,,,,annuaire public FFTT (carte.fftt.com),2026-09-02
06670246,GRIESHEIM DINGSHEIM TT,67,Bas-Rhin,GES,Grand Est,Griesheim Sur Souffel,67370,CENTRE CULTUREL 17 rue Principale,,,,sans-site,,,,,annuaire public FFTT (carte.fftt.com),2026-09-02
06670115,GUNDERSHOFFEN P79,67,Bas-Rhin,GES,Grand Est,Gundershoffen,67110,"Salle polyvalente 12, rue d'Alsace",,,,sans-site,,,,,annuaire public FFTT (carte.fftt.com),2026-09-02
06670041,ZORN TT HOCHFELDEN,67,Bas-Rhin,GES,Grand Est,Hochfelden,67270,Salle TT Joseph Meyer Rue des 4 Vents Complexe Sportif,https://www.zorntt.fr/,logos/67/06670041-zorn-tt-hochfelden.webp,https://www.zorntt.fr/templates/shape5_vertex/images/s5_logo_white.png,logo,#b0b0b0 #909090 #d0d0d0 #7070f0,clair,,,annuaire public FFTT (carte.fftt.com),2026-09-02
06670216,HOERDT T.T.,67,Bas-Rhin,GES,Grand Est,Hoerdt,67720,Salle Jacques Brandt Rue d'Eckwersheim,,,,sans-site,,,,,annuaire public FFTT (carte.fftt.com),2026-09-02
06670200,A.S. ALCATEL LUCENT ILLKIRCH,67,Bas-Rhin,GES,Grand Est,Illkirch Graffenstaden,67400,Gymnase des Quatre Vents Rue du 23 Novembre,,,,sans-site,,,,,annuaire public FFTT (carte.fftt.com),2026-09-02
06670014,ILLKIRCH GRAFFENSTADEN AP,67,Bas-Rhin,GES,Grand Est,Illkirch Graffenstaden,67400,COSEC - Gymnase 4 Vents Rue du 23 Novembre Impasse Vieux Moulin - Parking,,,,sans-site,,,,,annuaire public FFTT (carte.fftt.com),2026-09-02
06670195,HANAU Tennis de Table,67,Bas-Rhin,GES,Grand Est,Ingwiller,67340,Gymnase d Ingwiller cote de Weinbourg,http://www.hanautt.fr/,,,aucun,,,,,annuaire public FFTT (carte.fftt.com),2026-09-02
06670114,KESKASTEL TT,67,Bas-Rhin,GES,Grand Est,Keskastel,67260,"Salle Polyvalente 8, rue de La Fontaine",,,,sans-site,,,,,annuaire public FFTT (carte.fftt.com),2026-09-02
06670267,VAL DE MODER 77 CTT,67,Bas-Rhin,GES,Grand Est,La Walck,67350,GYMNASE Rue de l'Ecole,,,,sans-site,,,,,annuaire public FFTT (carte.fftt.com),2026-09-02
06670281,AMITIE LINGOLSHEIM,67,Bas-Rhin,GES,Grand Est,Lingolsheim,67380,Amitié Lingolsheim 19 rue de Geispolsheim,,,,sans-site,,,,,annuaire public FFTT (carte.fftt.com),2026-09-02
06670283,CLTT MENCHHOFFEN,67,Bas-Rhin,GES,Grand Est,Menchhoffen,67340,Salle des fêtes 9 rue d'Uttwiller,,,,sans-site,,,,,annuaire public FFTT (carte.fftt.com),2026-09-02
06670171,OBENHEIM Club Tennis Table,67,Bas-Rhin,GES,Grand Est,Obenheim,67230,Salle des Fetes Rue Neuve (a cote du Stade),,,,sans-site,,,,,annuaire public FFTT (carte.fftt.com),2026-09-02
06670122,OBERNAI CA,67,Bas-Rhin,GES,Grand Est,Obernai,67210,Ecole Primaire Pablo Picasso Rue du Marechal Juin Face Station TOTAL,,,,sans-site,,,,,annuaire public FFTT (carte.fftt.com),2026-09-02
06670275,OSTHOFFEN FC,67,Bas-Rhin,GES,Grand Est,Osthoffen,67990,Salle polyvalente Rue du foyer,,,,sans-site,,,,,annuaire public FFTT (carte.fftt.com),2026-09-02
06670027,ROSHEIM CA,67,Bas-Rhin,GES,Grand Est,Rosheim,67560,"Complexe Sportif du Neuland 15, rue Neuland derriere le stade de foot",https://www.ttrosheim.fr/,logos/67/06670027-rosheim-ca.webp,https://cdn.pepsup.com/resources/images/CLUBS/000/000/300/3002/IMAGE/logo.png?1764490492582,logo,#303030 #505050 #707070 #d0d0d0,clair,,,annuaire public FFTT (carte.fftt.com),2026-09-02
06670260,SARRE-UNION CTT,67,Bas-Rhin,GES,Grand Est,Sarre Union,67260,"La Corderie 4A, rue Vincent d'Indy",,,,sans-site,,,,,annuaire public FFTT (carte.fftt.com),2026-09-02
06670272,SCHILTIGHEIM Tennis de Table,67,Bas-Rhin,GES,Grand Est,Schiltigheim,67300,Complexe sportif Nelson Mandela 2 rue du Marais,,,,sans-site,,,,,annuaire public FFTT (carte.fftt.com),2026-09-02
06670187,SCHIRRHEIN-SCHIRRHOFFEN CSCSN,67,Bas-Rhin,GES,Grand Est,Schirrhein,67240,SALLE POLYVALENTE SCHIRRHEIN 3 rue du Foyer,http://tt.schirrhein-schirrhoffen.fr,,,aucun,,,,,annuaire public FFTT (carte.fftt.com),2026-09-02
06670279,Etoile Pongiste de SCHLEITHAL,67,Bas-Rhin,GES,Grand Est,Schleithal,67160,Salle de Tennis de Table Rue de la Paix,,,,sans-site,,,,,annuaire public FFTT (carte.fftt.com),2026-09-02
06670178,TT SOUFFEL,67,Bas-Rhin,GES,Grand Est,Souffelweyersheim,67460,Salle Polyvalente Rue des Sept-Arpents,,,,sans-site,,,,,annuaire public FFTT (carte.fftt.com),2026-09-02
06670066,SOULTZ SOUS FORETS TT,67,Bas-Rhin,GES,Grand Est,Soultz Sous Forets,67250,Gymnase Municipal Rue des Vignes,,,,sans-site,,,,,annuaire public FFTT (carte.fftt.com),2026-09-02
06670078,Compagnie Transports Strasbourg,67,Bas-Rhin,GES,Grand Est,Strasbourg,67200,"Salle Gymnase St Florent 11, route d'Oberhausbergen Entree joueurs cote TRAM",,,,sans-site,,,,,annuaire public FFTT (carte.fftt.com),2026-09-02
06670107,CREDIT MUTUEL AS,67,Bas-Rhin,GES,Grand Est,Strasbourg,67000,"Salle Jeanne d'Arc (hall AGR) 28, rue Pierre de Coubertin",,,,sans-site,,,,,annuaire public FFTT (carte.fftt.com),2026-09-02
06670064,STRASBOURG AS EUROMETROPOLE,67,Bas-Rhin,GES,Grand Est,Strasbourg,67100,Hall Jeanne d'Arc Rue Pierre de Coubertin,,,,sans-site,,,,,annuaire public FFTT (carte.fftt.com),2026-09-02
06670011,STRASBOURG CHEMINOTS ASCS,67,Bas-Rhin,GES,Grand Est,Strasbourg,67000,"HALL WILSON, Parking SNCF Boulevard du President Wilson",http://ascs.euclide.org,,,aucun,,,,,annuaire public FFTT (carte.fftt.com),2026-09-02
06670092,STRASBOURG ELECTRICITE AS,67,Bas-Rhin,GES,Grand Est,Strasbourg,67000,"Salle FUSTEL 9, rue Aloyse Stoltz",https://ases-tt.kalisport.com/,logos/67/06670092-strasbourg-electricite-as.webp,https://ases-tt.kalisport.com/public/3094/upload/theme/kal-theme-logo-header.png,logo,#303090 #b0b0d0 #d0d0f0 #7070b0,clair,,,annuaire public FFTT (carte.fftt.com),2026-09-02
06670002,STRASBOURG ST JEAN CS 1852,67,Bas-Rhin,GES,Grand Est,Strasbourg,67000,Gymnase LOUVOIS 15 Rue Louvois,https://ttsaintjean.eu/,logos/67/06670002-strasbourg-st-jean-cs-1852.webp,https://ttsaintjean.eu/wp-content/uploads/2018/03/Logo-saint-jean-001-1024.png,logo,#90b0d0 #901010 #f0d0b0 #7090b0,clair,,,annuaire public FFTT (carte.fftt.com),2026-09-02
06670072,STRASBOURG ST JOSEPH,67,Bas-Rhin,GES,Grand Est,Strasbourg,67000,Complexe Sport.Esplanade 15 rue Louvois,,,,sans-site,,,,,annuaire public FFTT (carte.fftt.com),2026-09-02
06670265,US EGALITAIRE NEUDORF,67,Bas-Rhin,GES,Grand Est,Strasbourg,67100,US Egalitaire Neudorf 14 rue d'Altkirch Entre les deux terrains de foot,,,,sans-site,,,,,annuaire public FFTT (carte.fftt.com),2026-09-02
06670261,Avenir KOCHERSBERG TT,67,Bas-Rhin,GES,Grand Est,Willgottheim,67370,Gymnase Relais du Kochersberg Rue Principale - Cote stade,https://aktt.fr/index,logos/67/06670261-avenir-kochersberg-tt.svg,https://aktt.fr/static/img/AKTT_balle.svg,logo,,clair,,,annuaire public FFTT (carte.fftt.com),2026-09-02
06670257,AMICALE PONGISTE WOLXHEIM,67,Bas-Rhin,GES,Grand Est,Wolxheim,67120,"Salle Polyvalente 17, rue Principale",http://apwolxheim.free.fr/,,,aucun,,,,,annuaire public FFTT (carte.fftt.com),2026-09-02
06680119,COLMAR C.C.C. T.T.,68,Haut-Rhin,GES,Grand Est,,,,,,,sans-site,,,,,annuaire public FFTT (carte.fftt.com),2026-09-02
06680004,COLMAR MJC,68,Haut-Rhin,GES,Grand Est,,,,,,,sans-site,,,,,annuaire public FFTT (carte.fftt.com),2026-09-02
06680105,MULHOUSE TENNIS DE TABLE,68,Haut-Rhin,GES,Grand Est,,,,http://mulhousett.free.fr/,,,aucun,,,,,annuaire public FFTT (carte.fftt.com),2026-09-02
06680011,RIXHEIM PPA,68,Haut-Rhin,GES,Grand Est,,,,,,,sans-site,,,,,annuaire public FFTT (carte.fftt.com),2026-09-02
06680082,SAINT-LOUIS TT,68,Haut-Rhin,GES,Grand Est,,,,https://www.ttsaintlouis.com/,logos/68/06680082-saint-louis-tt.webp,https://static.wixstatic.com/media/4c139c_3e0744fb5ceb403b8669142b0082474c~mv2.gif,logo,#109010 #f0f0f0 #d0f0d0 #f0f0d0,clair,,,annuaire public FFTT (carte.fftt.com),2026-09-02
06680120,ANDOLSHEIM Tennis de Table,68,Haut-Rhin,GES,Grand Est,Andolsheim,68280,"Salle des Fetes 1, rue Principale Grand-Rue (Mairie)",,,,sans-site,,,,,annuaire public FFTT (carte.fftt.com),2026-09-02
06680128,BERGHEIM CSS,68,Haut-Rhin,GES,Grand Est,Bergheim,68750,Salle Specifique TT 17 Route du Vin Centre Socio-Culturel,http://www.cssbergheim-tt.com/,,,aucun,,,,,annuaire public FFTT (carte.fftt.com),2026-09-02
06680080,COLMAR AJE,68,Haut-Rhin,GES,Grand Est,Colmar,68000,"Maison des Associations 6, route d'Ingersheim - Bat. E",,,,sans-site,,,,,annuaire public FFTT (carte.fftt.com),2026-09-02
06680123,ENSISHEIM T.T.M.C,68,Haut-Rhin,GES,Grand Est,Ensisheim,68190,"Salle Polyvalente 49, rue de la 1er Armee",,,,sans-site,,,,,annuaire public FFTT (carte.fftt.com),2026-09-02
06680059,HORBOURG-WIHR TT,68,Haut-Rhin,GES,Grand Est,Horbourg Wihr,68180,Salle des Fetes Rue des Sports,,,,sans-site,,,,,annuaire public FFTT (carte.fftt.com),2026-09-02
06680102,HUNINGUE TTC,68,Haut-Rhin,GES,Grand Est,Huningue,68330,Maison des Sports 3 rue de Saint-Louis,https://ttch.fr/,logos/68/06680102-huningue-ttc.webp,https://ttch.fr/logo_agr.png,logo,#303030 #d01010 #909090 #503030,clair,,,annuaire public FFTT (carte.fftt.com),2026-09-02
06680091,ILLZACH TTSJB,68,Haut-Rhin,GES,Grand Est,Illzach,68110,COSEC du Stade Omnisports Rue du Stade,,,,sans-site,,,,,annuaire public FFTT (carte.fftt.com),2026-09-02
06680090,INGERSHEIM SSSA,68,Haut-Rhin,GES,Grand Est,Ingersheim,68040,"COSEC 15, Rte de Turckheim",,,,sans-site,,,,,annuaire public FFTT (carte.fftt.com),2026-09-02
06680071,ISSENHEIM TT,68,Haut-Rhin,GES,Grand Est,Issenheim,68500,Salle Robert Hasenfratz Rue Hasenfratz,,,,sans-site,,,,,annuaire public FFTT (carte.fftt.com),2026-09-02
06680140,KEMBS TT,68,Haut-Rhin,GES,Grand Est,Kembs,68680,Salle Polyvalente 2 allee Eugene Moser,,,,sans-site,,,,,annuaire public FFTT (carte.fftt.com),2026-09-02
06680130,VAL de LIEPVRE ASL,68,Haut-Rhin,GES,Grand Est,Lièpvre,68660,Salle Polyvalente 7a Route De Rombach-Le-Franc,,,,sans-site,,,,,annuaire public FFTT (carte.fftt.com),2026-09-02
06680115,MULHOUSE C.C.C. T-T,68,Haut-Rhin,GES,Grand Est,Mulhouse,68100,C.C.C. T-T. de MULHOUSE,,,,sans-site,,,,,annuaire public FFTT (carte.fftt.com),2026-09-02
06680006,MULHOUSE FC,68,Haut-Rhin,GES,Grand Est,Mulhouse,68100,Salle Jeanne d Arc 42 Bld des Allies,,,,sans-site,,,,,annuaire public FFTT (carte.fftt.com),2026-09-02
06680020,OSTHEIM CPPC,68,Haut-Rhin,GES,Grand Est,Ostheim,68150,Nouvelle Salle des Fetes Rue de Mittelwihr,,,,sans-site,,,,,annuaire public FFTT (carte.fftt.com),2026-09-02
06680144,RIEDISHEIM Tennis de Table,68,Haut-Rhin,GES,Grand Est,Rixheim,68170,SREG Chemin de Brunstatt,,,,sans-site,,,,,annuaire public FFTT (carte.fftt.com),2026-09-02
06680125,ROSENAU TT,68,Haut-Rhin,GES,Grand Est,Rosenau,68128,Complexe Sportif et Culturel rue du Sipes,,,,sans-site,,,,,annuaire public FFTT (carte.fftt.com),2026-09-02
06680138,SOULTZ CSM TT,68,Haut-Rhin,GES,Grand Est,Soultz Haut Rhin,68360,"Salle des Sports - Ecole Kraft 6, Place de l'Eglise",,,,sans-site,,,,,annuaire public FFTT (carte.fftt.com),2026-09-02
06680111,THANN TENNIS DE TABLE CLUB,68,Haut-Rhin,GES,Grand Est,Thann,68800,Centre Sportif Fernand Bourger COSEC - 10 Rue de la Paix,,,,sans-site,,,,,annuaire public FFTT (carte.fftt.com),2026-09-02
06680143,WILLER SUR THUR TTC,68,Haut-Rhin,GES,Grand Est,Willer Sur Thur,68760,Salle polyvalente 5 rue de la grande armée,,,,sans-site,,,,,annuaire public FFTT (carte.fftt.com),2026-09-02
06680116,WINTZFELDEN TT,68,Haut-Rhin,GES,Grand Est,Wintzfelden,68570,"Salle Polyvalente 2, rue de Soultzmatt",,,,sans-site,,,,,annuaire public FFTT (carte.fftt.com),2026-09-02
06680118,WITTELSHEIM MDPA TT,68,Haut-Rhin,GES,Grand Est,Wittelsheim,68310,Gymnase du Centre Rue du Parc,,,,sans-site,,,,,annuaire public FFTT (carte.fftt.com),2026-09-02
01690052,A.U.V.R RILLIEUX,69,Rhône,ARA,Auvergne-Rhône-Alpes,,,,https://www.auvrtt.com/,logos/69/01690052-a-u-v-r-rillieux.webp,https://www.auvrtt.com/media/uploaded/sites/3881/association/659bb69b6c315_64cb7b47e9744AUVRTT2023.png,logo,#101010 #105070 #103050 #103070,clair,,,annuaire public FFTT (carte.fftt.com),2026-09-02
01690002,AL CROIX ROUSSE,69,Rhône,ARA,Auvergne-Rhône-Alpes,,,,https://www.alcrtt.fr/,logos/69/01690002-al-croix-rousse.webp,https://www.alcrtt.fr/app/uploads/2017/08/Article-Reprise-600x200.jpg,logo,#d07010 #b09010 #d05010 #d09010,clair,,,annuaire public FFTT (carte.fftt.com),2026-09-02
01690062,AL VAISE SERIN,69,Rhône,ARA,Auvergne-Rhône-Alpes,,,,https://alvs-ping9.fr/,logos/69/01690062-al-vaise-serin.webp,https://alvs-ping9.fr/wp-content/uploads/2023/09/logo.jpg,logo,#10b0f0 #1090b0 #109090 #109030,clair,,,annuaire public FFTT (carte.fftt.com),2026-09-02
01690185,AS GREZIEU TT,69,Rhône,ARA,Auvergne-Rhône-Alpes,,,,https://asgrezieutt.sportsregions.fr/,logos/69/01690185-as-grezieu-tt.webp,https://asgrezieutt.sportsregions.fr/media/uploaded/sites/20795/association/6823591380c51_1000009158.png,logo,#707070 #d0d0d0 #303030 #505050,sombre,,,annuaire public FFTT (carte.fftt.com),2026-09-02
01690008,AS STE LYON BANQUE,69,Rhône,ARA,Auvergne-Rhône-Alpes,,,SALLE TT GERLAND 405 AV JEAN JAURES 69007 LYON 07,,,,sans-site,,,,,annuaire public FFTT (carte.fftt.com),2026-09-02
01690215,AS TENNIS DE TABLE LYON 6eme,69,Rhône,ARA,Auvergne-Rhône-Alpes,,,,https://www.asttlyon6.com/,logos/69/01690215-as-tennis-de-table-lyon-6eme.webp,https://www.asttlyon6.com/wp-content/uploads/2020/09/cropped-logo-lion-dos-180x180.png,logo,#b0b0b0 #303030 #707070 #505050,clair,,,annuaire public FFTT (carte.fftt.com),2026-09-02
01690175,ASUL Lyon 8 Tennis de Table,69,Rhône,ARA,Auvergne-Rhône-Alpes,,,Gymnase de l'espace 101 16 rue Commandant Pegout 69008 LYON 08,https://www.asul8tt.com/,logos/69/01690175-asul-lyon-8-tennis-de-table.webp,https://www.asul8tt.com/media/uploaded/sites/311/association/58ff97216520c_hdiliflcaceijpem.png,logo,#3050b0 #d03030 #105090 #305090,clair,,,annuaire public FFTT (carte.fftt.com),2026-09-02
01690196,BRON TT,69,Rhône,ARA,Auvergne-Rhône-Alpes,,,,https://www.brontennisdetable.fr/,logos/69/01690196-bron-tt.webp,https://www.brontennisdetable.fr/media/uploaded/sites/2968/association/5d90c68ce1c04_logobronttFichier4.png,logo,#101070 #d0d0f0 #b0b0d0 #7070b0,clair,,,annuaire public FFTT (carte.fftt.com),2026-09-02
01690112,CHAMPAGNE TT,69,Rhône,ARA,Auvergne-Rhône-Alpes,,,,https://www.champagne-tennis-de-table.fr/page/2757157-actualites,logos/69/01690112-champagne-tt.webp,https://app.assoconnect.com/services/storage?id=4370281&type=picture&secret=qx43nGD1MnPZGFr9A1yWseZcdm5NAgLRYVANAcDP&timestamp=1776325379&size=small,logo,#103070 #507090 #f0f0f0 #305070,clair,,,annuaire public FFTT (carte.fftt.com),2026-09-02
01690211,Club Pongiste PUSIGNAN,69,Rhône,ARA,Auvergne-Rhône-Alpes,,,,,,,sans-site,,,,,annuaire public FFTT (carte.fftt.com),2026-09-02
01690197,CORBAS TENNIS DE TABLE,69,Rhône,ARA,Auvergne-Rhône-Alpes,,,,https://corbastt.wordpress.com/,logos/69/01690197-corbas-tennis-de-table.webp,https://corbastt.wordpress.com/wp-content/uploads/2020/06/cropped-image-news8-1-1.jpg,logo,#101010 #303030 #b0b0b0 #d0d0d0,clair,,,annuaire public FFTT (carte.fftt.com),2026-09-02
01690102,ES MESSIMY,69,Rhône,ARA,Auvergne-Rhône-Alpes,,,,https://www.esmessimy.org/les-activites/tennis-de-table,,,aucun,,,,,annuaire public FFTT (carte.fftt.com),2026-09-02
01690030,FRAT OULLINS - PIERRE-BENITE TT,69,Rhône,ARA,Auvergne-Rhône-Alpes,,,,,,,sans-site,,,,,annuaire public FFTT (carte.fftt.com),2026-09-02
01690186,LYON 7 TT GERLAND,69,Rhône,ARA,Auvergne-Rhône-Alpes,,,Salle TT GERLAND 405 avenue Jean Jaures 69007 LYON 07,https://www.ttgerland.fr/,logos/69/01690186-lyon-7-tt-gerland.webp,https://www.ttgerland.fr/media/uploaded/sites/13794/association/66cb478ce605b_logodetoure.png,logo,#303090 #101010 #1070b0 #303030,clair,,,annuaire public FFTT (carte.fftt.com),2026-09-02
01690224,LYON EST SPORT TENNIS DE TABLE,69,Rhône,ARA,Auvergne-Rhône-Alpes,,,,,,,sans-site,,,,,annuaire public FFTT (carte.fftt.com),2026-09-02
01690218,MONQUI PONG,69,Rhône,ARA,Auvergne-Rhône-Alpes,,,,,,,sans-site,,,,,annuaire public FFTT (carte.fftt.com),2026-09-02
01690160,PL VILLETTE PAUL BERT,69,Rhône,ARA,Auvergne-Rhône-Alpes,,,Gymnase de l'harmonie 29 rue docteur Rebatel 69003 LYON 03,http://plvpb.com/index.php/sportives/tennis-de-table,,,aucun,,,,,annuaire public FFTT (carte.fftt.com),2026-09-02
01690154,PONTCHARRA - ST FORGEUX TT,69,Rhône,ARA,Auvergne-Rhône-Alpes,,,,https://pontcharra-saint-forgeuxtt.fr/,,,aucun,,,,,annuaire public FFTT (carte.fftt.com),2026-09-02
01690103,RHONE SPORTIF,69,Rhône,ARA,Auvergne-Rhône-Alpes,,,Salle des Cheminots 13 rue du belier 69002 LYON 02,https://rstt.fr/,logos/69/01690103-rhone-sportif.webp,https://rstt.fr/wp-content/uploads/2023/06/Pingouin-removebg-preview.png,logo,#f03030 #505050 #303030 #f0f0f0,clair,,,annuaire public FFTT (carte.fftt.com),2026-09-02
01690005,TT CHAZAY D AZERGUES,69,Rhône,ARA,Auvergne-Rhône-Alpes,,,,http://tt-chazay.fr,,,aucun,,,,,annuaire public FFTT (carte.fftt.com),2026-09-02
01690166,TT RHONE - GARON,69,Rhône,ARA,Auvergne-Rhône-Alpes,,,,https://ttrg.fr/,logos/69/01690166-tt-rhone-garon.webp,https://ttrg.fr/wp-content/uploads/2022/09/cropped-Logo-TTRGtailleok.jpg,logo,#301010 #303030 #103070 #101030,clair,,,annuaire public FFTT (carte.fftt.com),2026-09-02
01690029,US CHEMINOTS LYON,69,Rhône,ARA,Auvergne-Rhône-Alpes,,,US CHEMINOTS 13 rue du Belier 69002 LYON 02,,,,sans-site,,,,,annuaire public FFTT (carte.fftt.com),2026-09-02
01690221,VAL D'OZON TENNIS DE TABLE,69,Rhône,ARA,Auvergne-Rhône-Alpes,,,,https://valdozontt.fr/,logos/69/01690221-val-d-ozon-tennis-de-table.webp,https://valdozontt.fr/wp-content/uploads/2023/06/Logo-orange-Bleu-avec-A©criture.png,logo,#303090 #301010 #305090 #703010,clair,,,annuaire public FFTT (carte.fftt.com),2026-09-02
01690023,VILLEFRANCHE TTCAV,69,Rhône,ARA,Auvergne-Rhône-Alpes,,,,,,,sans-site,,,,,annuaire public FFTT (carte.fftt.com),2026-09-02
01690223,VILLEURBANNE TENNIS DE TABLE,69,Rhône,ARA,Auvergne-Rhône-Alpes,,,,https://www.villeurbanne-tt.fr/page/1544980-accueil,logos/69/01690223-villeurbanne-tennis-de-table.webp,https://app.assoconnect.com/services/storage?id=1923337&type=picture&secret=xS7M4GRaCAe51vVDuF5N4uw4wcp7WIxPanY1qyxd&timestamp=1775679371&size=small,logo,#1070b0 #1070d0 #105090 #103030,clair,,,annuaire public FFTT (carte.fftt.com),2026-09-02
01690141,ALBIGNY TENNIS DE TABLE,69,Rhône,ARA,Auvergne-Rhône-Alpes,Albigny Sur Saone,69250,"Maisons des Associations 1, Voie Nouvelle",,,,sans-site,,,,,annuaire public FFTT (carte.fftt.com),2026-09-02
01690079,AMPLEPUIS TTC,69,Rhône,ARA,Auvergne-Rhône-Alpes,Amplepuis,69550,Espace David Magat Chemin de Coucy rue des fontaines,,,,sans-site,,,,,annuaire public FFTT (carte.fftt.com),2026-09-02
01690040,ESPERANCE DE BRIGNAIS,69,Rhône,ARA,Auvergne-Rhône-Alpes,Brignais,69530,Compl sportif Pierre Minssieux Boulevard des sports,,,,sans-site,,,,,annuaire public FFTT (carte.fftt.com),2026-09-02
01690104,AS CALUIRE ET CUIRE,69,Rhône,ARA,Auvergne-Rhône-Alpes,Caluire Et Cuire,69300,COMPLEXE C GEOFFRAY LA TERRE DES LIEVRES 109 CH DE CREPIEUX,https://ascaluirett.sportsregions.fr/,logos/69/01690104-as-caluire-et-cuire.webp,https://ascaluirett.sportsregions.fr/media/uploaded/sites/2662/association/12509.jpg,logo,#f0d030 #f0f0f0 #f0d050 #705070,clair,,,annuaire public FFTT (carte.fftt.com),2026-09-02
01690047,JA CALUIRE,69,Rhône,ARA,Auvergne-Rhône-Alpes,Caluire Et Cuire,69300,GYMNASE CH. GEOFFRAY 109 CHEMIN DE CREPIEUX,https://www.jacaluire.org/,logos/69/01690047-ja-caluire.webp,"https://static.wixstatic.com/media/74588b_02c9748044c342048b96a86fd0feb591~mv2.jpg/v1/fill/w_99,h_60,al_c,q_80,usm_0.66_1.00_0.01,enc_avif,quality_auto/FFCO_LOGO_CMJN.jpg",logo,#f0f0f0 #d0d0d0 #303050 #9090b0,clair,,,annuaire public FFTT (carte.fftt.com),2026-09-02
01690169,CP CHAMBOST LONGESSAIGNE,69,Rhône,ARA,Auvergne-Rhône-Alpes,Chambost Longessaigne,69770,SALLE DES SPORTS 100 rue de la FRARIE rte de Panissieres vers le stade,https://www.cp-chambost-longessaigne.fr/,logos/69/01690169-cp-chambost-longessaigne.webp,https://www.cp-chambost-longessaigne.fr/storage/app/media/divers/logo_nofond_100.png,logo,#707070 #505050 #303030 #909090,clair,,,annuaire public FFTT (carte.fftt.com),2026-09-02
01690228,MJC CHAPONOST,69,Rhône,ARA,Auvergne-Rhône-Alpes,Chaponost,69630,Collège Françoise DOLTO 4 impasse du collège,,,,sans-site,,,,,annuaire public FFTT (carte.fftt.com),2026-09-02
01690001,AS MARCY CHARBONNIERES,69,Rhône,ARA,Auvergne-Rhône-Alpes,Charbonnieres Les Bains,69260,Salle sainte luce 30 av. Lamartine,,,,sans-site,,,,,annuaire public FFTT (carte.fftt.com),2026-09-02
01690206,TT COLOMBIER SAUGNIEU,69,Rhône,ARA,Auvergne-Rhône-Alpes,Colombier Saugnieu,69124,LA DAUPHINOISE 48 RTE DE PONT DE CHERUY,,,,sans-site,,,,,annuaire public FFTT (carte.fftt.com),2026-09-02
01690006,AL COURS LA VILLE,69,Rhône,ARA,Auvergne-Rhône-Alpes,Cours La Ville,69470,Complexe Sportif Paul Vallier 32 Boulevard Pierre de Coubertin,,,,sans-site,,,,,annuaire public FFTT (carte.fftt.com),2026-09-02
01690147,AF CRAPONNE,69,Rhône,ARA,Auvergne-Rhône-Alpes,Craponne,69290,Salle Multisports n?2 Ensemble stade Neveu Rue Joseph Moulin,,,,sans-site,,,,,annuaire public FFTT (carte.fftt.com),2026-09-02
01690109,ECULLY Tennis de Table,69,Rhône,ARA,Auvergne-Rhône-Alpes,Ecully,69130,Salle Chirpaz angle av. P. Santy et ch. grandvaux,,,,sans-site,,,,,annuaire public FFTT (carte.fftt.com),2026-09-02
01690138,ES GENAS AZIEU,69,Rhône,ARA,Auvergne-Rhône-Alpes,Genas,69740,Halle des sports Jacques Vabre 2 rue de la Fraternite Entree salle a droite sous DoJo,https://www.esgatt.com/,logos/69/01690138-es-genas-azieu.webp,https://www.esgatt.com/mub-356-225-f8f8f8/13291/actualite/6346f3648d09e_Capture.PNG,logo,#b0d0f0 #b0b0b0 #909090 #d0f0f0,clair,,,annuaire public FFTT (carte.fftt.com),2026-09-02
01690064,CP GIVORS,69,Rhône,ARA,Auvergne-Rhône-Alpes,Givors,69700,Gymnase de Bans Rue Renee Peillon,,,,sans-site,,,,,annuaire public FFTT (carte.fftt.com),2026-09-02
01690201,AL IRIGNY TT,69,Rhône,ARA,Auvergne-Rhône-Alpes,Irigny,69540,Gymnase de Champvillard chemin de Champvillard,http://ALTTIRIGNY.FR,,,aucun,,,,,annuaire public FFTT (carte.fftt.com),2026-09-02
01690013,ES JONAGE Tennis de table,69,Rhône,ARA,Auvergne-Rhône-Alpes,Jonage,69330,Salle Lionel Terray 8 Bld Louis Pradel,http://jonageping.free.fr/,logos/69/01690013-es-jonage-tennis-de-table.webp,http://jonageping.free.fr/images/logo%20castano.jpg,logo,#f0f0f0 #d0d0d0 #901010 #b01010,clair,,,annuaire public FFTT (carte.fftt.com),2026-09-02
01690041,CLUB ARBRESLOIS PONGISTE,69,Rhône,ARA,Auvergne-Rhône-Alpes,L Arbresle,69210,Salle de la Turdine 116 rue Michelet,https://www.club-arbreslois-pongiste.fr/,logos/69/01690041-club-arbreslois-pongiste.webp,https://www.club-arbreslois-pongiste.fr/wp-content/uploads/2026/01/logo-cap_03_export_transparent.png,logo,#101030 #70f0f0 #f01030 #70d0f0,clair,,,annuaire public FFTT (carte.fftt.com),2026-09-02
01690212,Etoile Pongiste Belleville Commu,69,Rhône,ARA,Auvergne-Rhône-Alpes,Lancie,69220,LANCIE ARENA 1313 Route du Beaujolais,,,,sans-site,,,,,annuaire public FFTT (carte.fftt.com),2026-09-02
01690058,FJEP MEYZIEU,69,Rhône,ARA,Auvergne-Rhône-Alpes,Meyzieu,69330,Salle Octogone 139 rue de la Republique Parc des Servizieres,https://meyzieutt.fr/,logos/69/01690058-fjep-meyzieu.webp,https://meyzieutt.fr/public/3989/upload/theme/kal-theme-logo-header.png,logo,#f03010 #f01010 #f09090 #f07070,clair,,,annuaire public FFTT (carte.fftt.com),2026-09-02
01690207,Club Pongiste Mioland,69,Rhône,ARA,Auvergne-Rhône-Alpes,Mions,69780,GYMNASE DES TILLEULS 9 avenue des tilleuls allée du collège,https://cpm.sportsregions.fr/,,,aucun,,,,,annuaire public FFTT (carte.fftt.com),2026-09-02
01690192,US MONTANAY PONGISTE,69,Rhône,ARA,Auvergne-Rhône-Alpes,Montanay,69250,SALLE DES SPORTS MONTANAY ROUTE DES ECHETS a cote du terrain de foot,,,,sans-site,,,,,annuaire public FFTT (carte.fftt.com),2026-09-02
01690167,AS MORNANT TT,69,Rhône,ARA,Auvergne-Rhône-Alpes,Mornant,69440,Salle polyvalente de la Tannerie Chemin de la Tannerie Pres du Boulodrome,http://asmornanttt.wifeo.com/,,,aucun,,,,,annuaire public FFTT (carte.fftt.com),2026-09-02
01690184,AS POMEYS TT,69,Rhône,ARA,Auvergne-Rhône-Alpes,Pomeys,69590,Salle Saint Roch D71,http://www.aspomeystt.fr/,logos/69/01690184-as-pomeys-tt.webp,http://www.aspomeystt.fr/favicon.ico,favicon,#1070b0 #107090 #3090b0 #d0f0f0,clair,,,annuaire public FFTT (carte.fftt.com),2026-09-02
01690226,SAINT JEAN DES VIGNES SPORTS,69,Rhône,ARA,Auvergne-Rhône-Alpes,Saint-Jean-Des-Vignes,69380,Salle de l'école communale 14 Rue Saint-Vincent,,,,sans-site,,,,,annuaire public FFTT (carte.fftt.com),2026-09-02
01690156,FR SOUZY,69,Rhône,ARA,Auvergne-Rhône-Alpes,Souzy,69610,Salle des sports 187 Rue De L'école,https://www.frsouzy.com/,logos/69/01690156-fr-souzy.webp,https://www.frsouzy.com/icon.png,logo,#d0d0d0 #b0b0b0 #909090 #303030,clair,,,annuaire public FFTT (carte.fftt.com),2026-09-02
01690107,TT ST GENIS LAVAL,69,Rhône,ARA,Auvergne-Rhône-Alpes,St Genis Laval,69230,Gymnase Paul d Aubarede 81 route de Vourles,https://ttsgl.com/,logos/69/01690107-tt-st-genis-laval.webp,https://ttsgl.com/wp-content/uploads/2024/09/cropped-BON-LOGO-RVB.png,logo,#103090 #f01010 #5070b0 #305090,clair,,,annuaire public FFTT (carte.fftt.com),2026-09-02
01690220,ENT ST GENOISE,69,Rhône,ARA,Auvergne-Rhône-Alpes,St Genis Les Ollieres,69290,Gymnase La Vuldy Place Charles de GAULLE,,,,sans-site,,,,,annuaire public FFTT (carte.fftt.com),2026-09-02
01690199,ASCE Tennis de Table Murois,69,Rhône,ARA,Auvergne-Rhône-Alpes,St Laurent De Mure,69720,Gymnase Andre Malraux rue Andre Malraux,https://www.saintbonnetdemure.com/association/asc-lechange-tennis-de-table/,,,aucun,,,,,annuaire public FFTT (carte.fftt.com),2026-09-02
01690105,Club Pongiste ST PRIEST,69,Rhône,ARA,Auvergne-Rhône-Alpes,St Priest,69800,Groupe scolaire H.Berlioz 17 rue Garibaldi,http://cpsaintpriest.blogspot.fr/,,,aucun,,,,,annuaire public FFTT (carte.fftt.com),2026-09-02
01420165,Entente ASS-ASC-TT CHAZELLES,69,Rhône,ARA,Auvergne-Rhône-Alpes,St Symphorien Sur Coise,69590,Gymnase de la Platiere Les Tanneries 78 Rue des Tanneries,,,,sans-site,,,,,annuaire public FFTT (carte.fftt.com),2026-09-02
01690090,CHARCOT STE FOY LES LYON,69,Rhône,ARA,Auvergne-Rhône-Alpes,Ste Foy Les Lyon,69110,Gymnase Barlet 30 avenue du 11 novembre,https://charcotping.com/,logos/69/01690090-charcot-ste-foy-les-lyon.webp,https://charcotping.com/wp-content/uploads/2023/05/logo-sainte-foy-les-lyon.png,logo,#d0d0d0 #f0f0f0 #b0b0b0 #f0f0d0,sombre,,,annuaire public FFTT (carte.fftt.com),2026-09-02
01690123,CSAN TARARE TENNIS TABLE,69,Rhône,ARA,Auvergne-Rhône-Alpes,Tarare,69170,CSAN TARARE TT (salle spe 12 rue des Ayets,,,,sans-site,,,,,annuaire public FFTT (carte.fftt.com),2026-09-02
01690181,TASSIN CLUB PONGISTE,69,Rhône,ARA,Auvergne-Rhône-Alpes,Tassin La Demi Lune,69160,GYMNASE DES CROISETTES 5 RUE MATHIEU MISERY,,,,sans-site,,,,,annuaire public FFTT (carte.fftt.com),2026-09-02
01690031,AL CHARREARD VENISSIEUX,69,Rhône,ARA,Auvergne-Rhône-Alpes,Venissieux,69200,Gymnase Charreard 12 rue Ethel et Julius Rosenberg Salle jaune au fond de la cours,https://www.alcv.fr/,logos/69/01690031-al-charreard-venissieux.webp,https://dovendi.b-cdn.net/src/assets/favicon.png,favicon,#f09030,clair,,,annuaire public FFTT (carte.fftt.com),2026-09-02
02700002,ETOILE MOTTE VESOUL,70,Haute-Saône,BFC,Bourgogne-Franche-Comté,,,,https://www.emvesoul.fr/,logos/70/02700002-etoile-motte-vesoul.webp,https://www.emvesoul.fr/media/uploaded/sites/18262/association/5fb997bf7989a_logo2.png,logo,#b0b0b0 #d0d0d0 #909090 #303030,clair,,,annuaire public FFTT (carte.fftt.com),2026-09-02
02700005,VAUVILLERS-JUSSEY TENNIS DE TAB,70,Haute-Saône,BFC,Bourgogne-Franche-Comté,,,,https://www.vauvillerstt.club/,,,aucun,,,,,annuaire public FFTT (carte.fftt.com),2026-09-02
02700094,ASTT BUCEY LES GY,70,Haute-Saône,BFC,Bourgogne-Franche-Comté,Bucey Les Gy,70700,SALLE DES FETES PLACE DU TRANOT,https://astt-bucey.kalisport.com/,logos/70/02700094-astt-bucey-les-gy.webp,https://astt-bucey.kalisport.com/public/9079/upload/theme/kal-theme-logo-header.jpg,logo,#103050 #f01050 #f0f0f0 #101050,clair,,,annuaire public FFTT (carte.fftt.com),2026-09-02
02700036,AML CHAMPLITTE,70,Haute-Saône,BFC,Bourgogne-Franche-Comté,Champlitte,70600,SALLE DES FETES ALLEE DU SAINFOIN,,,,sans-site,,,,,annuaire public FFTT (carte.fftt.com),2026-09-02
02700085,TT FOUGEROLLAIS,70,Haute-Saône,BFC,Bourgogne-Franche-Comté,Fougerolles,70220,ESPACE PAUL SIMON PLACE CHARLES DE GAULLE Salle bleue a l'etage,http://ttfougerolles.free.fr/,logos/70/02700085-tt-fougerollais.webp,http://ttfougerolles.free.fr/logo.jpg,logo,#d0d0d0 #707070 #b0b0b0 #909090,clair,,,annuaire public FFTT (carte.fftt.com),2026-09-02
02700018,AL GRAY,70,Haute-Saône,BFC,Bourgogne-Franche-Comté,Gray,70100,ECOLE PREVERT Rue Victor Hugo,,,,sans-site,,,,,annuaire public FFTT (carte.fftt.com),2026-09-02
02700074,LE VAL ST ELOI TT - LA BANNIE,70,Haute-Saône,BFC,Bourgogne-Franche-Comté,Le Val St Eloi,70160,POLYVALENTE MAIRIE,,,,sans-site,,,,,annuaire public FFTT (carte.fftt.com),2026-09-02
02700093,TT LURE,70,Haute-Saône,BFC,Bourgogne-Franche-Comté,Lure,70200,GYMNASE BROSSET BOULEVARD DU GENERAL BROSSET SECTEUR DU MORTARD,,,,sans-site,,,,,annuaire public FFTT (carte.fftt.com),2026-09-02
02700030,NOIDANS TENNIS DE TABLE,70,Haute-Saône,BFC,Bourgogne-Franche-Comté,Noidans Les Vesoul,70000,COMPLEXE SPORTIF,,,,sans-site,,,,,annuaire public FFTT (carte.fftt.com),2026-09-02
02700087,Club des Jeunes RADDON LUXEUIL,70,Haute-Saône,BFC,Bourgogne-Franche-Comté,Raddon Et Chapendu,70280,MAISON DES JEUNES RUE DE FOUGEROLLES,,,,sans-site,,,,,annuaire public FFTT (carte.fftt.com),2026-09-02
02700075,TENNIS DE TABLE RONCHAMP,70,Haute-Saône,BFC,Bourgogne-Franche-Comté,Ronchamp,70250,TENNIS DE TABLE RONCHAMP Place du 14 Juillet,,,,sans-site,,,,,annuaire public FFTT (carte.fftt.com),2026-09-02
02700046,LA SAUTERELLE de SAULX,70,Haute-Saône,BFC,Bourgogne-Franche-Comté,Saulx,70240,SALLE POLYVALENTE,,,,sans-site,,,,,annuaire public FFTT (carte.fftt.com),2026-09-02
02700015,T T SERVANCE MELISEY,70,Haute-Saône,BFC,Bourgogne-Franche-Comté,Servance,70440,T T SERVANCE MELISEY 3 RUE DE BOURGAGOTTE,,,,sans-site,,,,,annuaire public FFTT (carte.fftt.com),2026-09-02
02700077,CTT VALLONS FLEURIS,70,Haute-Saône,BFC,Bourgogne-Franche-Comté,Sornay,70150,SALLE DES FETES,,,,sans-site,,,,,annuaire public FFTT (carte.fftt.com),2026-09-02
02700014,SAINT LOUP SUR SEMOUSE,70,Haute-Saône,BFC,Bourgogne-Franche-Comté,St Loup Sur Semouse,70800,GYMNASE ROUTE DE LUXEUIL SALLE CLAUDE GOFFINET,,,,sans-site,,,,,annuaire public FFTT (carte.fftt.com),2026-09-02
02700089,TT PORT-VAIVRE-ASPTT VESOUL,70,Haute-Saône,BFC,Bourgogne-Franche-Comté,Vaivre Et Montoille,70000,GYMNASE,,,,sans-site,,,,,annuaire public FFTT (carte.fftt.com),2026-09-02
02710049,AS ST VINCENT-BRAGNY,71,Saône-et-Loire,BFC,Bourgogne-Franche-Comté,,,,,,,sans-site,,,,,annuaire public FFTT (carte.fftt.com),2026-09-02
02710023,ASL CHATENOY LE ROYAL TT,71,Saône-et-Loire,BFC,Bourgogne-Franche-Comté,,,,https://aslchatenoy.clubeo.com/,logos/71/02710023-asl-chatenoy-le-royal-tt.webp,https://s1.static-clubeo.com/100/uploads/aslchatenoy/logo__76ajnbux2.png,logo,#303030 #505050 #707070 #103010,clair,,,annuaire public FFTT (carte.fftt.com),2026-09-02
02710048,ATT DU BREUIL,71,Saône-et-Loire,BFC,Bourgogne-Franche-Comté,,,,,,,sans-site,,,,,annuaire public FFTT (carte.fftt.com),2026-09-02
02710002,MACON TT,71,Saône-et-Loire,BFC,Bourgogne-Franche-Comté,,,,https://www.macontennisdetable.fr/,logos/71/02710002-macon-tt.webp,https://www.macontennisdetable.fr/images/logo/logovrai.png,logo,#1090d0 #1070b0 #105090 #103070,clair,,,annuaire public FFTT (carte.fftt.com),2026-09-02
02710035,MONTCHANIN TT,71,Saône-et-Loire,BFC,Bourgogne-Franche-Comté,,,,https://www.montchanintt.fr/,logos/71/02710035-montchanin-tt.webp,https://www.montchanintt.fr/modules/mod_galleryfp/galleries/96/andre.jpg,logo,#909090 #505050 #707070 #909070,clair,,,annuaire public FFTT (carte.fftt.com),2026-09-02
02710036,SAINT REMY T.T.,71,Saône-et-Loire,BFC,Bourgogne-Franche-Comté,,,,https://saintremytennisdetable.jimdo.com/,,,aucun,,,,,annuaire public FFTT (carte.fftt.com),2026-09-02
02710067,UP CREUSOT VARENNES,71,Saône-et-Loire,BFC,Bourgogne-Franche-Comté,,,,https://upcv.fr/,logos/71/02710067-up-creusot-varennes.webp,https://upcv.fr/wp-content/uploads/2025/01/cropped-logo-upcv-carre.png?w=180,logo,#f01010 #f0f0f0 #d0d0d0 #f0d0d0,clair,,,annuaire public FFTT (carte.fftt.com),2026-09-02
02710042,VAILLANTE AUTUN-TT,71,Saône-et-Loire,BFC,Bourgogne-Franche-Comté,Autun,71400,SALLE LA VAILLANTE 1 Avenue Jules Basdevant,,,,sans-site,,,,,annuaire public FFTT (carte.fftt.com),2026-09-02
02710072,TT ASSOCIATION SOMME-LOIRE,71,Saône-et-Loire,BFC,Bourgogne-Franche-Comté,Bourbon Lancy,71140,Salle Spe Complexe M. Gautheraut Place Marc GAUTHERAUT,https://tt-bourbon71.clubeo.com/,logos/71/02710072-tt-association-somme-loire.webp,https://s1.static-clubeo.com/250/uploads/tt-bourbon71/logo__76al5gket.png,logo,#101010 #301010 #f05050 #303030,clair,,,annuaire public FFTT (carte.fftt.com),2026-09-02
02710025,CHAGNY TENNIS DE TABLE,71,Saône-et-Loire,BFC,Bourgogne-Franche-Comté,Chagny,71150,SALLE ROGER MILAN PLACE MARCEL CHAROLLAIS,https://www.chagnytt.fr/,logos/71/02710025-chagny-tennis-de-table.webp,https://www.chagnytt.fr/images/TTC//ttc-mittelbach.jpg,logo,#f0f0f0 #d0d0d0 #b0b0d0 #90b0b0,clair,,,annuaire public FFTT (carte.fftt.com),2026-09-02
02710008,CHALON TENNIS DE TABLE,71,Saône-et-Loire,BFC,Bourgogne-Franche-Comté,Chalon Sur Saone,71100,COSEC Nord 4 route de Demigny Stade Leo Lagrange,https://chalon-tt-71.clubeo.com/,logos/71/02710008-chalon-tennis-de-table.webp,https://s3.static-clubeo.com/images/portal/home_logo_clubeo__ss8us5.png,logo,#f0f0f0 #d0d0d0 #f09050 #d05010,clair,,,annuaire public FFTT (carte.fftt.com),2026-09-02
02710051,E.P.L.R. CHARNAY,71,Saône-et-Loire,BFC,Bourgogne-Franche-Comté,Charnay Les Macon,71850,SALLE DE SPORT LA BATIE 2 RUE DE LA VERCHERE,https://www.eplrcharnay.com/,,,aucun,,,,,annuaire public FFTT (carte.fftt.com),2026-09-02
01420144,TT CHAUFFAILLES LES SALEVE,71,Saône-et-Loire,BFC,Bourgogne-Franche-Comté,Chauffailles,71170,ESPACE JULIEN COQUARD RUE PIERRE DE COUBERTIN (entree cote piscine),,,,sans-site,,,,,annuaire public FFTT (carte.fftt.com),2026-09-02
02710086,GENELARD-PARAY TENNIS DE TABLE,71,Saône-et-Loire,BFC,Bourgogne-Franche-Comté,Génelard,71420,COMPLEXE SPORTIF CLAUDE BUSSEUIL 3 Rue Jules Ferry,,,,sans-site,,,,,annuaire public FFTT (carte.fftt.com),2026-09-02
02710005,FC GUEUGNON,71,Saône-et-Loire,BFC,Bourgogne-Franche-Comté,Gueugnon,71130,SALLE DE TENNIS DE TABLE PLACE DE GAULLE,https://fc-gueugnon-tt.fr/,logos/71/02710005-fc-gueugnon.webp,https://fc-gueugnon-tt.fr/__sites__/gueugnon.tt/img/gtt-logo_fcgtt_seul-151208.jpg?1783633806,logo,#f01010 #f0d030 #f01050 #f0f0f0,clair,,,annuaire public FFTT (carte.fftt.com),2026-09-02
02710082,BRESSE PING - TENNIS DE TABLE,71,Saône-et-Loire,BFC,Bourgogne-Franche-Comté,Louhans,71500,Salle MultiSports 293 RUE DES ECOLES Chateaurenaud,https://bresse-ping.com/,logos/71/02710082-bresse-ping-tennis-de-table.webp,https://bresse-ping.com/wp-content/uploads/2024/10/BRESSE-PING-TENNIS-DE-TABLE.png,logo,#5070f0 #d0d0f0 #7090f0 #90b0f0,clair,,,annuaire public FFTT (carte.fftt.com),2026-09-02
02710071,T.T. HAUT MACONNAIS,71,Saône-et-Loire,BFC,Bourgogne-Franche-Comté,Lugny,71260,GYMNASE VICTOR HUGO Route de Folie,,,,sans-site,,,,,annuaire public FFTT (carte.fftt.com),2026-09-02
02710083,CLUB PONGISTE MONTCELLIEN,71,Saône-et-Loire,BFC,Bourgogne-Franche-Comté,Montceau Les Mines,71300,COSEC JEAN MOULIN RUE MARCEL PAGNOL,,,,sans-site,,,,,annuaire public FFTT (carte.fftt.com),2026-09-02
02710041,J.S. OUROUX TT,71,Saône-et-Loire,BFC,Bourgogne-Franche-Comté,Ouroux Sur Saone,71370,Salle G.DANGIN Complexe communal 25 Rue Gaillard,,,,sans-site,,,,,annuaire public FFTT (carte.fftt.com),2026-09-02
02710084,SENNECEY LE GRAND TENNIS DE TABL,71,Saône-et-Loire,BFC,Bourgogne-Franche-Comté,Sennecey Le Grand,71240,gymnase municipal Rue de Muriers,https://senneceytt.wixsite.com/senneceytt,logos/71/02710084-sennecey-le-grand-tennis-de-tabl.webp,"https://static.wixstatic.com/media/39b520_635cbc1a3bb74e9d8ae2f6827e2008d5~mv2.png/v1/fill/w_267,h_138,al_c,q_85,usm_0.66_1.00_0.01,enc_avif,quality_auto/39b520_635cbc1a3bb74e9d8ae2f6827e2008d5~mv2.png",logo,#3070d0 #3050d0 #f0f010 #303030,clair,,,annuaire public FFTT (carte.fftt.com),2026-09-02
12720008,ARNAGE US,72,Sarthe,PDL,Pays de la Loire,,,,,,,sans-site,,,,,annuaire public FFTT (carte.fftt.com),2026-09-02
12720056,LA FLECHE TENNIS DE TABLE,72,Sarthe,PDL,Pays de la Loire,,,,,,,sans-site,,,,,annuaire public FFTT (carte.fftt.com),2026-09-02
12720016,MULSANNE PPC,72,Sarthe,PDL,Pays de la Loire,,,,,,,sans-site,,,,,annuaire public FFTT (carte.fftt.com),2026-09-02
12720127,SILLE DU PAYS T.T.C.,72,Sarthe,PDL,Pays de la Loire,,,,https://www.ttcsille.fr/,logos/72/12720127-sille-du-pays-t-t-c.webp,https://www.ttcsille.fr/images/stories/fa2026_ttcsille.png,logo,#b0b090 #b0b0b0 #d0d0b0 #d0d0d0,clair,,,annuaire public FFTT (carte.fftt.com),2026-09-02
12720062,SPAY CP,72,Sarthe,PDL,Pays de la Loire,,,,,,,sans-site,,,,,annuaire public FFTT (carte.fftt.com),2026-09-02
12720079,ARCONNAY TT,72,Sarthe,PDL,Pays de la Loire,Arconnay,72610,ARCONNAY ASL Rue Leonard de Vinci,http://champion.chez.tiscali.fr,,,aucun,,,,,annuaire public FFTT (carte.fftt.com),2026-09-02
12720133,ASSE LE BOISNE TT,72,Sarthe,PDL,Pays de la Loire,Asse Le Boisne,72130,"HENRI BIZOT 5, rue Cellier",,,,sans-site,,,,,annuaire public FFTT (carte.fftt.com),2026-09-02
12720041,BONNETABLE P,72,Sarthe,PDL,Pays de la Loire,Bonnetable,72110,Complexe sportif Rue de Twistrigen Salle Jacques Secretin,https://bonnetable-ping-club.blogspot.com/,logos/72/12720041-bonnetable-p.webp,https://blogger.googleusercontent.com/img/b/R29vZ2xl/AVvXsEjt6X3I5WsKXTLmXS0Xk5iNvAJgpfEMcZk8LcNxfKgrJrmrLfHWDh0su9eOoBCU5cqKD9ZRdaB70pkfaXmMw5YZKwrG1SWZpheECbEs7pYqTMHPK_cRTNi-2fptZhioj1dxHzYiN2jTu6XevF035mXyZEs1e5qth4pV8U7p1-kTFue05EE1-CJG4zmifH0/s1600/logopingbonnetable.png,aucun,#f0f0f0 #1090d0 #d0f0f0 #107050,clair,,,annuaire public FFTT (carte.fftt.com),2026-09-02
12720110,FOULLETOURTE T.T.,72,Sarthe,PDL,Pays de la Loire,Cerans Foulletourte,72330,Espace Gerard Veron/Salle Orion rue de la Republique,,,,sans-site,,,,,annuaire public FFTT (carte.fftt.com),2026-09-02
12720091,CHAMPAGNE ESP,72,Sarthe,PDL,Pays de la Loire,Champagne,72470,Gymnase Jean Rondeau Esplanade de la Liberte,http://www.champagneping72.org/,,,aucun,,,,,annuaire public FFTT (carte.fftt.com),2026-09-02
12720051,CHANGE TT,72,Sarthe,PDL,Pays de la Loire,Changé,72560,salle Leon Liberge Rue Louise Michel (près du collège),,,,sans-site,,,,,annuaire public FFTT (carte.fftt.com),2026-09-02
12720021,CHATEAU DU LOIR ASCC,72,Sarthe,PDL,Pays de la Loire,Chateau Du Loir,72500,Salle JOJO DORVAL 206 rue du Val de Loir,,,,sans-site,,,,,annuaire public FFTT (carte.fftt.com),2026-09-02
12720078,CONNERRE-LOMBRON MJ,72,Sarthe,PDL,Pays de la Loire,Connerre,72160,Rue du petit train - Salle VEGA Rue du petit train Quai des Sports,,,,sans-site,,,,,annuaire public FFTT (carte.fftt.com),2026-09-02
12720028,COULAINES JS,72,Sarthe,PDL,Pays de la Loire,Coulaines,72190,salle Jacques Dubois Mairie de Coulaines square Weyhe,http://site.voila.fr/jsctt/index.html,,,aucun,,,,,annuaire public FFTT (carte.fftt.com),2026-09-02
12720092,DEGRE JS,72,Sarthe,PDL,Pays de la Loire,Degre,72550,Salle polyvalente Route du Mans,,,,sans-site,,,,,annuaire public FFTT (carte.fftt.com),2026-09-02
12720067,ETIVAL T.T.,72,Sarthe,PDL,Pays de la Loire,Étival-Lès-Le-Mans,72700,Complexe Gilbert Maurice Rue du Stade,,,,sans-site,,,,,annuaire public FFTT (carte.fftt.com),2026-09-02
12720029,FERCE US,72,Sarthe,PDL,Pays de la Loire,Ferce Sur Sarthe,72430,Salle du Temps Libre rue des Avelines,,,,sans-site,,,,,annuaire public FFTT (carte.fftt.com),2026-09-02
12720144,LA CHAPELLE ALTT,72,Sarthe,PDL,Pays de la Loire,La Chapelle St Aubin,72650,Complexe Sportif Raoul Rousslier Rue du Coup de Pied,https://www.asca-lavardintt.com/,logos/72/12720144-la-chapelle-altt.webp,https://www.asca-lavardintt.com/media/uploaded/sites/84/association/699f14a9a0f1e_2.gif,logo,#d03030 #d0d0d0 #f0f0f0 #b0b0b0,clair,,,annuaire public FFTT (carte.fftt.com),2026-09-02
12720102,LA CHARTRE A.P.,72,Sarthe,PDL,Pays de la Loire,La Chartre Sur Le Loir,72340,Salle Guy LACROIX rue Jacques Peletier,,,,sans-site,,,,,annuaire public FFTT (carte.fftt.com),2026-09-02
12720042,LA FERTE VS,72,Sarthe,PDL,Pays de la Loire,La Ferte Bernard,72400,Gerard Dutertre avenue du General de Gaulle,,,,sans-site,,,,,annuaire public FFTT (carte.fftt.com),2026-09-02
12720108,LA MILESSE TTA,72,Sarthe,PDL,Pays de la Loire,La Milesse,72650,Salle de Sport de l'Antonniere Route de Saint Saturnin,,,,sans-site,,,,,annuaire public FFTT (carte.fftt.com),2026-09-02
12720049,LA SUZE ES,72,Sarthe,PDL,Pays de la Loire,La Suze Sur Sarthe,72210,Salle Robert Renou rue de la maison neuve (parc des sports),http://eslasuze.e-monsite.com/,,,aucun,,,,,annuaire public FFTT (carte.fftt.com),2026-09-02
12720052,COLSG LAIGNE SAINT GERVAIS,72,Sarthe,PDL,Pays de la Loire,Laigné En Belin,72220,Complexe sportif Jean Claverie Complexe sportif Jean Claverie 28B rue des frères Bailleul,,,,sans-site,,,,,annuaire public FFTT (carte.fftt.com),2026-09-02
12720081,LE GRAND LUCE USTT,72,Sarthe,PDL,Pays de la Loire,Le Grand Luce,72150,Gymnase rue de la Torcheterie,,,,sans-site,,,,,annuaire public FFTT (carte.fftt.com),2026-09-02
12720154,LE LUDE C.P.,72,Sarthe,PDL,Pays de la Loire,Le Lude,72800,Gymnase du Pontfour,,,,sans-site,,,,,annuaire public FFTT (carte.fftt.com),2026-09-02
12720023,LE MANS ASPTT,72,Sarthe,PDL,Pays de la Loire,Le Mans,72000,Salle municipale Bd Charles Nicolle le petit vaurouze,https://lemans.asptt.com/activity/tennis-de-table/,,,aucun,,,,,annuaire public FFTT (carte.fftt.com),2026-09-02
12720155,LE MANS CSCM TT,72,Sarthe,PDL,Pays de la Loire,Le Mans,72100,SALLE APPRENTISSAGE 2 Avenue De Bretagne,,,,sans-site,,,,,annuaire public FFTT (carte.fftt.com),2026-09-02
12720104,LE MANS SARTHE TENNIS DE TABLE,72,Sarthe,PDL,Pays de la Loire,Le Mans,72000,Salle de Tennis de Table 51 rue Garnier Pages,https://lemanssarthetennisdetable.net/,logos/72/12720104-le-mans-sarthe-tennis-de-table.webp,https://lemanssarthetennisdetable.net/wp-content/uploads/2022/04/logo-Le-Mans-Sarthe-TT.png,logo,#3070b0 #3090d0 #305090 #90b0d0,clair,,,annuaire public FFTT (carte.fftt.com),2026-09-02
12720002,LE MANS U.S.M.,72,Sarthe,PDL,Pays de la Loire,Le Mans,72000,USM rue St Pavin des Champs,,,,sans-site,,,,,annuaire public FFTT (carte.fftt.com),2026-09-02
12720050,LE MANS VILLARET TT,72,Sarthe,PDL,Pays de la Loire,Le Mans,72000,Equipement de quartier Villaret 144 rue d'Isaac L'Oiseliere Centre Joel Bihoreau,https://www.lemans-villaret-tt.fr/,logos/72/12720050-le-mans-villaret-tt.webp,https://lemans-villaret-tt.fr/wp-content/uploads/2020/01/logovectorise.png,logo,#f03030 #301030 #301010 #303030,clair,,,annuaire public FFTT (carte.fftt.com),2026-09-02
12720153,LOUE Association Ping,72,Sarthe,PDL,Pays de la Loire,Loue,72540,gymnase intercommunal rue des Etats Unis,,,,sans-site,,,,,annuaire public FFTT (carte.fftt.com),2026-09-02
12720066,MAMERS CS,72,Sarthe,PDL,Pays de la Loire,Mamers,72600,Salle Jacques Moriceau rue de la piscine,,,,sans-site,,,,,annuaire public FFTT (carte.fftt.com),2026-09-02
12720020,MARESCHE E.P. 138,72,Sarthe,PDL,Pays de la Loire,Maresche,72170,Salle Robert Demelle Place Saint Martin,http://ep138.sitego.fr/,,,aucun,,,,,annuaire public FFTT (carte.fftt.com),2026-09-02
12720141,MAYET VIGILANTE TT,72,Sarthe,PDL,Pays de la Loire,Mayet,72360,Gymnase College avenue Max Boyer,,,,sans-site,,,,,annuaire public FFTT (carte.fftt.com),2026-09-02
12720070,MEZIERES S PONTHOUIN AS,72,Sarthe,PDL,Pays de la Loire,Mezieres Sur Ponthouin,72290,Salle JEAN LANOE Le Bourg,,,,sans-site,,,,,annuaire public FFTT (carte.fftt.com),2026-09-02
12720147,MONCE TENNIS DE TABLE,72,Sarthe,PDL,Pays de la Loire,Monce En Belin,72230,Halle de sport ZAC de la Massonniere (pres du coccimarket),,,,sans-site,,,,,annuaire public FFTT (carte.fftt.com),2026-09-02
12720117,MONTFORT TT,72,Sarthe,PDL,Pays de la Loire,Montfort Le Gesnois,72450,Salle omnisports route de St Corneille (pres des terrains de foot),https://montforttt.fr/,logos/72/12720117-montfort-tt.webp,https://montforttt.fr/public/6907/upload/theme/kal-theme-logo-footer.png,logo,#1070b0 #303050 #1070d0 #303070,clair,,,annuaire public FFTT (carte.fftt.com),2026-09-02
12720071,PARCE TT,72,Sarthe,PDL,Pays de la Loire,Parce Sur Sarthe,72300,Salle J-Y Dalivoust Stade,,,,sans-site,,,,,annuaire public FFTT (carte.fftt.com),2026-09-02
12720027,PARIGNE L'EVEQUE TTC,72,Sarthe,PDL,Pays de la Loire,Parigne L Eveque,72250,Salle Orion Allee de Chateauroux Complexe Sportif,https://www.ttcparigne.fr/,logos/72/12720027-parigne-l-eveque-ttc.webp,https://www.ttcparigne.fr/media/uploaded/sites/12532/association/635547d09f945_LOGOTTCPARIGNE2019NOIRFONDBLANCPETIT.png,logo,#d0d0d0 #505050 #303030 #b0b0b0,clair,,,annuaire public FFTT (carte.fftt.com),2026-09-02
12720009,RUAUDIN TENNIS DE TABLE,72,Sarthe,PDL,Pays de la Loire,Ruaudin,72230,Salle de tennis de table Chemin de la papiniere Route de Mulsanne,https://ttruaudin.clubeo.com/,logos/72/12720009-ruaudin-tennis-de-table.webp,https://s3.static-clubeo.com/250/uploads/ttruaudin/logo__76etgabtu.png,logo,#303030 #505050 #101010 #707070,clair,,,annuaire public FFTT (carte.fftt.com),2026-09-02
12720120,SABLE TENNIS DE TABLE,72,Sarthe,PDL,Pays de la Loire,Sable Sur Sarthe,72300,Gymnase du college Anjou 2 rue Francois Mauriac,https://sablett.fr/,logos/72/12720120-sable-tennis-de-table.webp,https://sablett.fr/wp-content/uploads/2023/08/LOGO-SABLE-TT-2023-SMALL.png,logo,#f0b030 #305050 #f07030 #f09050,clair,,,annuaire public FFTT (carte.fftt.com),2026-09-02
12720084,SAINT PAVACE AS/NEUVILLE,72,Sarthe,PDL,Pays de la Loire,Saint-Pavace,72190,SALLE D'ACTIVITE (proche Foot-Tennis-Cimetière) Rue Des Caillères,,,,sans-site,,,,,annuaire public FFTT (carte.fftt.com),2026-09-02
12720048,SAVIGNE L EVEQUE TT,72,Sarthe,PDL,Pays de la Loire,Savigne L Eveque,72460,Gymnase rue de la Pelouse,http://membres.lycos.fr/bourgeteau/,,,aucun,,,,,annuaire public FFTT (carte.fftt.com),2026-09-02
12720034,ANILLE BRAYE ABTT,72,Sarthe,PDL,Pays de la Loire,St Calais,72120,(1) Ancien Foyer socio-culturel 3 av de la gare (2) stade de la maladrerie,http://anillebrayett.e-monsite.com/,,,aucun,,,,,annuaire public FFTT (carte.fftt.com),2026-09-02
12720005,STE JAMME MAINE COEUR SARTHE TT,72,Sarthe,PDL,Pays de la Loire,Ste Jamme Sur Sarthe,72380,Salle 21 rue Jules Ferry,https://www.saintejammett.com/,logos/72/12720005-ste-jamme-maine-coeur-sarthe-tt.webp,https://www.saintejammett.com/wp-content/uploads/2024/09/Logo_Departement_Sarthe_2015.svg_.png,logo,#109030 #109050 #50b070 #70b090,clair,,,annuaire public FFTT (carte.fftt.com),2026-09-02
12720044,TELOCHE TT,72,Sarthe,PDL,Pays de la Loire,Teloche,72220,Salle Omnisports Complexe sporti place des olympiades,,,,sans-site,,,,,annuaire public FFTT (carte.fftt.com),2026-09-02
12720058,TRANGE Tennis de Table ASLC,72,Sarthe,PDL,Pays de la Loire,Trange,72650,Maison des Associations Route des Happelieres a cote salle municipale et foot),,,,sans-site,,,,,annuaire public FFTT (carte.fftt.com),2026-09-02
12720045,VIBRAYE ASTT,72,Sarthe,PDL,Pays de la Loire,Vibraye,72320,Stade Eugene Garnier Route de la Ferte Bernard,,,,sans-site,,,,,annuaire public FFTT (carte.fftt.com),2026-09-02
12720006,YVRE L EVEQUE E.P.,72,Sarthe,PDL,Pays de la Loire,Yvré-L'Évêque,72530,Palestre de L'Ormeau Allée des Ormeaux,,,,sans-site,,,,,annuaire public FFTT (carte.fftt.com),2026-09-02
01730090,PING ROCHETTOIS,73,Savoie,ARA,Auvergne-Rhône-Alpes,,,,,,,sans-site,,,,,annuaire public FFTT (carte.fftt.com),2026-09-02
01730033,T.T. LA BATHIE,73,Savoie,ARA,Auvergne-Rhône-Alpes,,,,https://tt-labathie.fr/,logos/73/01730033-t-t-la-bathie.webp,https://tt-labathie.fr/wp-content/uploads/2026/07/logo_ttlb.png,logo,#d0d0d0 #b0b0b0 #f0f0f0 #f01010,clair,,,annuaire public FFTT (carte.fftt.com),2026-09-02
01730076,ENTENTE AIX GRESY TT,73,Savoie,ARA,Auvergne-Rhône-Alpes,Aix Les Bains,73100,SALLE GAMONT CHEMIN DE GAMONT,https://aix-tt.fr/,logos/73/01730076-entente-aix-gresy-tt.webp,https://aix-tt.fr/wp-content/uploads/2026/05/2026-logo-tennis2table-sans-ombre-01-scaled.png,logo,#d0d0d0 #1070b0 #d01010 #b01010,clair,,,annuaire public FFTT (carte.fftt.com),2026-09-02
01730048,Tennis de table d' Albertville,73,Savoie,ARA,Auvergne-Rhône-Alpes,Albertville,73200,gymnase plaine de Conflans 13 rue lieutenant Eysseric,https://tt-albertville.fr/,logos/73/01730048-tennis-de-table-d-albertville.webp,https://tt-albertville.fr/wp-content/uploads/2023/11/logo-du-club.webp,logo,#305090 #f0d050 #b0b0d0 #103090,clair,,,annuaire public FFTT (carte.fftt.com),2026-09-02
01730068,CHAMBERY TENNIS DE TABLE,73,Savoie,ARA,Auvergne-Rhône-Alpes,Chambery,73000,GYMNASE Coeur de Merande 6 Avenue Docteur Desfrancois,https://chamberytt.com/,logos/73/01730068-chambery-tennis-de-table.webp,https://chamberytt.com/wp-content/uploads/2023/03/Logo.webp,logo,#f01010 #f0f0f0 #d0d0d0 #505050,clair,,,annuaire public FFTT (carte.fftt.com),2026-09-02
01730007,ELAN DU BIOLLAY TENNIS DE TABLE,73,Savoie,ARA,Auvergne-Rhône-Alpes,Chambery,73000,GYMNASE DU BIOLLAY 270 RUE ORADOUR SUR GLANE,https://elan-biollay.clubeo.com/,logos/73/01730007-elan-du-biollay-tennis-de-table.webp,https://s2.static-clubeo.com/100/uploads/elan-biollay/logo__76a9t1qdc.png,logo,#707070 #30f030 #f0f0f0 #30d030,clair,,,annuaire public FFTT (carte.fftt.com),2026-09-02
01730096,MAURIENNE TENNIS DE TABLE,73,Savoie,ARA,Auvergne-Rhône-Alpes,La Chambre,73130,Espace Maurice PERRIER Place du champ de foire,,,,sans-site,,,,,annuaire public FFTT (carte.fftt.com),2026-09-02
01730051,T.T. LA MOTTE SERVOLEX,73,Savoie,ARA,Auvergne-Rhône-Alpes,La Motte Servolex,73290,GYMNASE DE L EPINE SALLE DE L'ETANG 2349 AVENUE RENE CASSIN,https://ttlms.fr/,logos/73/01730051-t-t-la-motte-servolex.webp,https://ttlms.fr/wp-content/uploads/2018/01/cropped-LogoTTLMS-1-180x180.png,logo,#707070 #5090d0 #f01030 #d0d0d0,clair,,,annuaire public FFTT (carte.fftt.com),2026-09-02
01730095,ASSOCIATION LES BELLEDONNES,73,Savoie,ARA,Auvergne-Rhône-Alpes,La Ravoire,73490,Lycée du Granier 185 av. Joseph FONTANET,,,,sans-site,,,,,annuaire public FFTT (carte.fftt.com),2026-09-02
01730083,ST GENIX - DOMESSIN T.T.,73,Savoie,ARA,Auvergne-Rhône-Alpes,St Genix Sur Guiers,73240,GYMNASE LA FORET ROUTE DU STADE,,,,sans-site,,,,,annuaire public FFTT (carte.fftt.com),2026-09-02
01730077,C.P ST JEAN DE MAURIENNE,73,Savoie,ARA,Auvergne-Rhône-Alpes,St Jean De Maurienne,73300,G.SEBASTIEN BERTHIER rue Charles Dullin,https://ttsaintjean.pagesperso-orange.fr/index.html,,,aucun,,,,,annuaire public FFTT (carte.fftt.com),2026-09-02
01730074,OLYMPIC CLUB TENNIS TABLE,73,Savoie,ARA,Auvergne-Rhône-Alpes,St Pierre D Albigny,73250,GYMNASE MUNICIPAL,,,,sans-site,,,,,annuaire public FFTT (carte.fftt.com),2026-09-02
01740077,ASSOC. PONGISTE VUACHE,74,Haute-Savoie,ARA,Auvergne-Rhône-Alpes,,,,,,,sans-site,,,,,annuaire public FFTT (carte.fftt.com),2026-09-02
01740038,CRAN ANNECY TT,74,Haute-Savoie,ARA,Auvergne-Rhône-Alpes,,,,,,,sans-site,,,,,annuaire public FFTT (carte.fftt.com),2026-09-02
01740057,PAYS ROCHOIS et GENEVOIS TT 74,74,Haute-Savoie,ARA,Auvergne-Rhône-Alpes,,,,https://prgtt.com/,logos/74/01740057-pays-rochois-et-genevois-tt-74.webp,https://prgtt.com/wp-content/uploads/2024/12/logo-collonges.png,logo,#f0f010 #10b0f0 #505050 #f01030,clair,,,annuaire public FFTT (carte.fftt.com),2026-09-02
01740020,STELLA THONON,74,Haute-Savoie,ARA,Auvergne-Rhône-Alpes,,,,https://www.tennisdetable-thonon.com/,logos/74/01740020-stella-thonon.webp,"https://static.wixstatic.com/media/12987e_1c43d9921f6f44788fb4f0060d56ae18~mv2.jpg/v1/fill/w_171,h_119,al_c,lg_1,q_80,enc_avif,quality_auto/logo_pk2c.jpg",logo,#b0b0b0 #d0d0d0 #101010 #505050,clair,,,annuaire public FFTT (carte.fftt.com),2026-09-02
01740045,TTC RUMILLY,74,Haute-Savoie,ARA,Auvergne-Rhône-Alpes,,,,,,,sans-site,,,,,annuaire public FFTT (carte.fftt.com),2026-09-02
01740001,ENTENTE PONGISTE AMBILLY,74,Haute-Savoie,ARA,Auvergne-Rhône-Alpes,Ambilly,74100,Gymnase municipal Lucien Veyrat 6 rue de la paix,https://epambilly.fr/,logos/74/01740001-entente-pongiste-ambilly.webp,https://epambilly.fr/wp-content/uploads/2024/08/Logo-EPA-Poulpe.jpeg,logo,#101010 #10b0b0 #909090 #303030,clair,,,annuaire public FFTT (carte.fftt.com),2026-09-02
01740003,ANNECY TENNIS DE TABLE,74,Haute-Savoie,ARA,Auvergne-Rhône-Alpes,Annecy,74000,"SALLE SONNERAT 12, RUE LOUIS BOCH",https://www.annecytt.fr/,logos/74/01740003-annecy-tennis-de-table.webp,https://www.annecytt.fr/wp-content/uploads/2025/10/136_850_Logo-Annecy-1.png,logo,#707070 #909090 #b0b0b0 #d0d0d0,clair,,,annuaire public FFTT (carte.fftt.com),2026-09-02
01740091,CSL BONS EN CHABLAIS,74,Haute-Savoie,ARA,Auvergne-Rhône-Alpes,Bons En Chablais,74890,Gymnase intercommunal rue du chatelard,,,,sans-site,,,,,annuaire public FFTT (carte.fftt.com),2026-09-02
01740044,CSTT CHAMONIX,74,Haute-Savoie,ARA,Auvergne-Rhône-Alpes,Chamonix Mont Blanc,74400,CENTRE SPORTIF RICHARD BOZON 214 AVENUE DE LA PLAGE,,,,sans-site,,,,,annuaire public FFTT (carte.fftt.com),2026-09-02
01740047,CLUSES TENNIS DE TABLE,74,Haute-Savoie,ARA,Auvergne-Rhône-Alpes,Cluses,74300,gymnase lycee Charles Poncet Entree 17 rue Ballaloud (gymnase bleu),,,,sans-site,,,,,annuaire public FFTT (carte.fftt.com),2026-09-02
01740010,CRUSEILLES TT,74,Haute-Savoie,ARA,Auvergne-Rhône-Alpes,Cruseilles,74350,Gymnase des Ebeaux 126 Avenue des Ebeaux Salle Annexe,https://www.cruseilles-tennis-de-table.com/,logos/74/01740010-cruseilles-tt.webp,https://static.wixstatic.com/media/050e74_637354e5d790431a8b6c3d33eab0614a~mv2.png,logo,#f0f0f0 #d0d0f0 #d01010 #90b0d0,clair,,,annuaire public FFTT (carte.fftt.com),2026-09-02
01740011,EVIAN SPORTS TENNIS DE TABLE,74,Haute-Savoie,ARA,Auvergne-Rhône-Alpes,Evian Les Bains,74500,SALLE JO GOY 2 bis Avenue Anna de Noailles,http://www.tennisdetableevian.com,,,aucun,,,,,annuaire public FFTT (carte.fftt.com),2026-09-02
01740075,PING GAILLARDIN,74,Haute-Savoie,ARA,Auvergne-Rhône-Alpes,Gaillard,74240,CTRE SPORTIF LOUIS SIMON 10 R.DU CHATELET,https://pinggaillardin.fr/,logos/74/01740075-ping-gaillardin.webp,https://pinggaillardin.fr/wp-content/uploads/2026/08/cropped-LogoPinggaillard22.png,logo,#f0b010 #909090 #707070 #b01010,clair,,,annuaire public FFTT (carte.fftt.com),2026-09-02
01740087,FILLIERE TENNIS DE TABLE,74,Haute-Savoie,ARA,Auvergne-Rhône-Alpes,Groisy,74570,"GYMNASE DU COLLEGE DU PARMELAN 207, Route de Lecy (porte laterale a gauche)",https://www.wp.fillierett.fr/,logos/74/01740087-filliere-tennis-de-table.webp,https://www.wp.fillierett.fr/wp-content/uploads/2025/05/cropped-cropped-cropped-Logo-sans-fond-572x512-px-1-1-1.png,logo,#b01030 #b01010 #d01030 #d03050,clair,,,annuaire public FFTT (carte.fftt.com),2026-09-02
01740094,ARAVIS TENNIS DE TABLE,74,Haute-Savoie,ARA,Auvergne-Rhône-Alpes,Les Villars Sur Thônes,74230,Salle des Fêtes 424 route du village,,,,sans-site,,,,,annuaire public FFTT (carte.fftt.com),2026-09-02
01740080,PING DE MARGENCEL,74,Haute-Savoie,ARA,Auvergne-Rhône-Alpes,Margencel,74200,GYMNASE DU COLLEGE MONOD 5 Route Des Cinq Chemins,,,,sans-site,,,,,annuaire public FFTT (carte.fftt.com),2026-09-02
01740069,Club de Tennis de Table de POISY,74,Haute-Savoie,ARA,Auvergne-Rhône-Alpes,Poisy,74330,GYMNASE DU COLLEGE 129 RUE DU COLLEGE Salle specialisee,https://www.ping-poisy.fr/,logos/74/01740069-club-de-tennis-de-table-de-poisy.webp,https://www.ping-poisy.fr/wp-content/uploads/2023/03/Logo-POISY-300x248.png,logo,#101010 #109090 #1070b0 #f03030,clair,,,annuaire public FFTT (carte.fftt.com),2026-09-02
01740090,TT LES GECKOS,74,Haute-Savoie,ARA,Auvergne-Rhône-Alpes,Reignier,74930,GYMNASE DU COLLEGE RUE DES ECOLES,https://www.ttlesgeckos.com/,logos/74/01740090-tt-les-geckos.webp,"https://assets.zyrosite.com/cdn-cgi/image/format=auto,w=216,fit=crop,q=95/mP4wN88gq3SrpyGM/logo_geckonheurs_1.0.a-YleDMy0D7bFvG6Ge.png",logo,#909090 #d0d0d0 #b0b0b0 #707070,clair,,,annuaire public FFTT (carte.fftt.com),2026-09-02
01740063,SALLANCHES TT,74,Haute-Savoie,ARA,Auvergne-Rhône-Alpes,Sallanches,74700,"Gymnase du Rosay 225, Rue du Capitaine Bulle",https://club.quomodo.com/sallanchestt/accueil,,,aucun,,,,,annuaire public FFTT (carte.fftt.com),2026-09-02
01740093,SEVRIER TENNIS DE TABLE,74,Haute-Savoie,ARA,Auvergne-Rhône-Alpes,Sevrier,74320,complexe d'animation Sévrier 2000 route d'Albertville,,,,sans-site,,,,,annuaire public FFTT (carte.fftt.com),2026-09-02
01740060,SEYNOD TENNIS DE TABLE,74,Haute-Savoie,ARA,Auvergne-Rhône-Alpes,Seynod,74600,GYMNASE DU SEMNOZ 34 RUE DU MURAILLON,https://seynod-tt.fr/,logos/74/01740060-seynod-tennis-de-table.webp,https://seynod-tt.fr/wp-content/uploads/2025/09/logo-def-STT-2024.png,logo,#303090 #d0d0d0 #103090 #f0d0b0,clair,,,annuaire public FFTT (carte.fftt.com),2026-09-02
01740065,ANNECY MANDALLAZ Tennis de Table,74,Haute-Savoie,ARA,Auvergne-Rhône-Alpes,Sillingy,74330,GYMNASE DE LA MANDALLAZ 97 Route Des Écoles COLLEGE LA MANDALLAZ,http://www.avstt.com/,,,aucun,,,,,annuaire public FFTT (carte.fftt.com),2026-09-02
01740095,VIE A VEIGY,74,Haute-Savoie,ARA,Auvergne-Rhône-Alpes,Veigy-Foncenex,74140,Salle d'animation 166b Route du chablais,,,,sans-site,,,,,annuaire public FFTT (carte.fftt.com),2026-09-02
01740096,VETRAZPING,74,Haute-Savoie,ARA,Auvergne-Rhône-Alpes,Vétraz-Monthoux,74100,GYMNASE ALICE MILLIAT Chemin des Fontaines,,,,sans-site,,,,,annuaire public FFTT (carte.fftt.com),2026-09-02
08751412,A S VIETNAM,75,Paris,IDF,Île-de-France,,,"Gymnase Carpentier 81, Bd Massena 75013 PARIS 13",,,,sans-site,,,,,annuaire public FFTT (carte.fftt.com),2026-09-02
08751177,AP 17,75,Paris,IDF,Île-de-France,,,Centre Sp. Bern. Lafay 26 rue boulay 75017 PARIS 17,https://www.ap17tt.com/,logos/75/08751177-ap-17.webp,https://www.ap17tt.com/media/uploaded/sites/10162/association/6113fa305a3ee_balleblancheaveclogoweb.jpg,logo,#f0f0f0 #d0d0d0 #107090 #307090,sombre,,,annuaire public FFTT (carte.fftt.com),2026-09-02
08750100,APSAP PARIS,75,Paris,IDF,Île-de-France,,,"GYMNASE PARMENTIER 155, avenue Parmentier 75010 PARIS 10",http://www.apsap-vp.org,,,aucun,,,,,annuaire public FFTT (carte.fftt.com),2026-09-02
08750117,AS BANQUE DE FRANCE,75,Paris,IDF,Île-de-France,,,"AS BANQUE DE FRANCE 4,Rue Marsollier 75002 PARIS 02",,,,sans-site,,,,,annuaire public FFTT (carte.fftt.com),2026-09-02
08751450,AS FFTT,75,Paris,IDF,Île-de-France,,,"SALLE SPECIFIQUE CARPENTIER 81, Bd Massena 75013 PARIS 13",https://info.helloasso.com/,logos/75/08751450-as-fftt.svg,https://cdn.prod.website-files.com/67164cc9484c7fb65c26915e/672e13f3d88bcd6f6fa5fdd0_Logo%20HA_white.svg,logo,#498a63 #61b984 #89356d #b94794,clair,,,annuaire public FFTT (carte.fftt.com),2026-09-02
08751265,AS PONGISTES 8eme,75,Paris,IDF,Île-de-France,,,"Gymnase Roquepine 18,Rue Roquepine 75008 PARIS 08",,,,sans-site,,,,,annuaire public FFTT (carte.fftt.com),2026-09-02
08750400,AS RUSSE,75,Paris,IDF,Île-de-France,,,"Gymnase de la Plaine 13, avenue du General Guillaumat 75015 PARIS 15",,,,sans-site,,,,,annuaire public FFTT (carte.fftt.com),2026-09-02
08751371,Assoc. Patronage Sainte Melanie,75,Paris,IDF,Île-de-France,,,"AP STE MELANIE 19 bis, rue Tournefort 75005 PARIS 05",https://www.apsm5.fr/,logos/75/08751371-assoc-patronage-sainte-melanie.webp,https://www.apsm5.fr/wp-content/uploads/2026/02/cropped-cropped-cropped-cropped-LOGO-APSM-1.png,logo,#1070d0 #3090d0 #b0d0f0 #d0f0f0,clair,,,annuaire public FFTT (carte.fftt.com),2026-09-02
08751260,ASSOC.TENNIS DE TABLE PARIS XVe,75,Paris,IDF,Île-de-France,,,GYMNASE SAINT CHARLES 198 RUE SAINT CHARLES 75015 PARIS 15,https://attxv.fr/,logos/75/08751260-assoc-tennis-de-table-paris-xve.webp,https://attxv.fr/wp-content/uploads/2019/02/cropped-ATTXV_30-180x180.png,logo,#d0f0f0 #303030 #b0d0d0 #b0d0f0,clair,,,annuaire public FFTT (carte.fftt.com),2026-09-02
08751457,ASSOCIATION LIN NAM,75,Paris,IDF,Île-de-France,,,,,,,sans-site,,,,,annuaire public FFTT (carte.fftt.com),2026-09-02
08751271,CPS 10eme,75,Paris,IDF,Île-de-France,,,GYMNASE JEMMAPES 116 quai de Jemmapes 75010 PARIS 10,https://www.cps10.fr/tt-2/,logos/75/08751271-cps-10eme.webp,https://www.cps10.fr/wp-content/uploads/2025/02/logocps.jpeg,logo,#707070 #909090 #b0b0b0 #d0d0d0,clair,,,annuaire public FFTT (carte.fftt.com),2026-09-02
08751231,CSLG KELLERMANN,75,Paris,IDF,Île-de-France,,,CSLG KELLERMANN 56/82 BD KELLERMANN 75013 PARIS 13,,,,sans-site,,,,,annuaire public FFTT (carte.fftt.com),2026-09-02
08750007,CSMF PARIS TT,75,Paris,IDF,Île-de-France,,,"Finances 41, Bd Vincent Auriol 75013 PARIS 13",https://www.csmf-paris-tennis-table.fr/,logos/75/08750007-csmf-paris-tt.webp,https://lh3.googleusercontent.com/sitesv/AG8ngQW48BUXelixwetn5XXGRTbJcPnBEnccZuLrMIjl5YmcT-DgCtl5td4xL3mJIxPV-J596-Yi7JjbWUiitsHCgDvA-qLF7hHyB9S9k8Bom5jbgdgXnrXLb2A3WZk66BxbwBCp9cu1Z6IjdivdLvZgOrahOItqeBmNjwSkjV-58l4s4gYudhJ4_Js4YxxEqUE=w16383,logo,#101030 #303030 #305070 #f0b010,clair,,,annuaire public FFTT (carte.fftt.com),2026-09-02
08750487,EP 15,75,Paris,IDF,Île-de-France,,,Gymnase de La Plaine 13 av. du general Guillaumat 75015 PARIS 15,https://www.ep15.fr/,logos/75/08750487-ep-15.webp,https://www.ep15.fr/android-chrome-192x192.png?v=1788373887371,favicon,#505070 #305050 #505050 #303050,clair,,,annuaire public FFTT (carte.fftt.com),2026-09-02
08750074,ESPERANCE REUILLY,75,Paris,IDF,Île-de-France,,,Gymnase CARNOT 26-28 Bld Carnot 75012 PARIS 12,,,,sans-site,,,,,annuaire public FFTT (carte.fftt.com),2026-09-02
08750249,J A M PARIS 14e,75,Paris,IDF,Île-de-France,,,,https://lajamtt.blogspot.com/,logos/75/08750249-j-a-m-paris-14e.svg,https://tennis2table.com/wp-content/uploads/logo-t2t/2026-logo-tennis2table.svg,logo,#f10922 #6a0e00 #006db9 #cccccc,clair,,,annuaire public FFTT (carte.fftt.com),2026-09-02
08750120,JUMP,75,Paris,IDF,Île-de-France,,,"Gymnase Fontaine au Roi 100, rue Fontaine au Roi 75011 PARIS 11",http://www.jumptt.com/,logos/75/08750120-jump.webp,http://www.jumptt.com/wp-content/uploads/2018/04/Logo-JUMP.jpg,logo,#105090 #305090 #7090b0 #103090,clair,,,annuaire public FFTT (carte.fftt.com),2026-09-02
08751459,LEPIC POPULAIRE,75,Paris,IDF,Île-de-France,,,,,,,sans-site,,,,,annuaire public FFTT (carte.fftt.com),2026-09-02
08751058,MANIN PARIS 19,75,Paris,IDF,Île-de-France,,,Gymnase des Lilas 5 rue des Lilas 75019 PARIS 19,https://maninparis19.fr/,logos/75/08751058-manin-paris-19.svg,https://maninparis19.fr/media/com_geoprotection/images/logo_siteguarding.svg,logo,#ad1725 #578b38,clair,,,annuaire public FFTT (carte.fftt.com),2026-09-02
08751163,PARIS 13 TENNIS DE TABLE,75,Paris,IDF,Île-de-France,,,Salle Specifique CARPENTIER 25 Avenue de la porte D'ivry 75013 PARIS 13,https://www.paris13tt.org/,logos/75/08751163-paris-13-tennis-de-table.webp,"https://static.wixstatic.com/media/07bd81_0dda80cbf0784adc82a0a75bd4633884~mv2.jpg/v1/fill/w_87,h_87,al_c,q_80,usm_0.66_1.00_0.01,enc_avif,quality_auto/Logo%20Paris%2013.jpg",logo,#303030 #101010 #d0d0d0 #b0b0b0,clair,,,annuaire public FFTT (carte.fftt.com),2026-09-02
08751124,PARIS IX ATT,75,Paris,IDF,Île-de-France,,,,https://www.paris9ping.com/,logos/75/08751124-paris-ix-att.webp,https://lh3.googleusercontent.com/sitesv/AG8ngQUbzgkpeB1BUXV_BfQ1-kBSATXXLAHbhtOie8fVc8Gff6l64OP_k8masFIchfM1Bw3UolGKiGcb4nyWd9S3vUAvdazhWLlGf0_ZU5wsyns4Wl_gqTH_UySSBEhElp57gUFU1incjFaAbhFZv0u9iM6Q08EfZLm3EBSshaM=w16383,logo,#f05050 #d05050 #f07050 #f07070,clair,,,annuaire public FFTT (carte.fftt.com),2026-09-02
08751456,PING PARIS 14,75,Paris,IDF,Île-de-France,,,"Gymnase Jules Noel 3, avenue Maurice d'Ocagne 75014 PARIS 14",https://ping-paris14.fr/,logos/75/08751456-ping-paris-14.webp,https://ping-paris14.fr/admin/wp-content/themes/pp14/images/logo-ping-passion.png,logo,#105090 #d0d0d0 #b0b0b0 #3070b0,clair,,,annuaire public FFTT (carte.fftt.com),2026-09-02
08751463,SMA SPORT,75,Paris,IDF,Île-de-France,,,,,,,sans-site,,,,,annuaire public FFTT (carte.fftt.com),2026-09-02
08751061,SPORTING PARIS 20 TT,75,Paris,IDF,Île-de-France,,,Gymnase Maryse Hilsz 34 rue Maryse Hilsz 75020 PARIS 20,https://sp20tt.net/,logos/75/08751061-sporting-paris-20-tt.webp,http://wordpress.jltt.net/wp-content/uploads/2016/06/logo-de-JLTT.png,logo,#701090 #5010b0 #3030d0 #303030,clair,,,annuaire public FFTT (carte.fftt.com),2026-09-02
08751453,TENNIS DE TABLE PARIS 16,75,Paris,IDF,Île-de-France,,,,,,,sans-site,,,,,annuaire public FFTT (carte.fftt.com),2026-09-02
08751423,TENNIS DE TABLE PLUS,75,Paris,IDF,Île-de-France,,,,,,,sans-site,,,,,annuaire public FFTT (carte.fftt.com),2026-09-02
08751445,U S CURIAL CAMBRAI,75,Paris,IDF,Île-de-France,,,GYMNASE CURIAL 84 RUE CURIAL 75019 PARIS 19,,,,sans-site,,,,,annuaire public FFTT (carte.fftt.com),2026-09-02
08751249,US 2 PARIS,75,Paris,IDF,Île-de-France,,,"Gymnase Jean Dame 17,Rue Leopold Bellan 75002 PARIS 02",https://us2tt.org/,logos/75/08751249-us-2-paris.webp,https://us2tt.org/sites/default/files/logo_us2tt.png,logo,#101010 #303030 #301030 #101030,clair,,,annuaire public FFTT (carte.fftt.com),2026-09-02
08751465,US METRO ALLEE VERTE,75,Paris,IDF,Île-de-France,,,,,,,sans-site,,,,,annuaire public FFTT (carte.fftt.com),2026-09-02
08920076,CNRS BELLEVUE SPORTS,75,Paris,IDF,Île-de-France,Paris,75016,CNRS BELLEVUE SPORTS 2 rue Michel Ange,,,,sans-site,,,,,annuaire public FFTT (carte.fftt.com),2026-09-02
08751464,LA SALESIENNE DE PARIS,75,Paris,IDF,Île-de-France,Paris,75017,CARNOT 145 Boulevard Malesherbes,,,,sans-site,,,,,annuaire public FFTT (carte.fftt.com),2026-09-02
09760221,A AMICALE COURONNAISE,76,Seine-Maritime,NOR,Normandie,,,,,,,sans-site,,,,,annuaire public FFTT (carte.fftt.com),2026-09-02
09760069,AL DARNETAL,76,Seine-Maritime,NOR,Normandie,,,,http://aldarnetal-tt.org/spip/,,,aucun,,,,,annuaire public FFTT (carte.fftt.com),2026-09-02
09760107,ALCL TT GRAND QUEVILLY,76,Seine-Maritime,NOR,Normandie,,,,https://www.alcltt.com/,logos/76/09760107-alcl-tt-grand-quevilly.webp,https://www.alcltt.com/media/uploaded/sites/3833/bandeau/6899032b33799_Capturedcran20250810223755.png,logo,#f0f0d0 #f0d0b0 #f0f0b0 #f0b070,clair,,,annuaire public FFTT (carte.fftt.com),2026-09-02
09760425,CANTELEU MAROMME TT,76,Seine-Maritime,NOR,Normandie,,,,,,,sans-site,,,,,annuaire public FFTT (carte.fftt.com),2026-09-02
09760036,DIEPPE UNIVERSITAIRE CLUB,76,Seine-Maritime,NOR,Normandie,,,,,,,sans-site,,,,,annuaire public FFTT (carte.fftt.com),2026-09-02
09760168,ENTENTE SAINT PIERRAISE TT,76,Seine-Maritime,NOR,Normandie,,,,https://www.esptt.com/,logos/76/09760168-entente-saint-pierraise-tt.webp,https://www.esptt.com/media/uploaded/sites/3427/association/68ad7842834b7_ESPlogo2.jpg,logo,#d03010 #101010 #909090 #707070,clair,,,annuaire public FFTT (carte.fftt.com),2026-09-02
09760156,GOURNAY Tennis de Table,76,Seine-Maritime,NOR,Normandie,,,,,,,sans-site,,,,,annuaire public FFTT (carte.fftt.com),2026-09-02
09760390,GROUPEMENT LA HETRAIE,76,Seine-Maritime,NOR,Normandie,,,,https://maxilambart.wixsite.com/gohtt-la-feuillie,logos/76/09760390-groupement-la-hetraie.webp,"https://static.wixstatic.com/media/055412_81bb7a0f52fa4a029e4270af4c42d695~mv2.png/v1/fill/w_113,h_120,al_c,q_85,usm_0.66_1.00_0.01,enc_avif,quality_auto/GHOTT-laFeuillie-logo.png",logo,#309070 #f07070 #30b070 #f05050,clair,,,annuaire public FFTT (carte.fftt.com),2026-09-02
09760366,LA CRIQUE TT,76,Seine-Maritime,NOR,Normandie,,,,,,,sans-site,,,,,annuaire public FFTT (carte.fftt.com),2026-09-02
09760291,MONTIVILLIERS Tennis de Table,76,Seine-Maritime,NOR,Normandie,,,,,,,sans-site,,,,,annuaire public FFTT (carte.fftt.com),2026-09-02
09760259,PPC ST LAURENT EN CAUX,76,Seine-Maritime,NOR,Normandie,,,,,,,sans-site,,,,,annuaire public FFTT (carte.fftt.com),2026-09-02
09760382,RACING CLUB PORT DU HAVRE,76,Seine-Maritime,NOR,Normandie,,,,https://rcph-tt.fr/WordPress3/,logos/76/09760382-racing-club-port-du-havre.webp,https://rcph-tt.fr/WordPress3/wp-content/uploads/2013/09/logo.jpg,logo,#d05050 #f07070 #f05050 #f09090,clair,,,annuaire public FFTT (carte.fftt.com),2026-09-02
09760004,SPO ROUEN Tennis de Table,76,Seine-Maritime,NOR,Normandie,,,,https://sporouen-tennisdetable.fr/,logos/76/09760004-spo-rouen-tennis-de-table.webp,https://sporouen-tennisdetable.fr/wp-content/uploads/2025/09/LOGO-RCE-4.webp,logo,#303030 #101010 #f0b030 #f0b050,clair,,,annuaire public FFTT (carte.fftt.com),2026-09-02
09760266,U S FECAMPOISE,76,Seine-Maritime,NOR,Normandie,,,,https://www.usfecamptt.com/,logos/76/09760266-u-s-fecampoise.webp,https://www.usfecamptt.com/media/uploaded/sites/21746/association/6357a59544ecc_logousfttsanstexte.png,logo,#d01010 #101010 #f0f0f0 #303030,clair,,,annuaire public FFTT (carte.fftt.com),2026-09-02
09760320,ASM AMFREVILLE TT,76,Seine-Maritime,NOR,Normandie,Amfreville La Mi Voie,76920,SALLE DES SPORTS R.TALBOT QUAI L'ESCURE,,,,sans-site,,,,,annuaire public FFTT (carte.fftt.com),2026-09-02
09760127,Etoile Sportive Arquaise,76,Seine-Maritime,NOR,Normandie,Arques La Bataille,76880,SALLE J.M. LEPRONT FACE USINE REGMA Rue Auguste Perret,,,,sans-site,,,,,annuaire public FFTT (carte.fftt.com),2026-09-02
09760025,Cercle Sportif Altifagien,76,Seine-Maritime,NOR,Normandie,Auffay,76720,SALLE OMNISPORTS Rue Georges Pompidou,,,,sans-site,,,,,annuaire public FFTT (carte.fftt.com),2026-09-02
09760039,CP BARENTIN,76,Seine-Maritime,NOR,Normandie,Barentin,76360,G. DORE 15 RUE JEAN JAURES,,,,sans-site,,,,,annuaire public FFTT (carte.fftt.com),2026-09-02
09760167,ASL BERNEVAL,76,Seine-Maritime,NOR,Normandie,Berneval Le Grand,76370,SALLE HC DELPY RUE ALEXANDRE DUMAS,,,,sans-site,,,,,annuaire public FFTT (carte.fftt.com),2026-09-02
09760461,CDF SAINT JEAN DE LA NEUVILLE,76,Seine-Maritime,NOR,Normandie,Beuzeville La Grenier,76210,salle multisport intercommunale Route du calvaire,,,,sans-site,,,,,annuaire public FFTT (carte.fftt.com),2026-09-02
09760012,G C O BIHOREL,76,Seine-Maritime,NOR,Normandie,Bihorel,76420,CENTRE SPORTIF / Salle de T2t RUE DE VERDUN,http://www.bihorelt2t.fr/,,,aucun,,,,,annuaire public FFTT (carte.fftt.com),2026-09-02
09760239,BLAINVILLE CREVON,76,Seine-Maritime,NOR,Normandie,Blainville Crevon,76116,"SALLE POLYVALENTE 163, Route de Ry",,,,sans-site,,,,,annuaire public FFTT (carte.fftt.com),2026-09-02
07800035,BLANGY-BOUTTENCOURT SEP,76,Seine-Maritime,NOR,Normandie,Blangy Sur Bresle,76340,SALLE DES SPORTS Cite du stade SALLE MAURICE FLECHELLE,,,,sans-site,,,,,annuaire public FFTT (carte.fftt.com),2026-09-02
09760331,US C BOIS GUILLAUME,76,Seine-Maritime,NOR,Normandie,Bois Guillaume,76230,GYMNASE CODET 1794 RUE DE LA HAIE,,,,sans-site,,,,,annuaire public FFTT (carte.fftt.com),2026-09-02
09760136,TROIS SETS BOLBECAIS,76,Seine-Maritime,NOR,Normandie,Bolbec,76210,Complexe Eric Tabarly (Salle Jacques Secrétin) 393 AVENUE DU MARECHAL JOFFRE 76210 - BOLBEC,https://www.troissetsbolbecais.fr/,logos/76/09760136-trois-sets-bolbecais.webp,https://www.troissetsbolbecais.fr/wp-content/uploads/2025/06/TSB-123x123.png,logo,#90d0d0 #70d0d0 #5090d0 #50b0f0,clair,,,annuaire public FFTT (carte.fftt.com),2026-09-02
09760129,ASC BONSECOURS,76,Seine-Maritime,NOR,Normandie,Bonsecours,76240,Salle Gatien Halle des Sports Rue du Bois Bagneres,,,,sans-site,,,,,annuaire public FFTT (carte.fftt.com),2026-09-02
09760319,ELAN BOESIEN POUR LA MAITRISE T,76,Seine-Maritime,NOR,Normandie,Boos,76520,Halle des sports Rue des Canadiens Annexe 3,https://ebmtt.toile-libre.org/,logos/76/09760319-elan-boesien-pour-la-maitrise-t.webp,https://ebmtt.toile-libre.org/images/headers/logo-ebmtt.jpg,logo,#701010 #901010 #f0f0f0 #907070,clair,,,annuaire public FFTT (carte.fftt.com),2026-09-02
09760420,BRETTEVILLE DU GRAND CAUX FS TT,76,Seine-Maritime,NOR,Normandie,Bretteville Du Grand Caux,76110,Gymnase Chemin du stade,http://www.brettevillett.fr,,,aucun,,,,,annuaire public FFTT (carte.fftt.com),2026-09-02
09760201,CP BUCHY,76,Seine-Maritime,NOR,Normandie,Buchy,76750,Salle des sports Route de Forges derriere le college,https://cpbuchy.club/,logos/76/09760201-cp-buchy.webp,https://cpbuchy.club/wp-content/uploads/2022/06/logo-buchy-1.png,logo,#1090d0 #1070d0 #f0d050 #909090,clair,,,annuaire public FFTT (carte.fftt.com),2026-09-02
09760416,TT BULLY,76,Seine-Maritime,NOR,Normandie,Bully,76270,FOYER RURAL ROUTE DE POMMEREVAL,http://club.sportsregions.fr/bullytt/,,,aucun,,,,,annuaire public FFTT (carte.fftt.com),2026-09-02
09760104,CP CANYCAIS,76,Seine-Maritime,NOR,Normandie,Cany Barville,76450,STADE MUNICIPAL Route de Barville,https://cpcanycais.sportsregions.fr,,,aucun,,,,,annuaire public FFTT (carte.fftt.com),2026-09-02
09760028,RC CAUDEBEC,76,Seine-Maritime,NOR,Normandie,Caudebec Les Elbeuf,76320,SALLE JEAN LEFEBVRE EXT CALYPSO Cours du 18 juin,,,,sans-site,,,,,annuaire public FFTT (carte.fftt.com),2026-09-02
09760015,RAQUETTE CRIELLOISE,76,Seine-Maritime,NOR,Normandie,Criel Sur Mer,76910,CHATEAU DE CHANTEREINE Porte H Rue de Chantereine,,,,sans-site,,,,,annuaire public FFTT (carte.fftt.com),2026-09-02
09760430,US CHEMINOTS DIEPPE,76,Seine-Maritime,NOR,Normandie,Dieppe,76200,US CHEMINOTS DIEPPE 1 RUE PIERRE CURIE,,,,sans-site,,,,,annuaire public FFTT (carte.fftt.com),2026-09-02
09760297,RAQUETTE SPORTIVE ENVERMEU,76,Seine-Maritime,NOR,Normandie,Envermeu,76630,SALLE DES SPORTS 64 Rue du General de Gaulle,,,,sans-site,,,,,annuaire public FFTT (carte.fftt.com),2026-09-02
09760311,F.R.J.E.P. ESLETTES TT,76,Seine-Maritime,NOR,Normandie,Eslettes,76710,Milcolor Rue des Lilas,,,,sans-site,,,,,annuaire public FFTT (carte.fftt.com),2026-09-02
09760465,CLUB PONGISTE ETALLEVILLAIS,76,Seine-Maritime,NOR,Normandie,Étalleville,76560,Salle des Fêtes Michel Colley 9 Rue des Chenes,,,,sans-site,,,,,annuaire public FFTT (carte.fftt.com),2026-09-02
09760342,FJ FAUVILLE,76,Seine-Maritime,NOR,Normandie,Fauville En Caux,76640,HALLE DE SPORT RUE DE NORMANDIE,,,,sans-site,,,,,annuaire public FFTT (carte.fftt.com),2026-09-02
09760428,COF DUNOISE PONGISTE,76,Seine-Maritime,NOR,Normandie,Fontaine Le Dun,76740,SALLE A BOURVIL Cour du Chene,https://dunoisepongiste.yolasite.com/,logos/76/09760428-cof-dunoise-pongiste.webp,https://dunoisepongiste.yolasite.com/resources/logo%20cg76.gif,logo,#f07010 #d01030 #f0b0b0 #d03050,clair,,,annuaire public FFTT (carte.fftt.com),2026-09-02
09760351,PING FRANQUEVILLAIS,76,Seine-Maritime,NOR,Normandie,Franqueville St Pierre,76520,Complexe Sportif David DOUILLET Salle Damien Eloi Place Marcel RAGOT,https://www.tt-franqueville.fr/,logos/76/09760351-ping-franquevillais.webp,https://www.tt-franqueville.fr/img/logo-2022.png,logo,#d0d030 #105090 #103050 #103070,clair,,,annuaire public FFTT (carte.fftt.com),2026-09-02
09760206,ASC FRENEUSE,76,Seine-Maritime,NOR,Normandie,Freneuse,76410,A S C FRENEUSE PLACE DES SAULES,,,,sans-site,,,,,annuaire public FFTT (carte.fftt.com),2026-09-02
09760218,GRAND COURONNE TENNIS DE TABLE,76,Seine-Maritime,NOR,Normandie,Grand Couronne,76530,TENNIS DE TABLE RUE DE SEINE,http://www.coctt.fr,,,aucun,,,,,annuaire public FFTT (carte.fftt.com),2026-09-02
09760458,SAFRAN NACELLES NORMANDIE SPORTS,76,Seine-Maritime,NOR,Normandie,Harfleur,76700,Complexe Henri MEHL Avenue Charles de Gaulle,,,,sans-site,,,,,annuaire public FFTT (carte.fftt.com),2026-09-02
09760417,RF HEUQUEVILLE,76,Seine-Maritime,NOR,Normandie,Heuqueville,76280,SALLE POLYVALENTE Rue Briquemare,,,,sans-site,,,,,annuaire public FFTT (carte.fftt.com),2026-09-02
09760294,TT INCHEVILLE,76,Seine-Maritime,NOR,Normandie,Incheville,76117,SALLE DES SPORTS RUE VICTOR HUGO,,,,sans-site,,,,,annuaire public FFTT (carte.fftt.com),2026-09-02
09760374,FOYER RURAL ISNEAUVILLE,76,Seine-Maritime,NOR,Normandie,Isneauville,76230,COMPLEXE SPORTIF DU CHEVAL ROUGE 1448 ROUTE DE NEUFCHATEL,,,,sans-site,,,,,annuaire public FFTT (carte.fftt.com),2026-09-02
09760403,CP GRANDCAMP,76,Seine-Maritime,NOR,Normandie,La Frenaye,76170,Les Olympiades Place South Wonston Derriere La Mairie,,,,sans-site,,,,,annuaire public FFTT (carte.fftt.com),2026-09-02
09760270,FJ LA REMUEE TT,76,Seine-Maritime,NOR,Normandie,La Remuee,76430,SALLE OMNISPORTS Impasse des Mercuriales,https://fjlaremueett.sportsregions.fr/,logos/76/09760270-fj-la-remuee-tt.webp,https://fjlaremueett.sportsregions.fr/media/uploaded/sites/21565/association/6a7bb3e30585e_LOGO2026page0001.jpg,logo,#301010 #501010 #101010 #303030,clair,,,annuaire public FFTT (carte.fftt.com),2026-09-02
09760414,ASSOC. TENNIS DE TABLE DU HAVRE,76,Seine-Maritime,NOR,Normandie,Le Havre,76620,GYMNASE DESCARTES 29 RUE ARQUIS GYMNASE DESCARTES,https://www.attlehavre.fr/,logos/76/09760414-assoc-tennis-de-table-du-havre.webp,https://www.attlehavre.fr/wp-content/uploads/2024/01/logo-png.png,logo,#f0f0f0,sombre,,,annuaire public FFTT (carte.fftt.com),2026-09-02
09760100,C O R SANDOUVILLE,76,Seine-Maritime,NOR,Normandie,Le Havre,76600,SALLE Leo LAGRANGE Rue du Pont TINEL stade DESCHASEAUX,,,,sans-site,,,,,annuaire public FFTT (carte.fftt.com),2026-09-02
09760082,CE CHEVRON SPORTS,76,Seine-Maritime,NOR,Normandie,Le Havre,76600,SALLE DES ACACIAS 9 rue sanson,,,,sans-site,,,,,annuaire public FFTT (carte.fftt.com),2026-09-02
09760286,LE HAVRE S'PORT,76,Seine-Maritime,NOR,Normandie,Le Havre,76600,SALLE ANDRE LANDORMI HANGAR 21 Chaussee Lamande,,,,sans-site,,,,,annuaire public FFTT (carte.fftt.com),2026-09-02
09760352,PLATEAU HAVRAIS TT,76,Seine-Maritime,NOR,Normandie,Le Havre,76620,GYMNASE P. KERGOMARD 33 rue Pauline Kergomard,,,,sans-site,,,,,annuaire public FFTT (carte.fftt.com),2026-09-02
09760447,TT DU CAILLY,76,Seine-Maritime,NOR,Normandie,Le Houlme,76770,Ensemble Fernand Leger Impasse Lurcat,,,,sans-site,,,,,annuaire public FFTT (carte.fftt.com),2026-09-02
09760108,MESNIL-ESNARDTT,76,Seine-Maritime,NOR,Normandie,Le Mesnil Esnard,76240,MESNIL ESNARD TENNIS DE TABLE 10 Ter Rue Thiers,,,,sans-site,,,,,annuaire public FFTT (carte.fftt.com),2026-09-02
09760018,CP QUEVILLAIS,76,Seine-Maritime,NOR,Normandie,Le Petit Quevilly,76140,SALLE ROGER BONNET Rue Stasnislas Girardin,http://www.cpquevillais.com,,,aucun,,,,,annuaire public FFTT (carte.fftt.com),2026-09-02
09760256,US LILLEBONNE TENNIS DE TABLE,76,Seine-Maritime,NOR,Normandie,Lillebonne,76170,GYMNASE J. BENARD PLACE COUBERTIN gymnase derriere ecole glatigny,,,,sans-site,,,,,annuaire public FFTT (carte.fftt.com),2026-09-02
09760157,MONT SAINT AIGNAN TT,76,Seine-Maritime,NOR,Normandie,Mont St Aignan,76130,CENTRE SPORTIF COQUETS RUE PROFESSEUR FLEURY,https://msa-tennis-de-table.com/,logos/76/09760157-mont-saint-aignan-tt.webp,https://msa-tennis-de-table.com/wp-content/uploads/2019/10/Logo-MSAtt-HD-New-reduit-sur-fond-blanc.png,logo,#d0d0d0 #303030 #707070 #b0b0b0,clair,,,annuaire public FFTT (carte.fftt.com),2026-09-02
09760315,AMFTT,76,Seine-Maritime,NOR,Normandie,Montville,76710,Salle Florian MERRIEN (Espace Jean Loup Chretien) rue roger lebarbier,,,,sans-site,,,,,annuaire public FFTT (carte.fftt.com),2026-09-02
09760230,ASC VILLAGES REUNIS,76,Seine-Maritime,NOR,Normandie,Morgny La Pommeraye,76750,SALLE OMNISPORTS Matchs : Morgny La Pommeraye Plaine du Mortier,,,,sans-site,,,,,annuaire public FFTT (carte.fftt.com),2026-09-02
09760396,AS Motteville Tennis de Table,76,Seine-Maritime,NOR,Normandie,Motteville,76970,SALLE DES SPORTS Rue de la GARE,,,,sans-site,,,,,annuaire public FFTT (carte.fftt.com),2026-09-02
09760070,RAQUETTE NEUFCHATELOISE,76,Seine-Maritime,NOR,Normandie,Neufchâtel-En-Bray,76270,RAQUETTE NEUFCHATELOISE Boulevard Albert Charvet,,,,sans-site,,,,,annuaire public FFTT (carte.fftt.com),2026-09-02
09760368,CLUB LOISIRS NOINTOTAIS,76,Seine-Maritime,NOR,Normandie,Nointot,76210,SALLE POLYVALENTE,,,,sans-site,,,,,annuaire public FFTT (carte.fftt.com),2026-09-02
09760449,NORVILLE,76,Seine-Maritime,NOR,Normandie,Norville,76330,SALLE MULTISPORT ROUTE DE CANTEPIE A COTE DU TERRAIN DE FOOT,,,,sans-site,,,,,annuaire public FFTT (carte.fftt.com),2026-09-02
09760415,NORTH ATLANTIC SL,76,Seine-Maritime,NOR,Normandie,Notre-Dame-De-Gravechon,76330,SALLE NORMANDIE PLACE de NORMANDIE,,,,sans-site,,,,,annuaire public FFTT (carte.fftt.com),2026-09-02
09760463,TENNIS DE TABLE OFFRANVILLAIS,76,Seine-Maritime,NOR,Normandie,Offranville,76550,Gymnase Rue de l'Epine,,,,sans-site,,,,,annuaire public FFTT (carte.fftt.com),2026-09-02
09760034,Entente Tennis de Table d'OISSEL,76,Seine-Maritime,NOR,Normandie,Oissel,76350,ETTO salle Claude BILLARD ECOLE PASTEUR rue Gustave Lecomte,,,,sans-site,,,,,annuaire public FFTT (carte.fftt.com),2026-09-02
09760380,AS ORIVAL,76,Seine-Maritime,NOR,Normandie,Orival,76500,AS ORIVAL RUE HIPPOLYTE ST AMANDINE,,,,sans-site,,,,,annuaire public FFTT (carte.fftt.com),2026-09-02
09760308,A.S.L. OUVILLE LA RIVIER,76,Seine-Maritime,NOR,Normandie,Ouville La Riviere,76860,A.S.L. OUVILLE LA RIVIER ALLEE DE LA SAANE,,,,sans-site,,,,,annuaire public FFTT (carte.fftt.com),2026-09-02
09760041,CP PAVILLY,76,Seine-Maritime,NOR,Normandie,Pavilly,76570,SALLE F. DUTHIL C. SPORTIF VIARDIERE Rue de FRECKHORST,,,,sans-site,,,,,annuaire public FFTT (carte.fftt.com),2026-09-02
09760466,LE TTT,76,Seine-Maritime,NOR,Normandie,Saint-Ouen-Du-Breuil,76890,Le Chalet Rue du Stade,,,,sans-site,,,,,annuaire public FFTT (carte.fftt.com),2026-09-02
09760011,S SOTTEVILLAIS CHEMN C,76,Seine-Maritime,NOR,Normandie,Sotteville-Lès-Rouen,76300,Gymnase Emile Zola Rue Victor Mény,https://www.sotteville-tennis-de-table.fr,,,aucun,,,,,annuaire public FFTT (carte.fftt.com),2026-09-02
09760333,ASTT76,76,Seine-Maritime,NOR,Normandie,St Etienne Du Rouvray,76800,GYMNASE JOLIOT CURIE RUE GUYNEMER,https://astt76.sportsregions.fr/,logos/76/09760333-astt76.webp,https://astt76.sportsregions.fr/media/uploaded/sites/26832/association/686ced70c54e9_ASTTLogo.png,logo,#b0b0b0 #909090 #d0d0d0 #707070,clair,,,annuaire public FFTT (carte.fftt.com),2026-09-02
09760377,ENTENTE PONGISTE DU ROBEC,76,Seine-Maritime,NOR,Normandie,St Martin Du Vivier,76160,salle des Sports rue de l'ancien presbytere proximite du stade,,,,sans-site,,,,,annuaire public FFTT (carte.fftt.com),2026-09-02
09760007,CEP ST NICOLAS ALIERMONT,76,Seine-Maritime,NOR,Normandie,St Nicolas D Aliermont,76510,Centre Associatif Sportif PONS 199 rue de Milan,,,,sans-site,,,,,annuaire public FFTT (carte.fftt.com),2026-09-02
09760341,ASS. VARENGEVILLAISE S.R.,76,Seine-Maritime,NOR,Normandie,St Pierre De Varengeville,76480,SALLE POLYVALENTE 54 route du Paulu,,,,sans-site,,,,,annuaire public FFTT (carte.fftt.com),2026-09-02
09760046,CLUB PONGISTE DE ST SAENS,76,Seine-Maritime,NOR,Normandie,St Saens,76680,HALLE DE SPORT VAL BOULOGNE 43 rue Paul Lesueur,,,,sans-site,,,,,annuaire public FFTT (carte.fftt.com),2026-09-02
09760391,TT ST VIGOR D YMONVILLE,76,Seine-Maritime,NOR,Normandie,St Vigor D Ymonville,76430,COMPLEXE SPORTIF CHEMIN DU STADE,,,,sans-site,,,,,annuaire public FFTT (carte.fftt.com),2026-09-02
09760457,AMS PONGISTE SAINTE MARGUERITE,76,Seine-Maritime,NOR,Normandie,Ste Marguerite Sur Duclair,76480,salle polyvalente route de St Paer,,,,sans-site,,,,,annuaire public FFTT (carte.fftt.com),2026-09-02
09760456,TOUFFREVILLE TENNIS DE TABLE,76,Seine-Maritime,NOR,Normandie,Touffreville La Corbeline,76190,SALLE COMMUNALE,,,,sans-site,,,,,annuaire public FFTT (carte.fftt.com),2026-09-02
09760419,ASC TOUSSAINT TT,76,Seine-Maritime,NOR,Normandie,Toussaint,76400,SALLE DE L EPINAY RUE DE L EPINAY,,,,sans-site,,,,,annuaire public FFTT (carte.fftt.com),2026-09-02
09760214,SPORTING CLUB DE TURRETOT,76,Seine-Maritime,NOR,Normandie,Turretot,76280,SALLE POLYVALENTE rue andre Gides,,,,sans-site,,,,,annuaire public FFTT (carte.fftt.com),2026-09-02
09760448,JEUNESSE PONG.VALLIQUERVILL,76,Seine-Maritime,NOR,Normandie,Valliquerville,76190,SALLE POLYVALENTE CH.FEDINA RUE DE LA MAIRIE,,,,sans-site,,,,,annuaire public FFTT (carte.fftt.com),2026-09-02
09760442,LE TRAIT YAINVILLE PONGISTE,76,Seine-Maritime,NOR,Normandie,Yainville,76480,SALLE OMNISPORTS IMPASSE PAUL BERT,,,,sans-site,,,,,annuaire public FFTT (carte.fftt.com),2026-09-02
09760014,CP YVETOT,76,Seine-Maritime,NOR,Normandie,Yvetot,76190,CLUB PONGISTE YVETOTAIS Compl. Sport. rue Retimare Salle Jacques Secretin,https://cpyvetot.wordpress.com/,logos/76/09760014-cp-yvetot.webp,https://cpyvetot.files.wordpress.com/2021/08/bcd0c40d-295a-4e9e-9c48-568c006c4835.jpeg?w=300,logo,#f01010 #d03030 #1090f0 #b0d0f0,clair,,,annuaire public FFTT (carte.fftt.com),2026-09-02
08771524,AS MAROLLES TENNIS DE TABLE,77,Seine-et-Marne,IDF,Île-de-France,,,,,,,sans-site,,,,,annuaire public FFTT (carte.fftt.com),2026-09-02
08770426,COMBS SENART TT,77,Seine-et-Marne,IDF,Île-de-France,,,,http://www.cstt77.fr/,logos/77/08770426-combs-senart-tt.webp,http://www.cstt77.fr/wp-content/uploads/2020/04/cropped-Sans-titre-180x180.png,logo,#f0d010 #1090f0 #d0f0f0 #50b0f0,clair,,,annuaire public FFTT (carte.fftt.com),2026-09-02
08771398,CTT BUSSY ST GEORGES,77,Seine-et-Marne,IDF,Île-de-France,,,,,,,sans-site,,,,,annuaire public FFTT (carte.fftt.com),2026-09-02
08771087,ROZAY EN BRIE TT,77,Seine-et-Marne,IDF,Île-de-France,,,,,,,sans-site,,,,,annuaire public FFTT (carte.fftt.com),2026-09-02
08771501,ASTT BRIE,77,Seine-et-Marne,IDF,Île-de-France,Brie Comte Robert,77170,Gymnase Blaise Pascal 2 Allee du Commandant Guesnet,https://astt-brie.assoconnect.com/organization/subscription/locked?cause=subscription&redirect=%2Fpage%2F338922-presentation,logos/77/08771501-astt-brie.webp,https://assets.assoconnect.com/legacy/assoconnect.com/image/logo/400x80.png,logo,#3070f0,clair,,,annuaire public FFTT (carte.fftt.com),2026-09-02
08770562,CHAMPAGNE TENNIS DE TABLE,77,Seine-et-Marne,IDF,Île-de-France,Champagne Sur Seine,77430,Gymnase Leo Lagrange Rue LARA,https://www.champagnett77.fr/,logos/77/08770562-champagne-tennis-de-table.webp,https://www.champagnett77.fr/site/screenshot/?size_preset=fb&v=1786986520,logo,#909090 #707070 #909070 #f0f0f0,clair,,,annuaire public FFTT (carte.fftt.com),2026-09-02
08771314,ASTT CHAMPS/MARNE,77,Seine-et-Marne,IDF,Île-de-France,Champs Sur Marne,77420,Gymnase Descartes Impasse Copernic,https://asttc.blogspot.com/,logos/77/08771314-astt-champs-marne.webp,https://blogger.googleusercontent.com/img/b/R29vZ2xl/AVvXsEi8gslxjKaG0k_r8oPPqduOtwe9lJ_5edHLZ6ascz1k7QIewYm6A-BYdsThHXQa53bmMriXBEZsK_triihpJB4ejJF0bJCdkTLbZD9BYxUMOK86y1xyN09ontO13csuQyi24eH081AWSQ/s220/logo+ping+passion.JPG,logo,#1070b0 #1070d0 #3070b0 #5090b0,clair,,,annuaire public FFTT (carte.fftt.com),2026-09-02
08771085,SAINT JEAN T.T.,77,Seine-et-Marne,IDF,Île-de-France,Changis Sur Marne,77660,Tennis du Pays Fertois Chemin de l'Ormois (au bout de la rue de l'Ormois),,,,sans-site,,,,,annuaire public FFTT (carte.fftt.com),2026-09-02
08770237,CHELLES TENNIS DE TABLE,77,Seine-et-Marne,IDF,Île-de-France,Chelles,77500,Gymnase Julien Marquay Avenue du Grand Cerf,https://www.chellestt.fr/page/2620940-presentation,logos/77/08770237-chelles-tennis-de-table.webp,https://app.assoconnect.com/services/storage?id=4209975&type=picture&secret=W7t1BPbFnwG33ugfMU6UoDdvE1bG4SRGXgAFrT9P&timestamp=1776282214&size=small,logo,#1010f0 #1010d0 #3030b0 #3030d0,clair,,,annuaire public FFTT (carte.fftt.com),2026-09-02
08771172,AM PONG. CHEVRIARDS,77,Seine-et-Marne,IDF,Île-de-France,Chevry Cossigny,77173,Salle polyvalente Rue Albert Dauvergne,,,,sans-site,,,,,annuaire public FFTT (carte.fftt.com),2026-09-02
08771304,U.T.T COLLEGIEN,77,Seine-et-Marne,IDF,Île-de-France,Collegien,77090,Gymnase Allee du Parc,http://uttc77.free.fr/,,,aucun,,,,,annuaire public FFTT (carte.fftt.com),2026-09-02
08771394,LA COMPANAISE,77,Seine-et-Marne,IDF,Île-de-France,Compans,77290,Complexe sportif Nelson Mandela 15 rue de la Mairie,,,,sans-site,,,,,annuaire public FFTT (carte.fftt.com),2026-09-02
08770499,COULOMMIERS TT,77,Seine-et-Marne,IDF,Île-de-France,Coulommiers,77120,La Sucrerie 77 rue du Général Leclerc,,,,sans-site,,,,,annuaire public FFTT (carte.fftt.com),2026-09-02
08770665,CS COURTRY,77,Seine-et-Marne,IDF,Île-de-France,Courtry,77181,Gymnase Pierre Graff Rue Charles Van Wyngene,https://www.pingcourtry.fr,,,aucun,,,,,annuaire public FFTT (carte.fftt.com),2026-09-02
08771521,AMIS PONGISTES CRECY LA CHAPELLE,77,Seine-et-Marne,IDF,Île-de-France,Crecy La Chapelle,77580,GYMNASE JEAN PERRICHON 49 RUE NATIONALE 47,https://www.ap-crecylachapelle.fr/,logos/77/08771521-amis-pongistes-crecy-la-chapelle.webp,https://www.ap-crecylachapelle.fr/wp-content/uploads/Logo.jpg,logo,#107090 #d07010 #90b010 #f09010,clair,,,annuaire public FFTT (carte.fftt.com),2026-09-02
08771402,CRISENOY TT,77,Seine-et-Marne,IDF,Île-de-France,Crisenoy,77390,Salle Polyvalente Rue de Vert Saint Pere Salle des fetes,,,,sans-site,,,,,annuaire public FFTT (carte.fftt.com),2026-09-02
08771448,CROISSY BEAUBOURG AS,77,Seine-et-Marne,IDF,Île-de-France,Croissy Beaubourg,77183,Salle Pierre Chevet Allee du bois. Michel Diefenthal,,,,sans-site,,,,,annuaire public FFTT (carte.fftt.com),2026-09-02
08771200,COBRAS DU LYS,77,Seine-et-Marne,IDF,Île-de-France,Dammarie Les Lys,77190,Gymnase Jacques Anquetil 120-280 avenue Albert Camus,http://esdtt.jimdo.com/,,,aucun,,,,,annuaire public FFTT (carte.fftt.com),2026-09-02
08770937,CTT DAMMARTIN,77,Seine-et-Marne,IDF,Île-de-France,Dammartin En Goele,77230,Gymnase Jesse Owens Avenue de l'Europe,http://www.cttd.fr,,,aucun,,,,,annuaire public FFTT (carte.fftt.com),2026-09-02
08771508,ATT MONTOIS,77,Seine-et-Marne,IDF,Île-de-France,Donnemarie Dontilly,77520,Gymnase du Montois Rue du Stade (Gymnase Inter-communal),http://attm.free.fr/,logos/77/08771508-att-montois.webp,http://attm.free.fr/photo/Logo_CDSMR_77_300x270.jpg,logo,#30b030 #f0f0f0 #d0d0d0 #909090,clair,,,annuaire public FFTT (carte.fftt.com),2026-09-02
08771523,PPC DE FERRIERES EN BRIE,77,Seine-et-Marne,IDF,Île-de-France,Ferrières-En-Brie,77164,PPC DE FERRIERES EN BRIE 19 Avenue de Paris Espace Léonard de Vinci,,,,sans-site,,,,,annuaire public FFTT (carte.fftt.com),2026-09-02
08771154,U S BOIS LE ROI,77,Seine-et-Marne,IDF,Île-de-France,Fontaine Le Port,77590,Gymnase Fontaine le Port 6bis rue du Parc,https://www.usboisleroi.fr/,logos/77/08771154-u-s-bois-le-roi.webp,https://www.usboisleroi.fr/wp-content/uploads/2024/07/usb-logo.png,logo,#105070 #70b0d0 #70d0d0 #70d0f0,clair,,,annuaire public FFTT (carte.fftt.com),2026-09-02
08771515,FONTAINEBLEAU TT,77,Seine-et-Marne,IDF,Île-de-France,Fontainebleau,77300,Gymnase Lucien Martinel Route de l'Ermitage,https://fontainebleau-tennis-de-table.clubeo.com/,logos/77/08771515-fontainebleau-tt.webp,https://s3.static-clubeo.com/250/uploads/fontainebleau-tennis-de-table/logo__76jou87co.png,logo,#505050 #707070 #f09050 #d07050,clair,,,annuaire public FFTT (carte.fftt.com),2026-09-02
08771518,ASFT TT FONTENAY TRESIGNY,77,Seine-et-Marne,IDF,Île-de-France,Fontenay Tresigny,77610,Centre sportif 54 rue Lafayette,https://www.asfttt.fr/,logos/77/08771518-asft-tt-fontenay-tresigny.webp,https://www.asfttt.fr/images/ASFT-TT-LOGO-FONTENAY-TRESIGNY--4-_j1jges47.webp,logo,#d070f0 #5070f0 #d090f0 #f0d0f0,clair,,,annuaire public FFTT (carte.fftt.com),2026-09-02
08770895,SC GRETZ TOURNAN,77,Seine-et-Marne,IDF,Île-de-France,Gretz Armainvilliers,77220,Salle Polyvalente Rue des Vignolles,,,,sans-site,,,,,annuaire public FFTT (carte.fftt.com),2026-09-02
08771514,GRISY TT,77,Seine-et-Marne,IDF,Île-de-France,Grisy Suisnes,77166,Salle des Sports (gymnase) Rue du Bois,,,,sans-site,,,,,annuaire public FFTT (carte.fftt.com),2026-09-02
08770955,TT FERTOIS,77,Seine-et-Marne,IDF,Île-de-France,La Ferte Sous Jouarre,77260,Gymnase E.P.S Rue de reuil,https://www.ttfertois.com/,logos/77/08770955-tt-fertois.webp,https://www.ttfertois.com/wp-content/uploads/cropped-cropped-Untitled-design-3-199x66.png,logo,#103070 #305090 #5070b0 #90b0d0,clair,,,annuaire public FFTT (carte.fftt.com),2026-09-02
08770166,LAGNY SUR MARNE TENNIS DE TABLE,77,Seine-et-Marne,IDF,Île-de-France,Lagny Sur Marne,77400,Espace Jean-Luc Moncharmon 74 Avenue Georges Clemenceau,https://www.lsmtt.com/,logos/77/08770166-lagny-sur-marne-tennis-de-table.webp,https://cdn.pepsup.com/resources/images/CLUBS/000/000/152/1521/IMAGE/logo.png?1788256097413,logo,#b0b0b0 #909090 #d0d0d0 #101010,clair,,,annuaire public FFTT (carte.fftt.com),2026-09-02
08770377,LE MÉE SPORTS TT,77,Seine-et-Marne,IDF,Île-de-France,Le Mee Sur Seine,77350,Gymnase B. Bernard 859 Ave M. Dauvergne en face station Total access,,,,sans-site,,,,,annuaire public FFTT (carte.fftt.com),2026-09-02
08771184,E. P. DE LOGNES,77,Seine-et-Marne,IDF,Île-de-France,Lognes,77185,Gymnase de la Liberte 44 Mail Le Corbusier,https://lognestt.fr/,logos/77/08771184-e-p-de-lognes.webp,https://lognestt.fr/wp-content/uploads/2022/01/cropped-logo-180x180.png,logo,#d0d0d0 #909090 #b0b0b0 #707070,clair,,,annuaire public FFTT (carte.fftt.com),2026-09-02
08770135,CS MEAUX TT,77,Seine-et-Marne,IDF,Île-de-France,Meaux,77100,Gymnase Georges Taillis 11 Rue Jean Jaures Entree Fond Parking Face au N34,http://www.csmeauxtt.fr/,,,aucun,,,,,annuaire public FFTT (carte.fftt.com),2026-09-02
08771337,US MELUNAISE TT,77,Seine-et-Marne,IDF,Île-de-France,Melun,77000,Gymnase Les Recollets 5 rue de Vaux,https://union-sportive-melunaise-tennis-de-table.kalisport.com/,logos/77/08771337-us-melunaise-tt.webp,https://union-sportive-melunaise-tennis-de-table.kalisport.com/public/2757/upload/theme/kal-theme-logo-header.png,logo,#303090 #f03010 #f0d0b0 #d05030,clair,,,annuaire public FFTT (carte.fftt.com),2026-09-02
08771202,MOISSY CRAMAYEL TT,77,Seine-et-Marne,IDF,Île-de-France,Moissy Cramayel,77550,Gymnase Les Maillettes Rue de Lugny,,,,sans-site,,,,,annuaire public FFTT (carte.fftt.com),2026-09-02
08771201,CTT MONTHYON,77,Seine-et-Marne,IDF,Île-de-France,Monthyon,77122,Gymnase Stade des Avernes Rue lafayette,https://www.cttmonthyon.fr/,,,aucun,,,,,annuaire public FFTT (carte.fftt.com),2026-09-02
08771229,MORMANT Tennis de Table,77,Seine-et-Marne,IDF,Île-de-France,Mormant,77720,Gymnase Jacques Coutrot Rue des Alpes salle Tony PARKER,,,,sans-site,,,,,annuaire public FFTT (carte.fftt.com),2026-09-02
08771427,MOUROUX TENNIS DE TABLE,77,Seine-et-Marne,IDF,Île-de-France,Mouroux,77120,Gymnase 205 Rue du Moulin,https://www.mouroux-tt.fr/,logos/77/08771427-mouroux-tennis-de-table.svg,https://www.mouroux-tt.fr/img/site/logo-dark.svg,logo,#1d1d1b #7e1974,clair,,,annuaire public FFTT (carte.fftt.com),2026-09-02
08771025,AS NANDY TT,77,Seine-et-Marne,IDF,Île-de-France,Nandy,77176,Le Balory Rue des Pecheurs,https://asntt.kalisport.com/,logos/77/08771025-as-nandy-tt.webp,https://asntt.kalisport.com/public/3218/upload/images/clubs/logo-as-nandy-tt_4.png,logo,#1070b0 #705070 #f05030 #905070,clair,,,annuaire public FFTT (carte.fftt.com),2026-09-02
08770489,NANGIS T.T.,77,Seine-et-Marne,IDF,Île-de-France,Nangis,77370,Salle Specifique TT Rue des ecoles,https://www.ttnangis.com/,logos/77/08770489-nangis-t-t.webp,https://www.ttnangis.com/media/uploaded/sites/3340/association/5b3b5d3689673_logo2018.jpg,logo,#b0b0b0 #d0d0d0 #909090 #f0f0f0,clair,,,annuaire public FFTT (carte.fftt.com),2026-09-02
08770169,PING-NEMOURS,77,Seine-et-Marne,IDF,Île-de-France,Nemours,77140,PING NEMOURS 50 Rue Des Guichettes,https://www.ping-nemours.com/,logos/77/08770169-ping-nemours.webp,https://www.ping-nemours.com/wp-content/uploads/2026/06/Capture-decran-2025-09-07-a-10.24.53.png,logo,#101010 #303030 #505050 #b0b0b0,clair,,,annuaire public FFTT (carte.fftt.com),2026-09-02
08770865,NOISIEL VLAN,77,Seine-et-Marne,IDF,Île-de-France,Noisiel,77186,COSEC des DEUX PARCS Cours des Deux Parcs,,,,sans-site,,,,,annuaire public FFTT (carte.fftt.com),2026-09-02
08771236,AMICALE PONGISTE OZOIR,77,Seine-et-Marne,IDF,Île-de-France,Ozoir La Ferriere,77330,Gymnase Bellecroix avenue Marcel Pagnol face au lycee Lino Ventura,https://www.apozoir.fr/,logos/77/08771236-amicale-pongiste-ozoir.webp,https://www.apozoir.fr/wp-content/uploads/2015/02/logo2.gif,logo,#303090 #d0d0f0 #d0d0d0 #5070b0,clair,,,annuaire public FFTT (carte.fftt.com),2026-09-02
08771170,UMS TT PONTAULT COMBAULT,77,Seine-et-Marne,IDF,Île-de-France,Pontault Combault,77340,Gymnase Jacqueline Auriol 121 Rue des Pres Saint Martin,,,,sans-site,,,,,annuaire public FFTT (carte.fftt.com),2026-09-02
08771506,TT PROVINOIS,77,Seine-et-Marne,IDF,Île-de-France,Provins,77160,Gymnase Jean Drouot Rue Jacques Beurdeley,https://www.tt-provinois.fr/,logos/77/08771506-tt-provinois.webp,https://www.tt-provinois.fr/img/DDS/Jeune.jpg,logo,#90d050 #90d030 #b0d0d0 #90b0b0,clair,,,annuaire public FFTT (carte.fftt.com),2026-09-02
08770202,ATT QUINCY,77,Seine-et-Marne,IDF,Île-de-France,Quincy Voisins,77860,Salle Robert MOUSSEAUX Complexe sportif rue Rene Benoit,,,,sans-site,,,,,annuaire public FFTT (carte.fftt.com),2026-09-02
08770408,US ROISSY TENNIS DE TABLE,77,Seine-et-Marne,IDF,Île-de-France,Roissy En Brie,77680,"Jacques ROSSIGNOL 15, avenue Charles Vaillant",https://www.usroissytt.fr/page/1028319-accueil,logos/77/08770408-us-roissy-tennis-de-table.webp,https://app.assoconnect.com/services/storage?id=1070183&type=picture&secret=D5vIWCLcbShdI2vhPkq1uAPVnuKXUO18belKdxXX&timestamp=1775461757&size=small,logo,#303030 #505050 #707070 #f0f010,clair,,,annuaire public FFTT (carte.fftt.com),2026-09-02
08771365,ASP SAVIGNY,77,Seine-et-Marne,IDF,Île-de-France,Savigny Le Temple,77176,Halle des sports Leo Lagrange 26 Rue Elsa Triolet,https://www.aspsavigny.fr/,logos/77/08771365-asp-savigny.webp,https://u.jimcdn.com/cms/o/s472e99af8231fb9b/emotion/crop/header.jpg?t=1743001064,logo,#b0f0f0 #d0f0f0 #f0f0f0 #d0d0d0,sombre,,,annuaire public FFTT (carte.fftt.com),2026-09-02
08771446,SERRIS VAL D'EUROPE ATT,77,Seine-et-Marne,IDF,Île-de-France,Serris,77700,Gymnase Eric TABARLY 47 Rue Emile Cloud,https://att-serris.assoconnect.com/page/177225-presentation,logos/77/08771446-serris-val-d-europe-att.webp,https://app.assoconnect.com/services/storage?id=215805&type=picture&secret=cDahAKc4bucNjmevUQTtXLsO4JBoVIQYbR7Cr9vt&timestamp=1775256384&size=small,logo,#109050 #107050 #b0d0d0 #f0f0f0,clair,,,annuaire public FFTT (carte.fftt.com),2026-09-02
08771516,SOLERS TENNIS DE TABLE,77,Seine-et-Marne,IDF,Île-de-France,Solers,77111,Salle des fetes Place de la Mairie,,,,sans-site,,,,,annuaire public FFTT (carte.fftt.com),2026-09-02
08770474,COMT PONTHIERRY,77,Seine-et-Marne,IDF,Île-de-France,St Fargeau Ponthierry,77310,Salle Jean-Pierre PELLETIER Rue du stade,https://comt.sportsregions.fr/,logos/77/08770474-comt-ponthierry.webp,https://comt.sportsregions.fr/media/uploaded/sites/15699/association/667d2fff42010_comt.png,logo,#d0d0d0 #b0b0b0 #909090 #901010,clair,,,annuaire public FFTT (carte.fftt.com),2026-09-02
08770911,TENNIS DE TABLE DE SAINT-PATHUS,77,Seine-et-Marne,IDF,Île-de-France,St Pathus,77178,CS Pluvinage - Salle R. Laurent Rue des Sources Salle Robert Laurent,http://www.ttsaintpathus.com,,,aucun,,,,,annuaire public FFTT (carte.fftt.com),2026-09-02
08771519,ST THIBAULT PING,77,Seine-et-Marne,IDF,Île-de-France,St Thibault Des Vignes,77400,Gymnase municipal 44 Rue des Sablons,,,,sans-site,,,,,annuaire public FFTT (carte.fftt.com),2026-09-02
08770250,CVTT VAIRES,77,Seine-et-Marne,IDF,Île-de-France,Vaires Sur Marne,77360,C.O.S.E.C Rue de l'Ecluse,https://www.vairesping.fr/,logos/77/08770250-cvtt-vaires.webp,https://www.vairesping.fr/wp-content/uploads/2024/07/Logo-CVTT-300x300.jpg,logo,#f01030 #701010 #d01030 #b01030,clair,,,annuaire public FFTT (carte.fftt.com),2026-09-02
08771303,US VAUX LE PENIL,77,Seine-et-Marne,IDF,Île-de-France,Vaux Le Penil,77000,Gymnase Germain Geissler Rue de la Liberation,https://usvtt.kalisport.com/,logos/77/08771303-us-vaux-le-penil.webp,https://usvtt.kalisport.com/public/1449/upload/theme/kal-theme-logo-header.JPG,logo,#f03010 #f05030 #301010 #303030,clair,,,annuaire public FFTT (carte.fftt.com),2026-09-02
08771426,CESSON VERT ST DENIS TT,77,Seine-et-Marne,IDF,Île-de-France,Vert St Denis,77240,Maison des Sports rue Aime Cesaire Boite 21,https://escvtt.clubeo.com/,logos/77/08771426-cesson-vert-st-denis-tt.webp,https://s3.static-clubeo.com/250/uploads/escvtt/logo__76a9t2cmm.png,logo,#d03030 #d05050 #b03030 #b01010,clair,,,annuaire public FFTT (carte.fftt.com),2026-09-02
08771315,PONGISTES DE VILLENOY,77,Seine-et-Marne,IDF,Île-de-France,Villenoy,77124,Salle des Fetes Place Picard,http://pongistes.villenoy.free.fr,,,aucun,,,,,annuaire public FFTT (carte.fftt.com),2026-09-02
08770988,USM VILLEPARISIS TT,77,Seine-et-Marne,IDF,Île-de-France,Villeparisis,77270,Gr. Sc. Severine (A. France) Avenue Anatole France (entree Ecole des Filles),,,,sans-site,,,,,annuaire public FFTT (carte.fftt.com),2026-09-02
08781476,CARRIERES SUR SEINE US,78,Yvelines,IDF,Île-de-France,,,,,,,sans-site,,,,,annuaire public FFTT (carte.fftt.com),2026-09-02
08780496,ELANCOURT CTT,78,Yvelines,IDF,Île-de-France,,,,https://www.ctte.fr/,logos/78/08780496-elancourt-ctt.webp,https://www.ctte.fr/media/uploaded/sites/11868/association/6584306ae6e53_LogoTransparentCTTEnoir.png,logo,#101010 #301010 #303030 #303010,clair,,,annuaire public FFTT (carte.fftt.com),2026-09-02
08781266,ESSARTS AGSE,78,Yvelines,IDF,Île-de-France,,,,https://www.essartsping78.fr/,logos/78/08781266-essarts-agse.webp,"https://static.wixstatic.com/media/a814b4_cb072338f04b4777974c1dcf2c6c95a1~mv2.png/v1/fill/w_53,h_53,al_c,q_85,usm_0.66_1.00_0.01,enc_avif,quality_auto/Fichier%2065969.png",logo,#101070 #b0b0d0 #d0d0f0 #101050,clair,,,annuaire public FFTT (carte.fftt.com),2026-09-02
08780585,HOUILLES SO,78,Yvelines,IDF,Île-de-France,,,,https://soh-tt.fr/fete-du-club-2026/apercu/4/tournoi-du-club-2026-annule,logos/78/08780585-houilles-so.webp,https://soh-tt.fr/public/7950/upload/theme/kal-theme-logo-header_2.png,logo,#f0d010 #d0d010 #d0b010 #d0b030,clair,,,annuaire public FFTT (carte.fftt.com),2026-09-02
08780440,JOSASSIEN TT,78,Yvelines,IDF,Île-de-France,,,,http://ttj.free.fr/,logos/78/08780440-josassien-tt.webp,http://ttj.free.fr/img/logo_bp.png,logo,#105090 #103090 #5070b0 #305090,clair,,,annuaire public FFTT (carte.fftt.com),2026-09-02
08780660,MARLY LE ROI US,78,Yvelines,IDF,Île-de-France,,,,https://www.usmrtt.fr/,logos/78/08780660-marly-le-roi-us.svg,https://www.usmrtt.fr/images/logo-usmrtt.svg,logo,#b8860b #002147,clair,,,annuaire public FFTT (carte.fftt.com),2026-09-02
08781006,MAULOISE US,78,Yvelines,IDF,Île-de-France,,,,https://www.usmtt.com/,logos/78/08781006-mauloise-us.webp,https://www.usmtt.com/favicon.ico,favicon,#f0f0f0 #d0f0f0,sombre,,,annuaire public FFTT (carte.fftt.com),2026-09-02
08781017,MONTESSON TT,78,Yvelines,IDF,Île-de-France,,,,https://www.ttmontesson.com/,logos/78/08781017-montesson-tt.webp,https://www.ttmontesson.com/wp-content/uploads/2023/06/cropped-logo-1.png,logo,#303030 #d05050 #f05070 #d05070,clair,,,annuaire public FFTT (carte.fftt.com),2026-09-02
08780678,MONTIGNY AS,78,Yvelines,IDF,Île-de-France,,,,https://www.asmb-tt.fr/,logos/78/08780678-montigny-as.webp,https://www.asmb-tt.fr/media/uploaded/sites/12877/association/6a622fd19f8b1_favicon512.png,logo,#103010 #d0d0d0 #507050 #90b090,clair,,,annuaire public FFTT (carte.fftt.com),2026-09-02
08781480,ORGERUS-THOIRY SCTT,78,Yvelines,IDF,Île-de-France,,,,,,,sans-site,,,,,annuaire public FFTT (carte.fftt.com),2026-09-02
08781477,SQY PING,78,Yvelines,IDF,Île-de-France,,,,https://www.sqyping.fr/,logos/78/08781477-sqy-ping.svg,https://cdn.prod.website-files.com/66e06edc471d4cd7cfe7d477/68210cf08ced6b2225849131_Fichier%205sqy.svg,logo,#f1861f #284596 #0070ba,clair,,,annuaire public FFTT (carte.fftt.com),2026-09-02
08780107,VIROFLAY USM,78,Yvelines,IDF,Île-de-France,,,,https://www.ttviroflay.com/,logos/78/08780107-viroflay-usm.webp,https://www.ttviroflay.com/images/index.gif,logo,#307090 #307070 #509090 #309090,clair,,,annuaire public FFTT (carte.fftt.com),2026-09-02
08781333,ABLIS ATT,78,Yvelines,IDF,Île-de-France,Ablis,78660,Salle polyvalente 51 rue des Acacias,https://www.atta-ablis.fr/,logos/78/08781333-ablis-att.webp,https://www.atta-ablis.fr/images/logo.jpg,logo,#d0d0d0 #d05030 #3050b0 #b05030,clair,,,annuaire public FFTT (carte.fftt.com),2026-09-02
08780935,ACHERES CLOC,78,Yvelines,IDF,Île-de-France,Acheres,78260,Complexe Sp.Petite Arche 33 impasse Jean Rostand (pres gare Acheres Ville),https://www.clocatennisdetable.com/,logos/78/08780935-acheres-cloc.webp,https://www.clocatennisdetable.com/uploads/images/logo_cloca.png,logo,#707090 #505070 #f07030 #9090b0,clair,,,annuaire public FFTT (carte.fftt.com),2026-09-02
08780485,ANDRESY-MAURECOURT TT,78,Yvelines,IDF,Île-de-France,Andresy,78570,Cosec Jean Moulin rue des Ormeteaux,https://andresy-maurecourt-tt.fr/,logos/78/08780485-andresy-maurecourt-tt.webp,https://andresy-maurecourt-tt.fr/wp-content/uploads/2025/09/cropped-LOGO-180x180.jpg,logo,#103070 #1090d0 #90b0b0 #f0f0f0,clair,,,annuaire public FFTT (carte.fftt.com),2026-09-02
08780401,AUBERGENVILLE CTT,78,Yvelines,IDF,Île-de-France,Aubergenville,78410,Gymnase J.M. GIOT av. Division Leclerc,,,,sans-site,,,,,annuaire public FFTT (carte.fftt.com),2026-09-02
08780529,BAILLY NOISY ASTT,78,Yvelines,IDF,Île-de-France,Bailly,78870,Gymnase Chemin du Cornouiller https://www.cd78fftt.fr/media/up,https://www.asttbn.com/,logos/78/08780529-bailly-noisy-astt.webp,https://v-images.cdnsw.com/Root/f80c2/LOGO_ASTTBN_HOMME_BLANC_.png?s=YqFFkXU=&webp_compatible=1,logo,#f0b010 #f0d010 #f0d050 #f0d070,clair,,,annuaire public FFTT (carte.fftt.com),2026-09-02
08780338,BEYNES TTC,78,Yvelines,IDF,Île-de-France,Beynes,78650,Gymnase PH. COUSTEAU rue du Stade Val des 4 Pignons,http://ttcbeynes.free.fr/,logos/78/08780338-beynes-ttc.webp,http://ttcbeynes.free.fr/images/logo-cdtt.png,logo,#d0d0d0 #707070 #f0f0f0 #f01030,clair,,,annuaire public FFTT (carte.fftt.com),2026-09-02
08781474,BOINVILLE TT,78,Yvelines,IDF,Île-de-France,Boinville Le Gaillard,78660,Services Techniques chemin de la Mare au Bois,,,,sans-site,,,,,annuaire public FFTT (carte.fftt.com),2026-09-02
08780447,BOIS D ARCY AS,78,Yvelines,IDF,Île-de-France,Bois D Arcy,78390,COSEC Stade J.MOULIN rue A. Turpault,https://www.asba-tt.fr/,logos/78/08780447-bois-d-arcy-as.webp,https://www.asba-tt.fr/media/uploaded/sites/24266/association/6a555cd819876_LogoASBATTAlpha.png,logo,#303030 #f0d030 #101030 #d0b030,clair,,,annuaire public FFTT (carte.fftt.com),2026-09-02
08781413,BONNIERES STTB,78,Yvelines,IDF,Île-de-France,Bonnières Sur Seine,78270,Gymnase Marcel Pagnol rue Marcel Pagnol,,,,sans-site,,,,,annuaire public FFTT (carte.fftt.com),2026-09-02
08781465,CHAMBOURCY ASM,78,Yvelines,IDF,Île-de-France,Chambourcy,78240,Association Sportive Municipale 5 rue du Mur du Parc Complexe sportif G Gallienne,http://www.asm-chambourcy.fr,,,aucun,,,,,annuaire public FFTT (carte.fftt.com),2026-09-02
08781473,CHATOU CROISSY TT,78,Yvelines,IDF,Île-de-France,Chatou,78400,Centre sportif Ile des Impressionnistes,https://www.chatou-croissytt.fr/,,,aucun,,,,,annuaire public FFTT (carte.fftt.com),2026-09-02
08780128,CONFLANS US,78,Yvelines,IDF,Île-de-France,Conflans Ste Honorine,78700,Gymnase JOFFRE 68 rue du Marechal JOFFRE,https://www.conflansping.com/,logos/78/08780128-conflans-us.webp,https://www.conflansping.com/mub-356-225-f8f8f8/6591/actualite/6a3cf32d622bf_20260624passation.jpg,logo,#505050 #303030 #d0d0d0 #b0b0b0,clair,,,annuaire public FFTT (carte.fftt.com),2026-09-02
08780023,FONTENAY LE FLEURY TT,78,Yvelines,IDF,Île-de-France,Fontenay Le Fleury,78330,Gymnase PERGAUD chemin des 4 Arpents,https://fontenay-le-fleury-tt.fr/,logos/78/08780023-fontenay-le-fleury-tt.webp,https://fontenay-le-fleury-tt.fr/favicon.ico,favicon,#f0f010 #b0b0b0 #d0d0d0 #909090,clair,,,annuaire public FFTT (carte.fftt.com),2026-09-02
08781144,GARGENVILLE CO,78,Yvelines,IDF,Île-de-France,Gargenville,78440,Sous-sol Place des Fetes Rue Pasteur Place du 8 mai 1945,https://gargenvtennisdetable.sportsregions.fr/,,,aucun,,,,,annuaire public FFTT (carte.fftt.com),2026-09-02
08921344,ENTENTE SPORTIVE RENAULT GROUP,78,Yvelines,IDF,Île-de-France,Guyancourt,78280,Comite d'Etablissement 1 Avenue du Golf,,,,sans-site,,,,,annuaire public FFTT (carte.fftt.com),2026-09-02
08781467,ISSOU TT,78,Yvelines,IDF,Île-de-France,Issou,78440,Stade Municipal face au 46 rue de la gare,https://issou-tt.eu/,logos/78/08781467-issou-tt.webp,"https://assets.zyrosite.com/cdn-cgi/image/format=auto,w=768,fit=crop/AQEZ8OP7pZT3p7wB/22-dOqD79BzM2iyLon5.png",logo,#f0d0d0 #f0b0b0 #f09090 #301010,clair,,,annuaire public FFTT (carte.fftt.com),2026-09-02
08780080,CHESNAY 78 AS,78,Yvelines,IDF,Île-de-France,Le Chesnay,78150,Salle Dominique HECKMANN 58 rue Caruel de St Martin,https://www.lechesnayas78.fr/,logos/78/08780080-chesnay-78-as.webp,https://www.lechesnayas78.fr/media/uploaded/sites/25811/association/6a53e7c26209d_1000045867.jpg,logo,#d0d0d0 #b0b0b0 #505050 #909090,clair,,,annuaire public FFTT (carte.fftt.com),2026-09-02
08781483,MESNIL LE ROI AS TT,78,Yvelines,IDF,Île-de-France,Le Mesnil-Le-Roi,78600,Salle Omnisports 12 rue des Grands Champs,,,,sans-site,,,,,annuaire public FFTT (carte.fftt.com),2026-09-02
08780892,MESNIL ST D. AS,78,Yvelines,IDF,Île-de-France,Le Mesnil St Denis,78320,Parc des Sports Guy Lefebure rue des Moissonneurs,https://www.asmd.fr/tennis.table/informations/,logos/78/08780892-mesnil-st-d-as.webp,https://www.asmd.fr/img/header/header_and_logo.png,logo,#109030 #d0f0d0 #90d0b0 #b0d0b0,clair,,,annuaire public FFTT (carte.fftt.com),2026-09-02
08781380,PECQ US,78,Yvelines,IDF,Île-de-France,Le Pecq,78230,GYMNASE MARCEL VILLENEUVE Bd de la Libération,,,,sans-site,,,,,annuaire public FFTT (carte.fftt.com),2026-09-02
08780886,PERRAY ES,78,Yvelines,IDF,Île-de-France,Le Perray En Yvelines,78610,Parc des Sports Rue des Lauriers 23 rue de Chartres,https://www.es-perray-tt.fr/,logos/78/08780886-perray-es.webp,https://www.es-perray-tt.fr/img/logo.jpg,logo,#b01010 #3070b0 #d0d0d0 #f0f0f0,clair,,,annuaire public FFTT (carte.fftt.com),2026-09-02
08781482,CLAYES DU PING,78,Yvelines,IDF,Île-de-France,Les Clayes Sous Bois,78340,Gymnase Thierry Gilardi ruelle Mathieu,,,,sans-site,,,,,annuaire public FFTT (carte.fftt.com),2026-09-02
08780002,LIMAY ALJ,78,Yvelines,IDF,Île-de-France,Limay,78520,Gymnase des Fosses Rouges Allee du Chateau d'Eau Hauts de Limay pres college,https://www.aljlimaytt.com/,logos/78/08780002-limay-alj.webp,https://www.aljlimaytt.com/media/uploaded/sites/5244/association/5bcdea5f0c5fa_LOGOALJLIMAYTTofficiel.png,logo,#507030 #10d050 #509030 #101010,clair,,,annuaire public FFTT (carte.fftt.com),2026-09-02
08781162,MAGNANVILLE ES,78,Yvelines,IDF,Île-de-France,Magnanville,78200,Gymnase du lycee Sedar Senghor place Pierre Beregovoy,,,,sans-site,,,,,annuaire public FFTT (carte.fftt.com),2026-09-02
08780130,MAISONS-LAFFITTE. US,78,Yvelines,IDF,Île-de-France,Maisons Laffitte,78600,Centre Sportif et Culturel 99 rue de la Muette Salle Lilas (sous-sol),,,,sans-site,,,,,annuaire public FFTT (carte.fftt.com),2026-09-02
08780114,MANTAISE AS,78,Yvelines,IDF,Île-de-France,Mantes La Jolie,78200,Salle Raoul Jutigny 15 rue de Lorraine,https://www.asmantaise.fr/categorie-17004-tennis_de_table.html,logos/78/08780114-mantaise-as.webp,https://www.asmantaise.fr/images/logo.png,logo,#105090 #1050b0 #f0f030 #d0d050,clair,,,annuaire public FFTT (carte.fftt.com),2026-09-02
08781466,GRESSEY MAULETTE PING PONG,78,Yvelines,IDF,Île-de-France,Maulette,78550,Gymnase de Maulette 7 route de Gambais,,,,sans-site,,,,,annuaire public FFTT (carte.fftt.com),2026-09-02
08780353,MAUREPAS AS,78,Yvelines,IDF,Île-de-France,Maurepas,78310,Gymnase des Bessieres 1 rue du Raz,https://maurepasping.fr/,logos/78/08780353-maurepas-as.webp,https://maurepasping.fr/media/uploaded/sites/17303/association/6780fcce09456_IMG0147.png,logo,#301030 #303030 #301010 #101010,clair,,,annuaire public FFTT (carte.fftt.com),2026-09-02
08780584,MEULAN-MUREAUX UTT,78,Yvelines,IDF,Île-de-France,Meulan En Yvelines,78250,Gymnase des Annonciades Acces par parking gare de Thun chemin vert,https://www.uttmm.fr/,logos/78/08780584-meulan-mureaux-utt.webp,https://lh3.googleusercontent.com/sitesv/AG8ngQU-_B9Tcbm8Wf9RfgKpvPoS9-ivoJmHEn6eXe8zhNSlhVi_9hYryC7z2KBtu1XLqgT3tGHkXWQhgcP_87_EGnKlOn6jR_uwHU-IjgM79rD2p86Mkb8GsaUZ2NPrg3dnMQNSiLO4HdHSvrm7AOSeYLZJyCiTZ3gGc37xVCVX7-pZRKRK23h-NR8fKfky2vY=w16383,logo,#505050 #707070 #b01010 #909090,clair,,,annuaire public FFTT (carte.fftt.com),2026-09-02
08781094,MONTFORT TT US,78,Yvelines,IDF,Île-de-France,Montfort L Amaury,78490,Gymnase du SIVOM 13 Pl. de Nickenich QRG7+5W Montfort-l'Amaury,https://montfort-tt-us.kalisport.com/,logos/78/08781094-montfort-tt-us.webp,https://montfort-tt-us.kalisport.com/public/3444/upload/theme/kal-theme-logo-header.png,logo,#507090 #7090b0 #90b0b0 #307090,clair,,,annuaire public FFTT (carte.fftt.com),2026-09-02
08781176,ORGEVAL Tennis de Table,78,Yvelines,IDF,Île-de-France,Orgeval,78630,Gymnase du Plateau St Marc allee Marcel Cotard,https://www.orgeval-tennisdetable.com,,,aucun,,,,,annuaire public FFTT (carte.fftt.com),2026-09-02
08780905,PLAISIROIS CP,78,Yvelines,IDF,Île-de-France,Plaisir,78370,Gymnase M.T.EYQUEM 71 rue René Bazin,https://www.plaisirtt.com/,logos/78/08780905-plaisirois-cp.webp,https://www.plaisirtt.com/wp-content/uploads/2026/06/Logo-PlaisirTT-2026.png,logo,#d0d0d0 #b0b0b0 #f0f0f0 #5070f0,clair,,,annuaire public FFTT (carte.fftt.com),2026-09-02
08781462,OXYGENE STELLANTIS,78,Yvelines,IDF,Île-de-France,Poissy,78300,ASCAP 45 rue Jean-Pierre TIMBAUD,,,,sans-site,,,,,annuaire public FFTT (carte.fftt.com),2026-09-02
08780108,POISSY USC,78,Yvelines,IDF,Île-de-France,Poissy,78300,Salle André Faucher (nouvelle adresse) 44 rue d'Aigremont,https://www.uscpoissytt.com/,logos/78/08780108-poissy-usc.webp,https://www.uscpoissytt.com/media/uploaded/sites/8863/association/668594da52da0_LogoUSCv3transparent.png,logo,#101050 #103050 #101030 #303050,clair,,,annuaire public FFTT (carte.fftt.com),2026-09-02
08781196,PORCHEVILLE AS,78,Yvelines,IDF,Île-de-France,Porcheville,78440,Gymnase G. DAVOT avenue Tibaldi (a cote de la piscine),,,,sans-site,,,,,annuaire public FFTT (carte.fftt.com),2026-09-02
08780078,RAMBOUILLET TT,78,Yvelines,IDF,Île-de-France,Rambouillet,78120,Salle Maurice REGIMBART 7 avenue Foch,http://www.ttrambouillet.fr/,logos/78/08780078-rambouillet-tt.webp,http://www.ttrambouillet.fr/wp-content/uploads/2014/06/cropped-cropped-Logo_Rambouillet_03-2-180x180.gif,logo,#105030 #509050 #f0f0f0 #305030,clair,,,annuaire public FFTT (carte.fftt.com),2026-09-02
08780627,SARTROUVILLOIS TT,78,Yvelines,IDF,Île-de-France,Sartrouville,78500,Gymnase Colette 9 rue du bas de la plaine,https://ttsartrouvillois.fr/,logos/78/08780627-sartrouvillois-tt.webp,https://ttsartrouvillois.fr/wp-content/uploads/Logo.png,logo,#3070b0 #303030 #101010 #101030,clair,,,annuaire public FFTT (carte.fftt.com),2026-09-02
08780568,SAINT ARNOULT US,78,Yvelines,IDF,Île-de-France,St Arnoult En Yvelines,78730,Gymnase Municipal 51 rue du Nuisement,http://saintarnoult-tennistable.over-blog.com/,,,aucun,,,,,annuaire public FFTT (carte.fftt.com),2026-09-02
08781475,SAINT CYR L'ECOLE TT,78,Yvelines,IDF,Île-de-France,St Cyr L'Ecole,78210,Complexe Sportif Pierre Mazeaud 5 rue de Lattre de Tassigny,https://scett.clubeo.com/,logos/78/08781475-saint-cyr-l-ecole-tt.webp,https://s3.static-clubeo.com/250/uploads/scett/logo__76aic9jrd.png,logo,#3030f0 #f07050 #3030d0 #f07030,clair,,,annuaire public FFTT (carte.fftt.com),2026-09-02
08780224,SAINT GERMAIN TUE,78,Yvelines,IDF,Île-de-France,St Germain En Laye,78100,Gymnase de la Colline Bd Franz Listz,,,,sans-site,,,,,annuaire public FFTT (carte.fftt.com),2026-09-02
08781468,SAINT NOM (Sports Loisirs SNLB),78,Yvelines,IDF,Île-de-France,St Nom La Breteche,78860,Pole Sportif Teddy Riner Rue Charles de Gaulle,,,,sans-site,,,,,annuaire public FFTT (carte.fftt.com),2026-09-02
08780674,SAINT-REMY-CHEVREUSE TT,78,Yvelines,IDF,Île-de-France,St Remy Les Chevreuse,78470,Compl.Sp. les Trois Rivieres - Salle P. Vaillagou rue des Ecoles,https://saint-remy-chevreuse-tt.fr/,logos/78/08780674-saint-remy-chevreuse-tt.webp,https://i0.wp.com/saint-remy-chevreuse-tt.fr/wp-content/uploads/2021/05/cropped-Logo-SRCTT-2021-Final-1.jpg?fit=180%2C180&ssl=1,logo,#b0b0f0 #5030f0 #d0d0f0 #9070f0,clair,,,annuaire public FFTT (carte.fftt.com),2026-09-02
08781471,TRIEL TT,78,Yvelines,IDF,Île-de-France,Triel Sur Seine,78510,Gymnase Cosec 61 rue de Chanteloup,https://www.triel-tt.fr/,logos/78/08781471-triel-tt.webp,https://www.triel-tt.fr/media/uploaded/sites/2241/association/6585f373cc58e_LogoTTT.png,logo,#909090 #d0d0d0 #b0b0b0 #505050,clair,,,annuaire public FFTT (carte.fftt.com),2026-09-02
08781248,VAUX TTC,78,Yvelines,IDF,Île-de-France,Vaux Sur Seine,78740,Gymnase Julien Crespo Parking de la gare,,,,sans-site,,,,,annuaire public FFTT (carte.fftt.com),2026-09-02
08780356,VELIZY CTT,78,Yvelines,IDF,Île-de-France,Velizy Villacoublay,78140,Espace Jean-Lucien Vazeille 21 rue du General Exelmans 2eme sous-sol,http://cttvelizy.fr/,logos/78/08780356-velizy-ctt.webp,http://cttvelizy.fr/images/logoCTT.jpg,logo,#105090 #107030 #f0f0f0 #107090,clair,,,annuaire public FFTT (carte.fftt.com),2026-09-02
08780890,VERNEUIL US,78,Yvelines,IDF,Île-de-France,Verneuil Sur Seine,78480,Gymnase La Garenne rue de Bazincourt,,,,sans-site,,,,,annuaire public FFTT (carte.fftt.com),2026-09-02
08780329,VERSAILLES SCTT,78,Yvelines,IDF,Île-de-France,Versailles,78000,Gymnase HENRI SIMON 33 rue Henri Simon,,,,sans-site,,,,,annuaire public FFTT (carte.fftt.com),2026-09-02
10790009,Aiffres TTC,79,Deux-Sèvres,NAQ,Nouvelle-Aquitaine,,,,http://ttc-aiffres.fr/,logos/79/10790009-aiffres-ttc.webp,http://ttc-aiffres.fr/images/Saison2025-2026/Titres_D1.jpg,logo,#505070 #b09070 #d0b090 #303030,clair,,,annuaire public FFTT (carte.fftt.com),2026-09-02
10790163,Airvault PPC,79,Deux-Sèvres,NAQ,Nouvelle-Aquitaine,,,,,,,sans-site,,,,,annuaire public FFTT (carte.fftt.com),2026-09-02
10790011,Bressuire EP,79,Deux-Sèvres,NAQ,Nouvelle-Aquitaine,,,,,,,sans-site,,,,,annuaire public FFTT (carte.fftt.com),2026-09-02
10790020,Bretignolles EP,79,Deux-Sèvres,NAQ,Nouvelle-Aquitaine,,,,,,,sans-site,,,,,annuaire public FFTT (carte.fftt.com),2026-09-02
10790025,CSC Thouars,79,Deux-Sèvres,NAQ,Nouvelle-Aquitaine,,,,https://cscthouars.com/,logos/79/10790025-csc-thouars.webp,https://cscthouars.com/skin/logo/cscthouarscom/logo.webp,logo,#f0f0d0 #f0d0b0 #f0b0b0 #707090,clair,,,annuaire public FFTT (carte.fftt.com),2026-09-02
10790069,La Creche Sainte Neomaye TT,79,Deux-Sèvres,NAQ,Nouvelle-Aquitaine,,,,,,,sans-site,,,,,annuaire public FFTT (carte.fftt.com),2026-09-02
10790235,Niort Tennis de Table,79,Deux-Sèvres,NAQ,Nouvelle-Aquitaine,,,,https://niort-tt.fr/,logos/79/10790235-niort-tennis-de-table.webp,https://niort-tt.fr/wp-content/uploads/2025/10/cropped-Logo-Profil-NTT-82x82.webp,logo,#d01010 #101010 #d01030 #303030,clair,,,annuaire public FFTT (carte.fftt.com),2026-09-02
10790003,Nueil-les-Aubiers A.P.,79,Deux-Sèvres,NAQ,Nouvelle-Aquitaine,,,,,,,sans-site,,,,,annuaire public FFTT (carte.fftt.com),2026-09-02
10790042,Parthenay PPC,79,Deux-Sèvres,NAQ,Nouvelle-Aquitaine,,,,https://www.ppcparthenay.com/,logos/79/10790042-parthenay-ppc.webp,https://www.ppcparthenay.com/media/uploaded/sites/2115/association/689b6ff0a3c3f_PPCP2025FBPROFIL2.png,logo,#1050b0 #105090 #3070b0 #7090d0,clair,,,annuaire public FFTT (carte.fftt.com),2026-09-02
10790005,Perigne TT,79,Deux-Sèvres,NAQ,Nouvelle-Aquitaine,,,,https://perignett.assoconnect.com/page/1473681-perigne-tennis-de-table,logos/79/10790005-perigne-tt.webp,https://app.assoconnect.com/services/storage?id=2108423&type=picture&secret=6JjSFCORIoXCUldJpfGPOTMEyE3jCPczIHO0Dc0a&timestamp=1775728066&size=small,logo,#103050 #f0d010 #f0f010 #d0d010,clair,,,annuaire public FFTT (carte.fftt.com),2026-09-02
10790071,St Varent TT,79,Deux-Sèvres,NAQ,Nouvelle-Aquitaine,,,,https://www.ttsv.fr/,logos/79/10790071-st-varent-tt.webp,https://www.ttsv.fr/__ovh/common/img/logo-white.png,logo,,sombre,,,annuaire public FFTT (carte.fftt.com),2026-09-02
10790045,TT CIRIERES,79,Deux-Sèvres,NAQ,Nouvelle-Aquitaine,,,,,,,sans-site,,,,,annuaire public FFTT (carte.fftt.com),2026-09-02
10790150,Breuil Chaussee CRAB,79,Deux-Sèvres,NAQ,Nouvelle-Aquitaine,Breuil Chaussee,79300,Salle des Fetes Breuil Chaussee Mairie Breuil Chaussee Place de l'eglise,,,,sans-site,,,,,annuaire public FFTT (carte.fftt.com),2026-09-02
10790015,Chatillon PPC,79,Deux-Sèvres,NAQ,Nouvelle-Aquitaine,Chatillon Sur Thouet,79200,CHATILLON PPC AVENUE DE ST EXUPERY,,,,sans-site,,,,,annuaire public FFTT (carte.fftt.com),2026-09-02
10790126,Cherveux A R,79,Deux-Sèvres,NAQ,Nouvelle-Aquitaine,Cherveux,79410,salle multi sport chemin de la pingauderie,http://club.sportsregions.fr/cherveuxpingpong,,,aucun,,,,,annuaire public FFTT (carte.fftt.com),2026-09-02
10790002,Combrand U.P.,79,Deux-Sèvres,NAQ,Nouvelle-Aquitaine,Combrand,79140,SALLE OMNISPORTS rue du stade,,,,sans-site,,,,,annuaire public FFTT (carte.fftt.com),2026-09-02
10790043,Courlay La Raquette,79,Deux-Sèvres,NAQ,Nouvelle-Aquitaine,Courlay,79440,COURLAY LA RAQUETTE Place du midi,http://www.courlaylaraquette.com,,,aucun,,,,,annuaire public FFTT (carte.fftt.com),2026-09-02
10790022,Frontenay RR AFTT,79,Deux-Sèvres,NAQ,Nouvelle-Aquitaine,Frontenay Rohan Rohan,79270,GYMNASE COLETTE BESSON rue des moulins,https://www.aftt79.fr/,logos/79/10790022-frontenay-rr-aftt.webp,https://www.aftt79.fr/assets/images/logodevantAfttsansfond-626fv8S.png,logo,#107010,clair,,,annuaire public FFTT (carte.fftt.com),2026-09-02
10790039,La Ferriere SL,79,Deux-Sèvres,NAQ,Nouvelle-Aquitaine,La Ferriere En Parthenay,79390,Salle Multisports Stade Municipal,,,,sans-site,,,,,annuaire public FFTT (carte.fftt.com),2026-09-02
10790040,La Ronde TT,79,Deux-Sèvres,NAQ,Nouvelle-Aquitaine,La Foret Sur Sèvre,79380,SALLE OMNISPORT 90 rue Maréchal de lattre de Tassigny,,,,sans-site,,,,,annuaire public FFTT (carte.fftt.com),2026-09-02
10790162,La Mothe St Heray ACMTT,79,Deux-Sèvres,NAQ,Nouvelle-Aquitaine,La Mothe St Heray,79800,com sportif de la haute sevre,,,,sans-site,,,,,annuaire public FFTT (carte.fftt.com),2026-09-02
10790024,Mauleon Trinitaires TT,79,Deux-Sèvres,NAQ,Nouvelle-Aquitaine,Mauleon,79700,SALLE STE ANNE 11 RUE DU FRERE JACQUET,https://trinitairesmauleontt.clubeo.com/,logos/79/10790024-mauleon-trinitaires-tt.webp,https://s2.static-clubeo.com/250/uploads/trinitairesmauleontt/logo__76fa2luo8.png,logo,#103030 #f0f0f0 #d0d0b0 #305030,clair,,,annuaire public FFTT (carte.fftt.com),2026-09-02
10790229,SA Moncoutant TT,79,Deux-Sèvres,NAQ,Nouvelle-Aquitaine,Moncoutant,79320,La Salle La Chenaie Place du 8 Mai,http://sam-tennis-de-table.e-monsite.com/,,,aucun,,,,,annuaire public FFTT (carte.fftt.com),2026-09-02
10790186,CDJ Pompaire Menigoute TT,79,Deux-Sèvres,NAQ,Nouvelle-Aquitaine,Pompaire,79200,salle Raymond Genty 8 RUE DES LAVANDIERES (pres du stade),,,,sans-site,,,,,annuaire public FFTT (carte.fftt.com),2026-09-02
10790036,Rorthais AP,79,Deux-Sèvres,NAQ,Nouvelle-Aquitaine,Rorthais,79700,RORTHAIS AP SALLE OMNISPORTS Rue du Mitron,,,,sans-site,,,,,annuaire public FFTT (carte.fftt.com),2026-09-02
10790058,Secondigny PPC,79,Deux-Sèvres,NAQ,Nouvelle-Aquitaine,Secondigny,79130,Complexe Sportif rue du Stade,,,,sans-site,,,,,annuaire public FFTT (carte.fftt.com),2026-09-02
10790038,St Leger de Montbrun PPC,79,Deux-Sèvres,NAQ,Nouvelle-Aquitaine,St Leger De Montbrun,79100,stade de foot rue de Montalais Vreres,,,,sans-site,,,,,annuaire public FFTT (carte.fftt.com),2026-09-02
10790185,St Maixent SASM TT,79,Deux-Sèvres,NAQ,Nouvelle-Aquitaine,St Maixent L Ecole,79400,Salle Rémy Boux 17 Rue Haute de la Croix,,,,sans-site,,,,,annuaire public FFTT (carte.fftt.com),2026-09-02
10790204,St Sauveur asp,79,Deux-Sèvres,NAQ,Nouvelle-Aquitaine,St Sauveur,79300,ST SAUVEUR A S P rue de Palveau Complexe sportif,,,,sans-site,,,,,annuaire public FFTT (carte.fftt.com),2026-09-02
10790228,Villiers en Plaine TS 44,79,Deux-Sèvres,NAQ,Nouvelle-Aquitaine,Villiers En Plaine,79160,Ancienne salle des fetes 9 Route de Benet,,,,sans-site,,,,,annuaire public FFTT (carte.fftt.com),2026-09-02
07800106,DOULLENS-BERNAVILLE TT,80,Somme,HDF,Hauts-de-France,,,,,,,sans-site,,,,,annuaire public FFTT (carte.fftt.com),2026-09-02
07800011,EPPEVILLOIS TENNIS de TABLE,80,Somme,HDF,Hauts-de-France,,,,http://tennisdetableeppevillois.jimdo.com,,,aucun,,,,,annuaire public FFTT (carte.fftt.com),2026-09-02
07800004,MERS LE TREPORT EU TT,80,Somme,HDF,Hauts-de-France,,,,http://www.ttmte.fr,,,aucun,,,,,annuaire public FFTT (carte.fftt.com),2026-09-02
07800126,RUE U.P.,80,Somme,HDF,Hauts-de-France,,,,http://www.up-rue.com/,,,aucun,,,,,annuaire public FFTT (carte.fftt.com),2026-09-02
07800003,VILLERS-BRETONNEUX PPC,80,Somme,HDF,Hauts-de-France,,,,https://www.ppc-villers-bretonneux.com/,logos/80/07800003-villers-bretonneux-ppc.webp,https://www.ppc-villers-bretonneux.com/media/uploaded/sites/173/association/575305f423f5b_ppcvb.jpg,logo,#90d0f0 #1050b0 #1030b0 #70b0d0,clair,,,annuaire public FFTT (carte.fftt.com),2026-09-02
07800008,ABBEVILLE ACTT,80,Somme,HDF,Hauts-de-France,Abbeville,80100,Salle Christophe Closset 133 avenue du rivage,http://www.acattphpnet.org,,,aucun,,,,,annuaire public FFTT (carte.fftt.com),2026-09-02
07800006,ALBERT U.S.O.A TT,80,Somme,HDF,Hauts-de-France,Albert,80300,Salle Guy Damelincourt Chemin Croise de La Justice Gymnase Lamarck,https://usoaatt-albert.fr/,,,aucun,,,,,annuaire public FFTT (carte.fftt.com),2026-09-02
07800067,ALLERY TT,80,Somme,HDF,Hauts-de-France,Allery,80270,SALLE COMMUNALE RUE DU BAS QUAYET,,,,sans-site,,,,,annuaire public FFTT (carte.fftt.com),2026-09-02
07800005,AMIENS LL,80,Somme,HDF,Hauts-de-France,Amiens,80000,SALLE LEO LAGRANGE 400 RUE COLBERT COMPLEXE SPORTIF EMILE GUEGAN,http://amiensleolagrange.free.fr/,,,aucun,,,,,annuaire public FFTT (carte.fftt.com),2026-09-02
07800001,AMIENS STT,80,Somme,HDF,Hauts-de-France,Amiens,80000,SALLE LABAUME 304 RUE GAUTHIER DE RUMILLY,https://amienssport-tt.com/,logos/80/07800001-amiens-stt.webp,https://amienssport-tt.com/wp-content/themes/astt/img/logo_astt-v2.png,logo,#101050 #101070 #50b0f0 #303070,clair,,,annuaire public FFTT (carte.fftt.com),2026-09-02
07800071,DREUIL TT,80,Somme,HDF,Hauts-de-France,Amiens,80000,HALLE DES SPORTS D'ETOUVIE RUE DE L'ILE DE FRANCE,,,,sans-site,,,,,annuaire public FFTT (carte.fftt.com),2026-09-02
07800147,BEAUVAL TT,80,Somme,HDF,Hauts-de-France,Beauval,80630,SALLE Pierre SUEUR Rue Pierre SUEUR,,,,sans-site,,,,,annuaire public FFTT (carte.fftt.com),2026-09-02
07800079,BETHENCOURT US,80,Somme,HDF,Hauts-de-France,Bethencourt Sur Mer,80130,SALLE GILBERT GODQUIN STADE,,,,sans-site,,,,,annuaire public FFTT (carte.fftt.com),2026-09-02
07800023,BOUZINCOURT PPC,80,Somme,HDF,Hauts-de-France,Bouzincourt,80300,SALLE MULTISPORTS rue des places,,,,sans-site,,,,,annuaire public FFTT (carte.fftt.com),2026-09-02
07800125,BOVES ASTT,80,Somme,HDF,Hauts-de-France,Boves,80440,BOVES ASTT 8 RUE DU STADE,,,,sans-site,,,,,annuaire public FFTT (carte.fftt.com),2026-09-02
07800160,CHEPY TENNIS DE TABLE,80,Somme,HDF,Hauts-de-France,Chepy,80210,SALLE Jean-Marcel MERLEN,,,,sans-site,,,,,annuaire public FFTT (carte.fftt.com),2026-09-02
07800066,DOMART/LA LUCE TT,80,Somme,HDF,Hauts-de-France,Domart Sur La Luce,80110,SALLE DES FeTES RUE DE BERTEAUCOURT,,,,sans-site,,,,,annuaire public FFTT (carte.fftt.com),2026-09-02
07800013,FEUQUIERES EN VIMEU TT,80,Somme,HDF,Hauts-de-France,Feuquieres En Vimeu,80210,FEUQUIERES EN VIMEU TT 14 RUE HENRI BARBUSSE,http://www.feuquieresenvimeutt.com,,,aucun,,,,,annuaire public FFTT (carte.fftt.com),2026-09-02
07800061,VILLE LE MARCLET-FLIXECOURT ENT,80,Somme,HDF,Hauts-de-France,Flixecourt,80420,COMPLEXE SPORTIF R.CAPEL RUE PHILIPPE ERMENAUT,http://ville-le-marclet-flixecourt-tt.org/,,,aucun,,,,,annuaire public FFTT (carte.fftt.com),2026-09-02
07800108,FOURDRINOY TT,80,Somme,HDF,Hauts-de-France,Fourdrinoy,80310,SALLE POLYVALENTE PLACE DU VILLAGE,,,,sans-site,,,,,annuaire public FFTT (carte.fftt.com),2026-09-02
07800015,FRIVILLE-ESCARBOTIN-BELLOY TT,80,Somme,HDF,Hauts-de-France,Friville Escarbotin,80130,RESTAURANT SCOLAIRE RUE ABBE CARON,,,,sans-site,,,,,annuaire public FFTT (carte.fftt.com),2026-09-02
07800014,PLESSIER ROZAINVILLERS SC,80,Somme,HDF,Hauts-de-France,Le Plessier Rozainvillers,80110,SALLE POLYVALENTE 1 RUE DE L'HIRONDELLE,,,,sans-site,,,,,annuaire public FFTT (carte.fftt.com),2026-09-02
07800102,LONGUEAU ESC,80,Somme,HDF,Hauts-de-France,Longueau,80330,GYMNASE HERVE VANHUSE 3 Rue Des Alliés,,,,sans-site,,,,,annuaire public FFTT (carte.fftt.com),2026-09-02
07800074,MONTDIDIER PPC,80,Somme,HDF,Hauts-de-France,Montdidier,80500,GYMNASE DU PRIEURE RUE DU COLLEGE,,,,sans-site,,,,,annuaire public FFTT (carte.fftt.com),2026-09-02
07800040,MOREUIL PPC,80,Somme,HDF,Hauts-de-France,Moreuil,80110,SALLE ST VAAST RUE BASSE DES ECOLES DERRIERE LA MAIRIE,https://ppcmoreuil.asso-web.com/,logos/80/07800040-moreuil-ppc.webp,https://ppcmoreuil.asso-web.com/uploaded/logo/d1005128b8dff39ebac0a519e385e6b7.jpg,logo,#705030 #505030 #d09050 #707030,clair,,,annuaire public FFTT (carte.fftt.com),2026-09-02
07800054,MUILLE PPC,80,Somme,HDF,Hauts-de-France,Muille Villette,80400,SALLE POLYVALENTE ROUTE DE PARIS,http://muilloisppc.wix.com/muilloisppc,,,aucun,,,,,annuaire public FFTT (carte.fftt.com),2026-09-02
07800098,PERONNE TT,80,Somme,HDF,Hauts-de-France,Peronne,80200,CENTRE SPORTIF PATRICK DUPONT 1 AVENUE DE L'EUROPE,,,,sans-site,,,,,annuaire public FFTT (carte.fftt.com),2026-09-02
07800030,PIERREPONT/AVRE USL,80,Somme,HDF,Hauts-de-France,Pierrepont Sur Avre,80500,SALLE DES FETES ROUTE NATIONALE,,,,sans-site,,,,,annuaire public FFTT (carte.fftt.com),2026-09-02
07800064,POIX DE PICARDIE USTT,80,Somme,HDF,Hauts-de-France,Poix De Picardie,80290,SALLE TELECOM RUE DU GENERAL LECLERC,http://uspoixtt.wix.com/poix-tennis-de-table,,,aucun,,,,,annuaire public FFTT (carte.fftt.com),2026-09-02
07800107,PROYART ASTT,80,Somme,HDF,Hauts-de-France,Proyart,80340,SALLE DES FETES RUE DE L'EGLISE,http://asttproyart.free.fr/,,,aucun,,,,,annuaire public FFTT (carte.fftt.com),2026-09-02
07800018,PUZEAUX AAE,80,Somme,HDF,Hauts-de-France,Puzeaux,80320,SALLE POLYVALENTE RUE DE LA FORGE,,,,sans-site,,,,,annuaire public FFTT (carte.fftt.com),2026-09-02
07800153,RIBEMONT/ANCRE TT,80,Somme,HDF,Hauts-de-France,Ribemont Sur Ancre,80800,ATTRA RUE DE LA POSTE,,,,sans-site,,,,,annuaire public FFTT (carte.fftt.com),2026-09-02
07800062,CAIX-ROSIERES TTCR,80,Somme,HDF,Hauts-de-France,Rosieres En Santerre,80170,SALLE POLYVALENTE RUE Des Anciens Combattants,,,,sans-site,,,,,annuaire public FFTT (carte.fftt.com),2026-09-02
07800088,ROYE PPC,80,Somme,HDF,Hauts-de-France,Roye,80700,AEROBASE DE ROYE RUE JACQUES DOYEN BAT LA PISCINE,http://www.ppcroye.com,,,aucun,,,,,annuaire public FFTT (carte.fftt.com),2026-09-02
07800140,ST FUSCIEN TT,80,Somme,HDF,Hauts-de-France,St Fuscien,80680,SALLE POLYVALENTE 4 RUE DE L'EGLISE,,,,sans-site,,,,,annuaire public FFTT (carte.fftt.com),2026-09-02
07800020,ST SAUFLIEU ASL,80,Somme,HDF,Hauts-de-France,St Sauflieu,80160,SALLE DES FETES RUE DU SEHU,,,,sans-site,,,,,annuaire public FFTT (carte.fftt.com),2026-09-02
07800139,ST VALERY ASTT,80,Somme,HDF,Hauts-de-France,St Valery Sur Somme,80230,GYMNASE RUE ST PIERRE,,,,sans-site,,,,,annuaire public FFTT (carte.fftt.com),2026-09-02
07800156,TINCOURT-BOUCLY FR COLOGNE,80,Somme,HDF,Hauts-de-France,Tincourt Boucly,80240,LA COLOGNE CHEMIN FONTAINE,,,,sans-site,,,,,annuaire public FFTT (carte.fftt.com),2026-09-02
07800161,VALINES VIMEU TENNIS DE TABLE,80,Somme,HDF,Hauts-de-France,Valines,80132,SALLE POLYVALENTE PLACE DU MARECHAL LECLERC,,,,sans-site,,,,,annuaire public FFTT (carte.fftt.com),2026-09-02
07800128,VAUCHELLES ASV,80,Somme,HDF,Hauts-de-France,Vauchelles Les Quesnoy,80132,SALLE DES SPORTS ROUTE DE BUGNY,,,,sans-site,,,,,annuaire public FFTT (carte.fftt.com),2026-09-02
07800141,VIGNACOURT TT,80,Somme,HDF,Hauts-de-France,Vignacourt,80650,SALLE DES FETES OU POLYVALENTE RUE GODARD DUBUC,,,,sans-site,,,,,annuaire public FFTT (carte.fftt.com),2026-09-02
11810001,ASPTT ALBI tennis de table,81,Tarn,OCC,Occitanie,Albi,81000,GYMNASE CAUSSELS 26 AVENUE DE SAINT JUERY autre salle: Gymnase Rochegude,https://albitennisdetable.fr/,logos/81/11810001-asptt-albi-tennis-de-table.webp,https://albitennisdetable.fr/wp-content/uploads/2026/08/logo-asptt-albi-tennis-de-table.png,logo,#f05030 #d05030 #301010 #101010,clair,,,annuaire public FFTT (carte.fftt.com),2026-09-02
11810008,U.S. CARMAUX TT,81,Tarn,OCC,Occitanie,Carmaux,81400,U.S. CARMAUX 7 RUE DE L'ECLUSE,https://www.uscarmauxtt.fr/,logos/81/11810008-u-s-carmaux-tt.webp,https://www.uscarmauxtt.fr/media/uploaded/sites/20954/association/62b5c0cbbe703_logouscttfinal.gif,logo,#f01010 #b0b010 #90d010 #d01010,clair,,,annuaire public FFTT (carte.fftt.com),2026-09-02
11810024,CASTRES TARN-SUD TT,81,Tarn,OCC,Occitanie,Castres,81100,COSEC BORDE BASSE Rue Comte Emmanuel de las Cases,https://www.castrestennisdetable.fr/,logos/81/11810024-castres-tarn-sud-tt.webp,https://primary.jwwb.nl/public/q/w/a/temp-axayczcswnrivakybajl/grand-standard.png,logo,#d03030 #d0d0f0 #90b0d0 #b0b0d0,clair,,,annuaire public FFTT (carte.fftt.com),2026-09-02
11810034,TENNIS DE TABLE GRAULHET,81,Tarn,OCC,Occitanie,Graulhet,81300,Gymnase de La capelette Cote de la capelette,,,,sans-site,,,,,annuaire public FFTT (carte.fftt.com),2026-09-02
11810028,Tennis de Table PAYS GAILLACOIS,81,Tarn,OCC,Occitanie,Labastide De Levis,81150,SALLE POLYVALENTE rue des ecoles,https://ttpaysgaillacois.clubeo.com/,logos/81/11810028-tennis-de-table-pays-gaillacois.webp,https://ttpaysgaillacois.clubeo.com/uploads/ttpaysgaillacois/shield.png,logo,#f0f0f0,clair,,,annuaire public FFTT (carte.fftt.com),2026-09-02
11810033,LABRUGUIERE FUN PING,81,Tarn,OCC,Occitanie,Labruguiere,81290,Complexe Sportif Chemin de Bellegarde,https://labruguiere-fun-ping.wixsite.com/lfp81,logos/81/11810033-labruguiere-fun-ping.webp,"https://static.wixstatic.com/media/60b9d4_abe8a4041b814f69be6fa5a937053154~mv2.jpg/v1/fill/w_228,h_146,al_c,q_80,usm_0.66_1.00_0.01,enc_avif,quality_auto/LOGO%20FUN%20PING%20final.jpg",logo,#70b070 #d0d0d0 #50b070 #109050,clair,,,annuaire public FFTT (carte.fftt.com),2026-09-02
11810013,F L E P LACABAREDE,81,Tarn,OCC,Occitanie,Lacabarède,81240,Salle polyvalente 1 Chemin Du Parc,,,,sans-site,,,,,annuaire public FFTT (carte.fftt.com),2026-09-02
11810003,U.P.MAZAMETAINE,81,Tarn,OCC,Occitanie,Mazamet,81200,U.P.MAZAMETAINE 63 RUE DES CORDES,http://www.mazamet-tennisdetable.com/,,,aucun,,,,,annuaire public FFTT (carte.fftt.com),2026-09-02
11810015,PING ST PAULAIS PAYS DE COCAGNE,81,Tarn,OCC,Occitanie,St Paul Cap De Joux,81220,GYMNASE GILBERT LEARTE AVENUE DU STADE,https://www.pingstpaulais.com/,logos/81/11810015-ping-st-paulais-pays-de-cocagne.webp,https://www.pingstpaulais.com/wp-content/uploads/2017/01/cropped-logo-final-e1504198564468.png,logo,#f0b030 #f09030 #f0d030 #303090,clair,,,annuaire public FFTT (carte.fftt.com),2026-09-02
11820008,U.S MONTAUBAN T.T,82,Tarn-et-Garonne,OCC,Occitanie,,,,,,,sans-site,,,,,annuaire public FFTT (carte.fftt.com),2026-09-02
11820035,US CASTELMAYRAN TENNIS DE TABLE,82,Tarn-et-Garonne,OCC,Occitanie,Castelmayran,82210,SALLES DES FETES,,,,sans-site,,,,,annuaire public FFTT (carte.fftt.com),2026-09-02
11820018,CERCLE ATHLETIQUE CASTELSARRASIN,82,Tarn-et-Garonne,OCC,Occitanie,Castelsarrasin,82100,GYMNASE Adrien Alary ROUTE DE TOULOUSE,https://www.cactt.org/,logos/82/11820018-cercle-athletique-castelsarrasin.webp,https://ra0.cdnsw.com/site-logos/1981193/logocactt3.jpg,logo,#f01010 #f0d0d0 #f0b0b0 #f05050,clair,,,annuaire public FFTT (carte.fftt.com),2026-09-02
11820026,AVENIR MONTBETONAIS TT,82,Tarn-et-Garonne,OCC,Occitanie,Montbeton,82290,Salle Jean Bourdette Rue Jean Bourdette Salle n2,,,,sans-site,,,,,annuaire public FFTT (carte.fftt.com),2026-09-02
11820032,AS MONTECH TT,82,Tarn-et-Garonne,OCC,Occitanie,Montech,82700,GYMNASE VERCINGETORIX IMPASSE LACOSTE,,,,sans-site,,,,,annuaire public FFTT (carte.fftt.com),2026-09-02
11820007,PPC CAUSSADAIS,82,Tarn-et-Garonne,OCC,Occitanie,Monteils,82300,POLE SPORTIF 59 ROUTE DES PIGEONNIERS,http://ppccaussadais.simdif.com,,,aucun,,,,,annuaire public FFTT (carte.fftt.com),2026-09-02
11820011,L ATOUT STEPHANOIS,82,Tarn-et-Garonne,OCC,Occitanie,Saint-Étienne-De-Tulmont,82410,SALLE SPORTIVE POLYVALENTE Rue des Sports,,,,sans-site,,,,,annuaire public FFTT (carte.fftt.com),2026-09-02
11820027,T.T.ST PAUL D ESPIS,82,Tarn-et-Garonne,OCC,Occitanie,St Paul D Espis,82400,FOYER CULTUREL,,,,sans-site,,,,,annuaire public FFTT (carte.fftt.com),2026-09-02
11820034,BEAUPUY-VERDUN TT,82,Tarn-et-Garonne,OCC,Occitanie,Verdun Sur Garonne,82600,Salle MultiSport chemin de la foret,http://bvtt78.wix.com/bvtt,,,aucun,,,,,annuaire public FFTT (carte.fftt.com),2026-09-02
13830029,A M S L FREJUS,83,Var,PAC,Provence-Alpes-Côte d'Azur,,,,,,,sans-site,,,,,annuaire public FFTT (carte.fftt.com),2026-09-02
13830093,BARJOLS ST JULIEN TT,83,Var,PAC,Provence-Alpes-Côte d'Azur,,,,,,,sans-site,,,,,annuaire public FFTT (carte.fftt.com),2026-09-02
13830089,CLUB TENNIS DE TABLE AUPSOIS,83,Var,PAC,Provence-Alpes-Côte d'Azur,,,,,,,sans-site,,,,,annuaire public FFTT (carte.fftt.com),2026-09-02
13830015,CLUB TT COGOLIN,83,Var,PAC,Provence-Alpes-Côte d'Azur,,,,http://cttcogolin.fr/,,,aucun,,,,,annuaire public FFTT (carte.fftt.com),2026-09-02
13830071,T.T. HYEROIS,83,Var,PAC,Provence-Alpes-Côte d'Azur,,,,http://www.tthyerois.com,,,aucun,,,,,annuaire public FFTT (carte.fftt.com),2026-09-02
13830066,TENNIS DE TABLE BRIGNOLES,83,Var,PAC,Provence-Alpes-Côte d'Azur,,,,https://ttbrignoles.com/,logos/83/13830066-tennis-de-table-brignoles.webp,https://ttbrignoles.com/wp-content/uploads/2022/06/logo-ttb.jpg,logo,#d0d0d0 #103030 #101030 #3090b0,clair,,,annuaire public FFTT (carte.fftt.com),2026-09-02
13830007,TT CARQUEIRANNAIS,83,Var,PAC,Provence-Alpes-Côte d'Azur,,,,,,,sans-site,,,,,annuaire public FFTT (carte.fftt.com),2026-09-02
13830059,VALLEE DU GAPEAU TT,83,Var,PAC,Provence-Alpes-Côte d'Azur,Belgentier,83210,FOYER MILLE CLUBS PLACE ETIENNE ARNAUD,,,,sans-site,,,,,annuaire public FFTT (carte.fftt.com),2026-09-02
13830016,LA RAQUETTE CAVALAIROISE T.T,83,Var,PAC,Provence-Alpes-Côte d'Azur,Cavalaire Sur Mer,83240,COMPLEXE HENRY GROS AVENUE PIERRE ET MARIE CURIE,http://raquettecavalairoise.club.sportsregions.fr/,,,aucun,,,,,annuaire public FFTT (carte.fftt.com),2026-09-02
13830031,ATT DRACENIE,83,Var,PAC,Provence-Alpes-Côte d'Azur,Draguignan,83300,COMPLEXE HENRI GIRAN 955 BOULEVARD LEON BLUM,https://attdracenie.fr/,logos/83/13830031-att-dracenie.webp,https://attdracenie.fr/_assets/images/725b756a69a7d4c235070e51acd85560.png,logo,#101030,clair,,,annuaire public FFTT (carte.fftt.com),2026-09-02
13830022,ETOILE PONGISTE PAYS DE FAYENCE,83,Var,PAC,Provence-Alpes-Côte d'Azur,Fayence,83440,GYMNASE CAMILLE COURTOIS AVENUE ROBERT FABRE,https://eppfayence.fr/,logos/83/13830022-etoile-pongiste-pays-de-fayence.webp,https://eppfayence.fr/media/uploaded/sites/884/bandeau/6422b34d7d6c9_EtoilePongisteduPaysdeFayence.png,logo,#301010 #501010 #303030 #101010,clair,,,annuaire public FFTT (carte.fftt.com),2026-09-02
13830064,CTT FORCALQUEIRET,83,Var,PAC,Provence-Alpes-Côte d'Azur,Forcalqueiret,83136,SALLE DE SPORTS LOUIS BLANC 38 avenue Frederic Mistral,,,,sans-site,,,,,annuaire public FFTT (carte.fftt.com),2026-09-02
13830044,US LA CRAU TENNIS DE TABLE,83,Var,PAC,Provence-Alpes-Côte d'Azur,La Crau,83260,SALLE CHARLES PARNAUD Parc des sports Louis PALAZY 415 Avenue Frederic MISTRAL,https://www.uscttlacrau.fr/,logos/83/13830044-us-la-crau-tennis-de-table.webp,https://www.uscttlacrau.fr/wp-content/uploads/2025/06/logo.png,logo,#101010 #f0f030 #303010 #505030,clair,,,annuaire public FFTT (carte.fftt.com),2026-09-02
13830025,LA GARDE TENNIS DE TABLE,83,Var,PAC,Provence-Alpes-Côte d'Azur,La Garde,83130,GYMNASE Bernard CHABOT AVENUE HENRI BARBUSSE,https://www.lagarde-tennisdetable.fr/,logos/83/13830025-la-garde-tennis-de-table.webp,https://www.lagarde-tennisdetable.fr/wp-content/uploads/2018/10/cropped-lgtt_logo-2.jpg,logo,#b0d0d0 #f0f0f0 #f0d0d0 #7090b0,clair,,,annuaire public FFTT (carte.fftt.com),2026-09-02
13830083,TOULON LA SEYNE Tennis de Table,83,Var,PAC,Provence-Alpes-Côte d'Azur,La Seyne Sur Mer,83500,COMPLEXE LERY 342 Bd de l'Europe,https://tlstt.fr/,logos/83/13830083-toulon-la-seyne-tennis-de-table.webp,https://tlstt.fr/logo.jpeg,logo,#1070b0 #70b0d0 #b0d0f0 #d0f0f0,clair,,,annuaire public FFTT (carte.fftt.com),2026-09-02
13830088,CLUB VALETTOIS TT,83,Var,PAC,Provence-Alpes-Côte d'Azur,La Valette,83160,SALLE VALERIE GARNIER AVENUE LEON GUERIN,http://www.ttvalettois.fr/,logos/83/13830088-club-valettois-tt.webp,http://www.ttvalettois.fr/images/logo-CVTT_4jxhhitd.png,logo,#10b0d0 #30b030 #30d030 #b0d030,clair,,,annuaire public FFTT (carte.fftt.com),2026-09-02
13830087,LE BEAUSSET TT ASSOCIATION,83,Var,PAC,Provence-Alpes-Côte d'Azur,Le Beausset,83330,COMPLEXE SPORTIF DU BEAUSSET QUARTIER FOURNIGUE COLLEGE JEAN GIONO,,,,sans-site,,,,,annuaire public FFTT (carte.fftt.com),2026-09-02
13830090,TENNIS DE TABLE LAVANDOU BORMES,83,Var,PAC,Provence-Alpes-Côte d'Azur,Le Lavandou,83980,COSEC RUE JULES FERRY,,,,sans-site,,,,,annuaire public FFTT (carte.fftt.com),2026-09-02
13830014,T.T.LUCOIS,83,Var,PAC,Provence-Alpes-Côte d'Azur,Le Luc,83340,GYMNASE PIERRE GAUDIN AV.PIERRE DE COUBERTIN,https://tt-lucois.legtux.org/,logos/83/13830014-t-t-lucois.webp,https://tt-lucois.legtux.org/img/logoping.jpg,logo,#f01010 #d0d0d0 #f0f0f0 #707070,clair,,,annuaire public FFTT (carte.fftt.com),2026-09-02
13830097,LORGUES ETOILE SPORTIVE TT,83,Var,PAC,Provence-Alpes-Côte d'Azur,Lorgues,83510,COMPLEXE MULTISPORTS JEAN TURCHI 151 ROUTE DE SALERNES,,,,sans-site,,,,,annuaire public FFTT (carte.fftt.com),2026-09-02
13830086,PING PONG OLLIOULAIS,83,Var,PAC,Provence-Alpes-Côte d'Azur,Ollioules,83190,Gymnase Charles Coste (Ex Vallon) rue Marcel Pagnol,,,,sans-site,,,,,annuaire public FFTT (carte.fftt.com),2026-09-02
13830062,TT PIERREFEU DU VAR,83,Var,PAC,Provence-Alpes-Côte d'Azur,Pierrefeu Du Var,83390,Gymnase de la halle des sports rue Louis Pasteur,,,,sans-site,,,,,annuaire public FFTT (carte.fftt.com),2026-09-02
13830096,ASLTT VAR ARGENS,83,Var,PAC,Provence-Alpes-Côte d'Azur,Puget Sur Argens,83480,COMPLEXE SPORTIF 137 BOULEVARD CAVALIER,,,,sans-site,,,,,annuaire public FFTT (carte.fftt.com),2026-09-02
13830092,SANARY TT ASSOCIATION,83,Var,PAC,Provence-Alpes-Côte d'Azur,Sanary Sur Mer,83110,GYMNASE DE LA VERNETTE ALLEE DES MACLAHORIAS,,,,sans-site,,,,,annuaire public FFTT (carte.fftt.com),2026-09-02
13830051,Tennis de Table Six-Fours,83,Var,PAC,Provence-Alpes-Côte d'Azur,Six Fours Les Plages,83140,PALAIS DES SPORTS RUE CURET BAS LA COUDOULIERE,https://tennisdetablesixfours.blogspot.com/,,,aucun,,,,,annuaire public FFTT (carte.fftt.com),2026-09-02
13830068,C.T.T. SAINT MAXIMIN,83,Var,PAC,Provence-Alpes-Côte d'Azur,St Maximin La Ste Baume,83470,COSEC LEI GARRUS CHEMIN DES ANGES,,,,sans-site,,,,,annuaire public FFTT (carte.fftt.com),2026-09-02
13830013,A S SAINT RAPHAEL,83,Var,PAC,Provence-Alpes-Côte d'Azur,St Raphael,83700,SALLE DE TT ROBERT DESIO BD DE L'ASPE COMPLEXE SPORTIF,,,,sans-site,,,,,annuaire public FFTT (carte.fftt.com),2026-09-02
13830060,U.S.TROPEZIENNE,83,Var,PAC,Provence-Alpes-Côte d'Azur,St Tropez,83990,GYMNASE DU MOULIN BLANC ROUTE DES SALINS,https://tennistablesttropez.fr/,logos/83/13830060-u-s-tropezienne.webp,https://i0.wp.com/tennistablesttropez.fr/wp-content/uploads/2013/09/dsc01877.jpg?resize=584%2C389,logo,#707070 #705030 #b09050 #505050,clair,,,annuaire public FFTT (carte.fftt.com),2026-09-02
13830067,A.S. MAXIME T.T.,83,Var,PAC,Provence-Alpes-Côte d'Azur,Ste Maxime,83120,SALLE PASTORELLI avenue Benjamin Freze COMPLEXE SPORTIF ROSSI,https://asmaxime-tt.clubeo.com/,logos/83/13830067-a-s-maxime-t-t.webp,https://s3.static-clubeo.com/100/uploads/asmaxime-tt/logo__76a9t1qb7.jpg,logo,#d0d0d0 #f0f0f0 #b0b0b0 #d0f0f0,sombre,,,annuaire public FFTT (carte.fftt.com),2026-09-02
13830091,TT TRANSIAN,83,Var,PAC,Provence-Alpes-Côte d'Azur,Trans En Provence,83720,SALLE POLYVALENTE CHEMIN DES CLAUSES,https://tttransian-00.webself.net/accueil,logos/83/13830091-tt-transian.webp,https://tttransian-00.webself.net/file/app/7/logo/ws-logo-150x55.png,logo,#10b0b0 #10b0d0,clair,,,annuaire public FFTT (carte.fftt.com),2026-09-02
13840006,AVENIR PONGISTE MONTELAIS,84,Vaucluse,PAC,Provence-Alpes-Côte d'Azur,,,,,,,sans-site,,,,,annuaire public FFTT (carte.fftt.com),2026-09-02
13840065,PERTUIS SUD LUBERON TT,84,Vaucluse,PAC,Provence-Alpes-Côte d'Azur,,,,,,,sans-site,,,,,annuaire public FFTT (carte.fftt.com),2026-09-02
13840050,STARLINE CLUB TENNIS TABLE,84,Vaucluse,PAC,Provence-Alpes-Côte d'Azur,,,,,,,sans-site,,,,,annuaire public FFTT (carte.fftt.com),2026-09-02
13840064,ENTENTE DES PONGISTES APTESIENS,84,Vaucluse,PAC,Provence-Alpes-Côte d'Azur,Apt,84400,Gymnase GUIGOU 130 BD MARECHAL JOFFRE,,,,sans-site,,,,,annuaire public FFTT (carte.fftt.com),2026-09-02
13840012,PING PONG CLUB AVIGNONNAIS,84,Vaucluse,PAC,Provence-Alpes-Côte d'Azur,Avignon,84000,SALLE LUC VIGNAL Avenue Elsa Triollet COSEC St Chamand Jacques MORETTI,https://www.ppcavignonnais.fr/,logos/84/13840012-ping-pong-club-avignonnais.webp,https://www.ppcavignonnais.fr/site/screenshot/?size_preset=fb&v=1720708096,logo,#505050 #f0d010 #707070 #303030,clair,,,annuaire public FFTT (carte.fftt.com),2026-09-02
13840038,ASPTT CARPENTRAS COVE,84,Vaucluse,PAC,Provence-Alpes-Côte d'Azur,Carpentras,84200,COMPLEXE SPORTIF SAINTE FAMILLE,,,,sans-site,,,,,annuaire public FFTT (carte.fftt.com),2026-09-02
13840005,CAVAILLON TT,84,Vaucluse,PAC,Provence-Alpes-Côte d'Azur,Cavaillon,84300,CAVAILLON TT BOULEVARD JEAN MOULIN GYMNASE LA CLEDE,,,,sans-site,,,,,annuaire public FFTT (carte.fftt.com),2026-09-02
13840037,P P C COURTHEZONNAIS,84,Vaucluse,PAC,Provence-Alpes-Côte d'Azur,Courthezon,84350,PPC COURTHEZONNAIS SALLE POLYVALENTE BOULEVARD JEAN VILAR,http://club.sportsregions.fr/ping-courthezonnais/,,,aucun,,,,,annuaire public FFTT (carte.fftt.com),2026-09-02
13840004,US RAQUETTE ENTRAIGUOISE,84,Vaucluse,PAC,Provence-Alpes-Côte d'Azur,Entraigues Sur La Sorgue,84320,SALLE MUNICIPALE DES SPORTS 1220 ROUTE DE SORGUES,,,,sans-site,,,,,annuaire public FFTT (carte.fftt.com),2026-09-02
13840058,PPC L'ISLE SUR LA SORGUE,84,Vaucluse,PAC,Provence-Alpes-Côte d'Azur,L Isle Sur La Sorgue,84800,Gymnase Martin-Luther King Impasse Jean Garcin College Jean Garcin,https://isleppc.fr/,logos/84/13840058-ppc-l-isle-sur-la-sorgue.webp,https://isleppc.fr/media/uploaded/sites/15578/association/63cf8d08ca119_PPCI.png,logo,#301030 #303030 #301010 #101010,clair,,,annuaire public FFTT (carte.fftt.com),2026-09-02
13840025,TENNIS DE TABLE MORIERES,84,Vaucluse,PAC,Provence-Alpes-Côte d'Azur,Morieres Les Avignon,84310,Marcel TAULEIGNE AVENUE PIERRE DE COUBERTIN COMPLEXE PIERRE PERDIGUIER,,,,sans-site,,,,,annuaire public FFTT (carte.fftt.com),2026-09-02
13840021,CLUB PONGISTE ORANGEOIS,84,Vaucluse,PAC,Provence-Alpes-Côte d'Azur,Orange,84100,SALLE CP ORANGEOIS Ferme des Courreges Place Rene CLAIR,https://cpo84.fr/,logos/84/13840021-club-pongiste-orangeois.webp,https://cpo84.fr/wp-content/uploads/2026/08/logo-cpo.png,logo,#905010 #703010 #301010 #503010,clair,,,annuaire public FFTT (carte.fftt.com),2026-09-02
13840013,PPC PERNOIS,84,Vaucluse,PAC,Provence-Alpes-Côte d'Azur,Pernes Les Fontaines,84210,COMPLEXE SPORTIF PAUL DE VIVIE 391 Avenue Rene Char,https://pingpongclubpernois.fr/,logos/84/13840013-ppc-pernois.webp,https://pingpongclubpernois.fr/wp-content/uploads/icone-site-300x300.png,logo,#701010 #101010 #d0d0d0 #303030,clair,,,annuaire public FFTT (carte.fftt.com),2026-09-02
13840001,PPC SORGUAIS,84,Vaucluse,PAC,Provence-Alpes-Côte d'Azur,Sorgues,84700,SALLE DE TENNIS DE TABLE PLAINE SPORTIVE-RTE DE VEDENE 363 CHEMIN DE LUCETTE,https://ppcsorgues.fr/,logos/84/13840001-ppc-sorguais.webp,https://ppcsorgues.fr/wp-content/uploads/2025/01/Logo_Groupe-BRAJA_SRV-BAS-MONTEL-2.png,logo,#1050b0 #1070b0 #f0d010 #f0b010,clair,,,annuaire public FFTT (carte.fftt.com),2026-09-02
13840062,PING PONG CLUB DE VALREAS,84,Vaucluse,PAC,Provence-Alpes-Côte d'Azur,Valreas,84600,GYMNASE DU LEP FERDINAND REVOUL 74 CHEMIN DES ESTIMEURS EST,https://ppc-valreas.sportsregions.fr/,logos/84/13840062-ping-pong-club-de-valreas.webp,https://ppc-valreas.sportsregions.fr/media/uploaded/sites/8538/association/67cb1e7da86c6_logo2.png,logo,#103070 #f0d030 #101030 #101050,clair,,,annuaire public FFTT (carte.fftt.com),2026-09-02
12850078,ANGLES PPC,85,Vendée,PDL,Pays de la Loire,,,,https://ppcangles.fr/,logos/85/12850078-angles-ppc.webp,https://ppcangles.fr/wp-content/uploads/elementor/thumbs/logo-angles-pu0mtvtx2jjm9ozcya4ucpvmhegdwd9jkc9iy95vk0.png,logo,#f0d070 #f0d090 #90d050 #f0f090,clair,,,annuaire public FFTT (carte.fftt.com),2026-09-02
12851011,HERBIERS (LES) TENNIS DE TABLE,85,Vendée,PDL,Pays de la Loire,,,,http://www.tth85.fr/,,,aucun,,,,,annuaire public FFTT (carte.fftt.com),2026-09-02
12851030,LES SABLES VENDEE TENNIS DE TABL,85,Vendée,PDL,Pays de la Loire,,,,,,,sans-site,,,,,annuaire public FFTT (carte.fftt.com),2026-09-02
12850108,MOUILLERON TT CLUB,85,Vendée,PDL,Pays de la Loire,,,,,,,sans-site,,,,,annuaire public FFTT (carte.fftt.com),2026-09-02
12851032,NORD EST VENDEE TT,85,Vendée,PDL,Pays de la Loire,,,,,,,sans-site,,,,,annuaire public FFTT (carte.fftt.com),2026-09-02
12850069,POUZAUGES A.C.T.T.,85,Vendée,PDL,Pays de la Loire,,,,http://www.pouzaugesactt.fr,,,aucun,,,,,annuaire public FFTT (carte.fftt.com),2026-09-02
12850001,Sporting Club Jardais Tennis de,85,Vendée,PDL,Pays de la Loire,,,,http://scjtt.fr,,,aucun,,,,,annuaire public FFTT (carte.fftt.com),2026-09-02
12850032,TT GENETOUZE / VENANSAULT,85,Vendée,PDL,Pays de la Loire,,,,,,,sans-site,,,,,annuaire public FFTT (carte.fftt.com),2026-09-02
12850028,AIZENAY CPF,85,Vendée,PDL,Pays de la Loire,Aizenay,85190,Salle de la Galerne Route de Nantes Chemin de la Chevrie,https://cpfa.sportsregions.fr/,logos/85/12850028-aizenay-cpf.webp,https://cpfa.sportsregions.fr/media/site/common/images/baselogo.png,logo,#f0f0f0,sombre,,,annuaire public FFTT (carte.fftt.com),2026-09-02
12851016,ALTTAN AUBIGNY/NESMY T.T. (A.L.),85,Vendée,PDL,Pays de la Loire,Aubigny,85430,Salle des Sports 16 rue du Stade,,,,sans-site,,,,,annuaire public FFTT (carte.fftt.com),2026-09-02
12850031,AVRILLE AS 85,85,Vendée,PDL,Pays de la Loire,Avrille,85440,Complexe sportif Allee des 36 heures,http://avrille-tennis-de-table.jimdo.com/,,,aucun,,,,,annuaire public FFTT (carte.fftt.com),2026-09-02
12850033,BEAUFOU VENDEE (ASL),85,Vendée,PDL,Pays de la Loire,Beaufou,85170,Salle de Tennis de Table Place des Tilleuls,http://aslbeaufou-tt-vendee.com,,,aucun,,,,,annuaire public FFTT (carte.fftt.com),2026-09-02
12850016,BELLEVIGNY ESBV,85,Vendée,PDL,Pays de la Loire,Belleville Sur Vie,85170,Salle Remy Martineau - Comp Spor 50 Boulevard Andre Malraux Belleville Sur Vie,http://esb85tt.fr/,,,aucun,,,,,annuaire public FFTT (carte.fftt.com),2026-09-02
12850012,BOUIN E,85,Vendée,PDL,Pays de la Loire,Bouin,85230,Salle des Sports DU POIROC,,,,sans-site,,,,,annuaire public FFTT (carte.fftt.com),2026-09-02
12850126,BOURNEZEAU ESBTT,85,Vendée,PDL,Pays de la Loire,Bournezeau,85480,Salle omnisports rue du stade,,,,sans-site,,,,,annuaire public FFTT (carte.fftt.com),2026-09-02
12850143,BRETIGNOLLES TT,85,Vendée,PDL,Pays de la Loire,Bretignolles Sur Mer,85470,Salle Gilles RENAUD Rue de la Gite,,,,sans-site,,,,,annuaire public FFTT (carte.fftt.com),2026-09-02
12850026,CHALLANS OPS,85,Vendée,PDL,Pays de la Loire,Challans,85300,Salle des Noues Hippodrome Rte de Soullans 85300 CHALLANS,http://www.challans-tt.fr/,,,aucun,,,,,annuaire public FFTT (carte.fftt.com),2026-09-02
12850172,CHANTONNAY T.T.,85,Vendée,PDL,Pays de la Loire,Chantonnay,85110,salle de la Charlere rue Arc en ciel,https://club.quomodo.com/chantonnay_tennis_de_table/accueil.html,,,aucun,,,,,annuaire public FFTT (carte.fftt.com),2026-09-02
12850051,CHAUCHE US,85,Vendée,PDL,Pays de la Loire,Chauche,85140,Salle Omnisports Impasse Fruchet,,,,sans-site,,,,,annuaire public FFTT (carte.fftt.com),2026-09-02
12850037,CHAVAGNES EN P. STL,85,Vendée,PDL,Pays de la Loire,Chavagnes En Paillers,85250,Salle Omnisports Rue Jean de Suzannet,https://ttchavagnes.com/,logos/85/12850037-chavagnes-en-p-stl.webp,https://ttchavagnes.com/wp-content/uploads/2023/08/cropped-Logo-1-1.png,logo,#f0b030 #303030 #505050 #d0d0d0,clair,,,annuaire public FFTT (carte.fftt.com),2026-09-02
12850104,COEX CP,85,Vendée,PDL,Pays de la Loire,Coex,85220,Salle Tennis de Table rue des Acacias salle des Albizias,,,,sans-site,,,,,annuaire public FFTT (carte.fftt.com),2026-09-02
12850046,COMMEQUIERS TT,85,Vendée,PDL,Pays de la Loire,Commequiers,85220,Complexe sportif 421 rue du Général de Gaulle,,,,sans-site,,,,,annuaire public FFTT (carte.fftt.com),2026-09-02
12850020,FONTENAY TTC,85,Vendée,PDL,Pays de la Loire,Fontenay Le Comte,85200,Salle Andre Forens Plaine des Sports Andre Forens Avenue du General de Gaulle,,,,sans-site,,,,,annuaire public FFTT (carte.fftt.com),2026-09-02
12850171,HERBERGEMENT ASTT,85,Vendée,PDL,Pays de la Loire,L'Herbergement,85260,HER' DE SPORTS Place du Marché,https://tennis-de-table-herbergement.fr/,logos/85/12850171-herbergement-astt.webp,https://tennis-de-table-herbergement.fr/wp-content/uploads/2023/09/logo-ASTTH.png,logo,#701010 #d01010 #f01010 #b01010,clair,,,annuaire public FFTT (carte.fftt.com),2026-09-02
12851033,FROMENTINE TT BALLE DE MONTS,85,Vendée,PDL,Pays de la Loire,La Barre-De-Monts,85550,GYMNASE DE LA PREE BERNARD 19 Rue du parc des sports,,,,sans-site,,,,,annuaire public FFTT (carte.fftt.com),2026-09-02
12850024,FERRIERE VENDEE TENNIS DE TABLE,85,Vendée,PDL,Pays de la Loire,La Ferriere,85280,Salle de T.T. Route de la Merlatiere Complexe Sportif,https://www.usftt.fr/,logos/85/12850024-ferriere-vendee-tennis-de-table.webp,https://www.usftt.fr/wp-content/uploads/2023/05/USF_blanc.png,logo,,sombre,,,annuaire public FFTT (carte.fftt.com),2026-09-02
12851028,TENNIS DE TABLE CLUB GARNACHOIS,85,Vendée,PDL,Pays de la Loire,La Garnache,85710,salle de l'Eperon 1 place de l'Eglise,,,,sans-site,,,,,annuaire public FFTT (carte.fftt.com),2026-09-02
12850093,ST AUBIN-ST MARTIN-GAUBR.,85,Vendée,PDL,Pays de la Loire,La Gaubretiere,85130,Salle T.T. des Tourelles Rue du Stade,,,,sans-site,,,,,annuaire public FFTT (carte.fftt.com),2026-09-02
12850134,MEILLERAIE R,85,Vendée,PDL,Pays de la Loire,La Meilleraie Tillay,85700,Salle Polyvalente Rue du Stade,,,,sans-site,,,,,annuaire public FFTT (carte.fftt.com),2026-09-02
12850007,LES ACHARDS TT U.S.,85,Vendée,PDL,Pays de la Loire,La Mothe Achard,85150,Salle Omnisports Rue Jean Bouin,,,,sans-site,,,,,annuaire public FFTT (carte.fftt.com),2026-09-02
12850023,TENNIS DE TABLE LA ROCHE VENDEE,85,Vendée,PDL,Pays de la Loire,La Roche Sur Yon,85000,Salle Tennis de Table Rue Robert Dauger,https://www.ttlarochevendee.fr/,logos/85/12850023-tennis-de-table-la-roche-vendee.webp,https://www.ttlarochevendee.fr/media/uploaded/sites/20180/association/6946f4ade9f5f_TTRVlogocouleur.png,logo,#f01010 #505050 #303030 #d0d0d0,clair,,,annuaire public FFTT (carte.fftt.com),2026-09-02
12850111,TARDIERE CTT,85,Vendée,PDL,Pays de la Loire,La Tardiere,85120,Salle Omnisports Le Bourg Rue du Paradis,,,,sans-site,,,,,annuaire public FFTT (carte.fftt.com),2026-09-02
12851025,TT MONTS ET VALLEES,85,Vendée,PDL,Pays de la Loire,Le Boupere,85510,Salle du Pré de la Cure rue de la Marne,,,,sans-site,,,,,annuaire public FFTT (carte.fftt.com),2026-09-02
12850162,GIROUARD,85,Vendée,PDL,Pays de la Loire,Le Girouard,85150,SALLE MULTISPORTS 10 RUE DES FORGERONS,,,,sans-site,,,,,annuaire public FFTT (carte.fftt.com),2026-09-02
12850125,BEIGNON BASSET TTA,85,Vendée,PDL,Pays de la Loire,Le Poire Sur Vie,85170,Foyer Rural rue des violettes BEIGNON BASSET,,,,sans-site,,,,,annuaire public FFTT (carte.fftt.com),2026-09-02
12850142,POIRE SUR VIE AL,85,Vendée,PDL,Pays de la Loire,Le Poire Sur Vie,85170,Salle Omnisports La Montpariere - Rue du Petit Bois,,,,sans-site,,,,,annuaire public FFTT (carte.fftt.com),2026-09-02
12850043,EPESSES (Les),85,Vendée,PDL,Pays de la Loire,Les Epesses,85590,Salle Omnisports Rue du Stade,,,,sans-site,,,,,annuaire public FFTT (carte.fftt.com),2026-09-02
12850040,ESSARTS TTE (Les),85,Vendée,PDL,Pays de la Loire,Les Essarts,85140,Salle Tennis de Table,http://ttelesessarts.club.sportsregions.fr,,,aucun,,,,,annuaire public FFTT (carte.fftt.com),2026-09-02
12850015,LANDES GENUSSON E,85,Vendée,PDL,Pays de la Loire,Les Landes Genusson,85130,Salle Omnisports rue du Stade,,,,sans-site,,,,,annuaire public FFTT (carte.fftt.com),2026-09-02
12850091,MAGNILS REIGNIERS ATT,85,Vendée,PDL,Pays de la Loire,Les Magnils Reigniers,85400,Salles Omnisports,,,,sans-site,,,,,annuaire public FFTT (carte.fftt.com),2026-09-02
12850097,LUCON TT,85,Vendée,PDL,Pays de la Loire,Lucon,85400,"Salle Jean Jaures 3, rue Jean Jaures",https://ttlucon.fr/,logos/85/12850097-lucon-tt.webp,https://ttlucon.fr/images/logo2.gif,logo,#d0d0d0 #909090 #b0b0b0 #707070,clair,,,annuaire public FFTT (carte.fftt.com),2026-09-02
12850138,FONTAINES-DOIX,85,Vendée,PDL,Pays de la Loire,Montreuil,85200,Salle Omnisports des 4 Vents route de Fontaines,https://lesmaraispongistes.sitew.fr/,,,aucun,,,,,annuaire public FFTT (carte.fftt.com),2026-09-02
12850021,MORTAGNE FRATERNELLE,85,Vendée,PDL,Pays de la Loire,Mortagne Sur Sevre,85290,Salle Gaston Chirat Tennis de Table Mortagne,,,,sans-site,,,,,annuaire public FFTT (carte.fftt.com),2026-09-02
12850109,MOUCHAMPS SJTT,85,Vendée,PDL,Pays de la Loire,Mouchamps,85640,Salle Omnisports Rue du Stade,,,,sans-site,,,,,annuaire public FFTT (carte.fftt.com),2026-09-02
12850030,MOUTIERS MAUXFAITS TT,85,Vendée,PDL,Pays de la Loire,Moutiers Les Mauxfaits,85540,Salle Omnisports Rue de la Foret,http://ttcm.over-blog.com,,,aucun,,,,,annuaire public FFTT (carte.fftt.com),2026-09-02
12850170,NIEUL TENNIS DE TABLE,85,Vendée,PDL,Pays de la Loire,Nieul Le Dolent,85430,Complexe sportif Rue De Lattre de Tassigny,,,,sans-site,,,,,annuaire public FFTT (carte.fftt.com),2026-09-02
12850063,NOIRMOUTIER AL,85,Vendée,PDL,Pays de la Loire,Noirmoutier En L Ile,85330,Salle Omnisports Rue Moliere,,,,sans-site,,,,,annuaire public FFTT (carte.fftt.com),2026-09-02
12851024,LE FLIP MONTOIS - ND DE MONTS,85,Vendée,PDL,Pays de la Loire,Notre Dame De Monts,85690,ESPACE RENE BONNAMY 26 ROUTE DU FIEF NOUMOIS,,,,sans-site,,,,,annuaire public FFTT (carte.fftt.com),2026-09-02
12850136,SALLERTAINE TTM,85,Vendée,PDL,Pays de la Loire,Sallertaine,85300,Salle Les Tamaris 4 Place Emile Gaborit,,,,sans-site,,,,,annuaire public FFTT (carte.fftt.com),2026-09-02
12850042,ST ANDRE G. D OIE US,85,Vendée,PDL,Pays de la Loire,St Andre Goule D Oie,85250,Salle Omnisports 21 Rue de la Madone,,,,sans-site,,,,,annuaire public FFTT (carte.fftt.com),2026-09-02
12850163,ST CHRISTOPHE DU LIGNERON,85,Vendée,PDL,Pays de la Loire,St Christophe Du Ligneron,85670,Salle de sports - Complexe du Reinet Route de Froidfond,,,,sans-site,,,,,annuaire public FFTT (carte.fftt.com),2026-09-02
12850034,ST DENIS CHEVASSE ES,85,Vendée,PDL,Pays de la Loire,St Denis La Chevasse,85170,Salle Omnisports Rte de Dompierre,,,,sans-site,,,,,annuaire public FFTT (carte.fftt.com),2026-09-02
12851018,ST FLORENT TENNIS DE TABLE,85,Vendée,PDL,Pays de la Loire,St Florent Des Bois,85310,SALLE OMNISPORTS route du Tablier,http://sftt85.e-monsite.com/,,,aucun,,,,,annuaire public FFTT (carte.fftt.com),2026-09-02
12851027,US BEAUREPAIRE / ST FULGENT,85,Vendée,PDL,Pays de la Loire,St Fulgent,85250,Complexe Sportif rue du stade,,,,sans-site,,,,,annuaire public FFTT (carte.fftt.com),2026-09-02
12850072,ST GILLES EP,85,Vendée,PDL,Pays de la Loire,St Gilles Croix De Vie,85800,Salle de la Chapelle Rue du Bois,,,,sans-site,,,,,annuaire public FFTT (carte.fftt.com),2026-09-02
12850057,ST HILAIRE DE LOULAY,85,Vendée,PDL,Pays de la Loire,St Hilaire De Loulay,85600,Salle des Capucines Cite des Vergnes Complexe Sportif,,,,sans-site,,,,,annuaire public FFTT (carte.fftt.com),2026-09-02
12850014,ST LAURENT S/S ASCM,85,Vendée,PDL,Pays de la Loire,St Laurent Sur Sevre,85290,Salle Omnisports,,,,sans-site,,,,,annuaire public FFTT (carte.fftt.com),2026-09-02
12850135,ST MARS REORTHE TT,85,Vendée,PDL,Pays de la Loire,St Mars La Reorthe,85590,Salle Omnisports Rue des Jarries,https://club.quomodo.com/ttsm,,,aucun,,,,,annuaire public FFTT (carte.fftt.com),2026-09-02
12850107,ST MARTIN NOYERS ESMTT,85,Vendée,PDL,Pays de la Loire,St Martin Des Noyers,85140,Complexe Sportif (derriere) rue du stade,https://www.saintmartindesnoyers.fr/,logos/85/12850107-st-martin-noyers-esmtt.webp,https://www.saintmartindesnoyers.fr/wp-content/themes/mairiesone/images/logo-saint-martin-des-noyers.png,logo,#f09030 #f07030 #10b0d0 #90d050,clair,,,annuaire public FFTT (carte.fftt.com),2026-09-02
12850167,ST MESMIN/MONTOURNAIS AECM TT,85,Vendée,PDL,Pays de la Loire,St Mesmin,85700,Salle de St Mesmin rue du Stade,,,,sans-site,,,,,annuaire public FFTT (carte.fftt.com),2026-09-02
12850153,ST PAUL EN P. FARFADETS TT,85,Vendée,PDL,Pays de la Loire,St Paul En Pareds,85500,Complexe Sportif Route de St Mars,,,,sans-site,,,,,annuaire public FFTT (carte.fftt.com),2026-09-02
12850154,ST VINCENT SUR GRAON,85,Vendée,PDL,Pays de la Loire,St Vincent Sur Graon,85540,"Ancienne Ecole 39, rue du Lac",,,,sans-site,,,,,annuaire public FFTT (carte.fftt.com),2026-09-02
12850060,STE FLAIVE LS,85,Vendée,PDL,Pays de la Loire,Ste Flaive Des Loups,85150,SALLE DE TENNIS DE TABLE Route de La Gourdiere Complexe Sportif,,,,sans-site,,,,,annuaire public FFTT (carte.fftt.com),2026-09-02
12851012,STE FLO/VENDRENNES ES,85,Vendée,PDL,Pays de la Loire,Ste Florence,85140,Salle des Sports,,,,sans-site,,,,,annuaire public FFTT (carte.fftt.com),2026-09-02
12851026,RACING CLUB TT TALMONDAIS - RC3T,85,Vendée,PDL,Pays de la Loire,Talmont St Hilaire,85440,SALLE DES MINEES 267 Avenue des Sports,,,,sans-site,,,,,annuaire public FFTT (carte.fftt.com),2026-09-02
10860031,ASTT Chatellerault,86,Vienne,NAQ,Nouvelle-Aquitaine,,,,https://www.asttc.fr/,logos/86/10860031-astt-chatellerault.webp,https://lh3.googleusercontent.com/sitesv/AG8ngQWn3QFC6keCQoK1QEIK9E5nynYldQO5irIjduiBzrV9BQFa0dcJejnF15rTC981cjcpPBrmee91MxykafrwC8FlWIN6i5a3Jtv3bwPlt6imUJe-Ev5l0W2fcURRc-ayba5_3PJmTfVEvlgr0MzHNfpZbp1nOTYGhtfaCJ7KALkwFoswWeBnPS95-EEJYJA=w16383,logo,#d01010,clair,,,annuaire public FFTT (carte.fftt.com),2026-09-02
10860017,Entente Pongiste TERCE/ST-JULIEN,86,Vienne,NAQ,Nouvelle-Aquitaine,,,,http://www.eptercestjulientt86.fr,,,aucun,,,,,annuaire public FFTT (carte.fftt.com),2026-09-02
10860016,Neuville FJEPS,86,Vienne,NAQ,Nouvelle-Aquitaine,,,,,,,sans-site,,,,,annuaire public FFTT (carte.fftt.com),2026-09-02
10860229,Poitiers Stade Poitevin TT,86,Vienne,NAQ,Nouvelle-Aquitaine,,,,https://www.stadepoitevintennisdetable.com/,logos/86/10860229-poitiers-stade-poitevin-tt.webp,https://www.stadepoitevintennisdetable.com/images/raquette_bleu.png,logo,#b0b0b0 #d0d0d0 #909090 #505050,clair,,,annuaire public FFTT (carte.fftt.com),2026-09-02
10860122,St Benoit TT,86,Vienne,NAQ,Nouvelle-Aquitaine,,,,http://www.ifrance.com/saintbenoit.tt,,,aucun,,,,,annuaire public FFTT (carte.fftt.com),2026-09-02
10860225,Beaumont FEPS,86,Vienne,NAQ,Nouvelle-Aquitaine,Beaumont,86490,Gymnase Thomas Pesquet Rue Haute,,,,sans-site,,,,,annuaire public FFTT (carte.fftt.com),2026-09-02
10860231,Chauvigny T.T.,86,Vienne,NAQ,Nouvelle-Aquitaine,Chauvigny,86300,Gymnase Jean Lathus Avenue de la Vienne,,,,sans-site,,,,,annuaire public FFTT (carte.fftt.com),2026-09-02
10860187,Civray TT,86,Vienne,NAQ,Nouvelle-Aquitaine,Civray,86400,lycee andre Theuriet 42 rue Duplessis,https://club.quomodo.com/civrayping/,,,aucun,,,,,annuaire public FFTT (carte.fftt.com),2026-09-02
10860015,ASTT Dange / Les Ormes,86,Vienne,NAQ,Nouvelle-Aquitaine,Dange St Romain,86220,STADE MARCEL THIOLLET SALLES TENNIS COUVERT Route de DESCARTES,https://astt-dangelesormes.com/,logos/86/10860015-astt-dange-les-ormes.webp,https://astt-dangelesormes.com/wp-content/uploads/2017/10/Logo-3-TT.jpg,logo,#909090 #707070 #b0b0b0 #f01010,clair,,,annuaire public FFTT (carte.fftt.com),2026-09-02
10860024,FUTURO VAL VERT TT,86,Vienne,NAQ,Nouvelle-Aquitaine,Jaunay Clan,86130,Centre Communautaire de T.T. Rue du Grand Tillet,,,,sans-site,,,,,annuaire public FFTT (carte.fftt.com),2026-09-02
10860005,Loudun PPCL,86,Vienne,NAQ,Nouvelle-Aquitaine,Loudun,86200,complexe Jean Tursini rue du stade,,,,sans-site,,,,,annuaire public FFTT (carte.fftt.com),2026-09-02
10860149,Lusignan AS Melusine,86,Vienne,NAQ,Nouvelle-Aquitaine,Lusignan,86600,GYMNASE,,,,sans-site,,,,,annuaire public FFTT (carte.fftt.com),2026-09-02
10860234,T.T.M.A,86,Vienne,NAQ,Nouvelle-Aquitaine,Migne Auxances,86440,Halle Multiraquettes Anne Divet 61 Rue de Poitiers,https://www.ttma86.fr/,logos/86/10860234-t-t-m-a.webp,https://www.ttma86.fr/android-chrome-192x192.png?v=1788364927399,favicon,#d0d0d0 #f0d0d0 #1030f0 #b0b0d0,clair,,,annuaire public FFTT (carte.fftt.com),2026-09-02
10860084,Montamise TT,86,Vienne,NAQ,Nouvelle-Aquitaine,Montamise,86360,HALLE DES SPORTS rue du Cedre,http://www.ttmontamise86.asso.st/,,,aucun,,,,,annuaire public FFTT (carte.fftt.com),2026-09-02
10860193,Naintre MJC,86,Vienne,NAQ,Nouvelle-Aquitaine,Naintre,86530,Salle Leo Lagrange Rue Gustave Courbet,https://www.mjcnaintre.fr/tennis-de-table,logos/86/10860193-naintre-mjc.webp,https://www.mjcnaintre.fr/file/si1117259/20181206_logo_mjc_naintre%209-fi17644045.ico,favicon,#d0d0f0 #b0b0d0 #9090d0 #3050b0,clair,,,annuaire public FFTT (carte.fftt.com),2026-09-02
10860038,Nouaille-Maupertuis TT,86,Vienne,NAQ,Nouvelle-Aquitaine,Nouaille Maupertuis,86340,SALLE OMNISPORTS rue des vignes,https://nouaillett.fr/,logos/86/10860038-nouaille-maupertuis-tt.webp,https://nouaillett.fr/wp-content/uploads/2025/01/logo-tennis-de-table-noir.png,logo,#303030 #7090b0 #101010 #505050,clair,,,annuaire public FFTT (carte.fftt.com),2026-09-02
10860035,Poitiers TTACC 86,86,Vienne,NAQ,Nouvelle-Aquitaine,Poitiers,86000,Complexe Sportif Marie Amélie LE FUR Allee Jean Monnet Bât C7,https://www.poitiers-ttacc-86.fr/,logos/86/10860035-poitiers-ttacc-86.webp,https://www.poitiers-ttacc-86.fr/wp-content/uploads/2024/07/cropped-LOGO-TTACC1.jpg,logo,#303090 #f0f0d0 #f0f0f0 #7070b0,clair,,,annuaire public FFTT (carte.fftt.com),2026-09-02
10860236,CIVAUX-VALDIVIENNE TT,86,Vienne,NAQ,Nouvelle-Aquitaine,Valdivienne,86300,GYMNASE DES GENETS,,,,sans-site,,,,,annuaire public FFTT (carte.fftt.com),2026-09-02
10860213,Verrieres Ent Pongiste,86,Vienne,NAQ,Nouvelle-Aquitaine,Verrieres,86410,SALLE POLYVALENTE,,,,sans-site,,,,,annuaire public FFTT (carte.fftt.com),2026-09-02
10860006,Vivonne US,86,Vienne,NAQ,Nouvelle-Aquitaine,Vivonne,86370,Complexe sportif Vivonne 15 rue Pierre et Marie Curie,https://www.usvivonnett.fr/,logos/86/10860006-vivonne-us.webp,https://www.usvivonnett.fr/file/app/5/icon/webself.ico,favicon,#10b0b0 #30b0b0 #d0f0f0 #70d0d0,clair,,,annuaire public FFTT (carte.fftt.com),2026-09-02
10870116,BELLAC CTT (87),87,Haute-Vienne,NAQ,Nouvelle-Aquitaine,,,,,,,sans-site,,,,,annuaire public FFTT (carte.fftt.com),2026-09-02
10870109,BOISSEUIL TT (87),87,Haute-Vienne,NAQ,Nouvelle-Aquitaine,,,,http://ttboisseuil.fr,,,aucun,,,,,annuaire public FFTT (carte.fftt.com),2026-09-02
10870003,LIMOGES ALOUETTE TT (87),87,Haute-Vienne,NAQ,Nouvelle-Aquitaine,,,,,,,sans-site,,,,,annuaire public FFTT (carte.fftt.com),2026-09-02
10870017,LIMOGES C.A.P.O TT (87),87,Haute-Vienne,NAQ,Nouvelle-Aquitaine,,,,,,,sans-site,,,,,annuaire public FFTT (carte.fftt.com),2026-09-02
10870007,LIMOGES LA SAINT-ANTOINE TT (87),87,Haute-Vienne,NAQ,Nouvelle-Aquitaine,,,,https://lsatt.clubeo.com/,logos/87/10870007-limoges-la-saint-antoine-tt-87.webp,https://s3.static-clubeo.com/250/uploads/lsatt/logo__76a9t1y3k.png,logo,#105090 #1070b0 #3090b0 #3070b0,clair,,,annuaire public FFTT (carte.fftt.com),2026-09-02
10870029,ORADOUR-SUR-VAYRES TT (87),87,Haute-Vienne,NAQ,Nouvelle-Aquitaine,,,,,,,sans-site,,,,,annuaire public FFTT (carte.fftt.com),2026-09-02
10870028,SAINT-JUNIEN AS (87),87,Haute-Vienne,NAQ,Nouvelle-Aquitaine,,,,,,,sans-site,,,,,annuaire public FFTT (carte.fftt.com),2026-09-02
10870117,SAINT-YRIEIX-LA-PERCHE EATT (87),87,Haute-Vienne,NAQ,Nouvelle-Aquitaine,,,,https://www.eatt.fr/,logos/87/10870117-saint-yrieix-la-perche-eatt-87.webp,https://www.eatt.fr/medias/site/logos/design-sans-titre.png?v=1,logo,#f0d070 #303030 #f0f070 #101010,clair,,,annuaire public FFTT (carte.fftt.com),2026-09-02
10870101,PSA AIXE-SUR-VIENNE (87),87,Haute-Vienne,NAQ,Nouvelle-Aquitaine,Aixe Sur Vienne,87700,Gymnase CHAZELAS place du champ de Foire,https://psaixe.sportsregions.fr/,logos/87/10870101-psa-aixe-sur-vienne-87.webp,https://psaixe.sportsregions.fr/media/uploaded/sites/1058/association/67a734c6b8ad7_P.S.A.jpg,logo,#90b0d0 #7090b0 #3070b0 #b0d0d0,clair,,,annuaire public FFTT (carte.fftt.com),2026-09-02
10870081,COUZEIX TENNIS DE TABLE (87),87,Haute-Vienne,NAQ,Nouvelle-Aquitaine,Couzeix,87270,Gymnase Janicot 5 Allee Maurice Genevoix,https://www.tennis2tablecouzeix.fr/,logos/87/10870081-couzeix-tennis-de-table-87.webp,https://image.jimcdn.com/app/cms/image/transf/dimension=166x10000:format=png/path/sc8d272f3cfff3190/image/i960c0cd8fa3f2283/version/1493981349/image.png,logo,#303030 #505050 #707070 #101010,clair,,,annuaire public FFTT (carte.fftt.com),2026-09-02
10870037,LE PALAIS-SUR-VIENNE ESP. (87),87,Haute-Vienne,NAQ,Nouvelle-Aquitaine,Le Palais Sur Vienne,87410,"Salle Jean Varnoux 15, rue Turgot",,,,sans-site,,,,,annuaire public FFTT (carte.fftt.com),2026-09-02
10870134,PING PONG MAGNAC LAVAL,87,Haute-Vienne,NAQ,Nouvelle-Aquitaine,Magnac-Laval,87190,GYMNASE 6243 Rue Corot,,,,sans-site,,,,,annuaire public FFTT (carte.fftt.com),2026-09-02
10870110,NANTIAT USTT (87),87,Haute-Vienne,NAQ,Nouvelle-Aquitaine,Nantiat,87140,Gymnase LE DAC Nantiat rue Andre Virondeau,,,,sans-site,,,,,annuaire public FFTT (carte.fftt.com),2026-09-02
10870031,PANAZOL PANA-LOISIRS TT (87),87,Haute-Vienne,NAQ,Nouvelle-Aquitaine,Panazol,87350,Salle Jean-Francois Ducay passage Jules Ferry Morpienas,https://pana-loisirs-omnisports.com/,logos/87/10870031-panazol-pana-loisirs-tt-87.webp,https://pana-loisirs-omnisports.com/wp-content/uploads/2026/07/Logo-Omnisport-transparent.png,logo,#1050f0 #f05010 #10f010 #3050d0,clair,,,annuaire public FFTT (carte.fftt.com),2026-09-02
10870128,SAINT-GENCE ELAN SPORTIF (87),87,Haute-Vienne,NAQ,Nouvelle-Aquitaine,St Gence,87510,Gymnase de St Gence Allee des Ribieres,https://essage.clubeo.com/,logos/87/10870128-saint-gence-elan-sportif-87.webp,https://s3.static-clubeo.com/250/uploads/essage/logo__76a9t1qbp.jpg,logo,#d0d0d0 #b0b0b0 #909090 #707070,clair,,,annuaire public FFTT (carte.fftt.com),2026-09-02
10870132,EP BESSINES ST SULPICE LAURIERE,87,Haute-Vienne,NAQ,Nouvelle-Aquitaine,St Sulpice Lauriere,87370,Gymnase Municipal Rue Jean Rostand,,,,sans-site,,,,,annuaire public FFTT (carte.fftt.com),2026-09-02
06880086,MOYENMOUTIER VRTT,88,Vosges,GES,Grand Est,,,,,,,sans-site,,,,,annuaire public FFTT (carte.fftt.com),2026-09-02
06880010,SAINT DIE SRDTT,88,Vosges,GES,Grand Est,,,,http://www.tennisdetablesaintdie.fr/,logos/88/06880010-saint-die-srdtt.webp,http://www.tennisdetablesaintdie.fr/wp-content/uploads/2018/12/cropped-logo-180x180.jpg,logo,#103030 #b03030 #f0f0f0 #705050,clair,,,annuaire public FFTT (carte.fftt.com),2026-09-02
06880145,THAON CHENIMENIL E.S.T.T.,88,Vosges,GES,Grand Est,,,,,,,sans-site,,,,,annuaire public FFTT (carte.fftt.com),2026-09-02
06880002,ANOULD Cercle Pongiste,88,Vosges,GES,Grand Est,Anould,88650,Ancienne Chapelle 51 R. d'Harreville-Cure d'Anould,https://www.cercle-pongiste-anould.fr/,logos/88/06880002-anould-cercle-pongiste.webp,https://www.cercle-pongiste-anould.fr/wp-content/uploads/2020/01/logo_CPA_2020_blanc.png,logo,,sombre,,,annuaire public FFTT (carte.fftt.com),2026-09-02
06880021,BAINS LES BAINS AM.PONG.,88,Vosges,GES,Grand Est,Bains Les Bains,88240,Gymnase Municipal Cite Scolaire Le Chesnois,http://www.apb-bainslesbains.fr/,logos/88/06880021-bains-les-bains-am-pong.webp,http://www.apb-bainslesbains.fr/images/autocollant.gif,logo,#f09010 #d07010 #503010 #f07010,clair,,,annuaire public FFTT (carte.fftt.com),2026-09-02
06880157,BEGNECOURT F Rural MADON ILLON,88,Vosges,GES,Grand Est,Begnecourt,88270,Salle polyvalente 14 rue du bois des Meix,,,,sans-site,,,,,annuaire public FFTT (carte.fftt.com),2026-09-02
06880101,DOMFAING-BRUYERES Ent.MJC,88,Vosges,GES,Grand Est,Bruyeres,88600,salle polyvalente H.THOMAS 13 place Henri Thomas,,,,sans-site,,,,,annuaire public FFTT (carte.fftt.com),2026-09-02
06880119,CHARMES-VINCEY T.T.,88,Vosges,GES,Grand Est,Charmes,88130,Gymnase du college Place de la Liberte,,,,sans-site,,,,,annuaire public FFTT (carte.fftt.com),2026-09-02
06880018,LA HOUSSIERE-VANEMONT ASTT,88,Vosges,GES,Grand Est,Corcieux,88430,Salle des sports intercommunale Rue des sports,,,,sans-site,,,,,annuaire public FFTT (carte.fftt.com),2026-09-02
06880146,DOMPAIRE USTT,88,Vosges,GES,Grand Est,Dompaire,88270,Maison des associations Rue du cimetiere,,,,sans-site,,,,,annuaire public FFTT (carte.fftt.com),2026-09-02
06880066,ELOYES C.L.L.T.T.,88,Vosges,GES,Grand Est,Eloyes,88510,Gymnase municipal 20 rue du Midi de l'Ajau,,,,sans-site,,,,,annuaire public FFTT (carte.fftt.com),2026-09-02
06880071,EPINAL T.S.P.,88,Vosges,GES,Grand Est,Epinal,88000,Halle des sports 51 rue de Remiremont salle specifique,https://epinaltsp.webador.fr/,logos/88/06880071-epinal-t-s-p.webp,https://primary.jwwb.nl/public/y/n/q/temp-buetaivvfqktpucfljfx/20230128_161945.jpg,logo,#d07050 #d0d0d0 #507070 #305050,clair,,,annuaire public FFTT (carte.fftt.com),2026-09-02
06880123,ETIVAL ASRTT,88,Vosges,GES,Grand Est,Etival Clairefontaine,88480,Salle Michel HEISSAT Impasse du champ de foire Complexe Sportif,,,,sans-site,,,,,annuaire public FFTT (carte.fftt.com),2026-09-02
06880064,TT des Ballons Hautes Vosges,88,Vosges,GES,Grand Est,Fresse Sur Moselle,88160,Salle des Sports 5 Chemin du Moulin,,,,sans-site,,,,,annuaire public FFTT (carte.fftt.com),2026-09-02
06880159,PONGISTES GEROMOIS,88,Vosges,GES,Grand Est,Gerardmer,88400,Halle des Sports Boulevard de la Jamagne,,,,sans-site,,,,,annuaire public FFTT (carte.fftt.com),2026-09-02
06880051,Raquette Golbéenne,88,Vosges,GES,Grand Est,Golbey,88190,Centre Henri Lepage Rue du Fort,https://www.raquettegolbeenne.fr/,logos/88/06880051-raquette-golbeenne.webp,https://www.raquettegolbeenne.fr/wp-content/uploads/2024/08/logo_couleur-1-2.png,logo,#f03030 #50b050 #b05030 #103010,clair,,,annuaire public FFTT (carte.fftt.com),2026-09-02
06880143,HADIGNY FR TT,88,Vosges,GES,Grand Est,Hadigny-Les-Verrières,88330,salle multi-activité 29 rue des tilleuls,,,,sans-site,,,,,annuaire public FFTT (carte.fftt.com),2026-09-02
06880060,LA BRESSE T.T.,88,Vosges,GES,Grand Est,La Bresse,88250,Centre Camille Claudel 12 rue Mougel Bey,,,,sans-site,,,,,annuaire public FFTT (carte.fftt.com),2026-09-02
06880049,MIRECOURT Lift Club,88,Vosges,GES,Grand Est,Mirecourt,88500,Gymnase Bey (des bassins) rue du docteur Grosjean,,,,sans-site,,,,,annuaire public FFTT (carte.fftt.com),2026-09-02
06880138,MONTHUREUX SUR SAONE TT,88,Vosges,GES,Grand Est,Monthureux Sur Saone,88410,Gymnase du Pervis 264 rue du Pervis,,,,sans-site,,,,,annuaire public FFTT (carte.fftt.com),2026-09-02
06880007,NEUFCHATEAU T.T.,88,Vosges,GES,Grand Est,Neufchâteau,88300,Salle Jean Rostand 6 Rue de Pfaffenhoffen Ecole Jean Rostand,,,,sans-site,,,,,annuaire public FFTT (carte.fftt.com),2026-09-02
06880113,LA BOURGONCE ST MICHEL TT,88,Vosges,GES,Grand Est,Saint-Michel-Sur-Meurthe,88470,Salle communaute de commune Route de Rambervillers salle polyvalente,,,,sans-site,,,,,annuaire public FFTT (carte.fftt.com),2026-09-02
06880073,SAINTE MARGUERITE C.T.T.,88,Vosges,GES,Grand Est,Ste Marguerite,88100,Salle des sports 110 allee du stade,,,,sans-site,,,,,annuaire public FFTT (carte.fftt.com),2026-09-02
06880017,UZEMAIN,88,Vosges,GES,Grand Est,Uzemain,88220,Salle multi activites sportives Espace Charles REMY,,,,sans-site,,,,,annuaire public FFTT (carte.fftt.com),2026-09-02
06880050,VAGNEY A.T.T.,88,Vosges,GES,Grand Est,Vagney,88120,salle des Sports 1 bis rue Aristide Briand ZAINVILLERS,,,,sans-site,,,,,annuaire public FFTT (carte.fftt.com),2026-09-02
06880022,VITTEL TT,88,Vosges,GES,Grand Est,Vittel,88800,Gymnase Roger Lefebvre 251 avenue du haut du fol,https://vitteltt.fr/,logos/88/06880022-vittel-tt.webp,https://vitteltt.fr/wp-content/uploads/2025/08/cropped-Logo_rouge_final.png,logo,#30b0d0 #f01010 #f01030 #70d0f0,clair,,,annuaire public FFTT (carte.fftt.com),2026-09-02
06880083,XONRUPT A.S.C.X.L. T.T.,88,Vosges,GES,Grand Est,Xonrupt Longemer,88400,Salle ANCEL Frederic le Centre (a cote de l'eglise) bat Vianney,,,,sans-site,,,,,annuaire public FFTT (carte.fftt.com),2026-09-02
02890059,AS DOMATS SENS TT,89,Yonne,BFC,Bourgogne-Franche-Comté,,,,http://as-domats-tt.com,,,aucun,,,,,annuaire public FFTT (carte.fftt.com),2026-09-02
02890023,AS GAZELEC AUXERRE,89,Yonne,BFC,Bourgogne-Franche-Comté,,,,https://www.gazelec-auxerre.fr/,logos/89/02890023-as-gazelec-auxerre.webp,https://www.gazelec-auxerre.fr/wp-content/uploads/2023/03/gazelec-menu.jpg,logo,#105070 #103050 #909090 #3070b0,clair,,,annuaire public FFTT (carte.fftt.com),2026-09-02
02890005,AS VILLENEUVE-LA-GUYARD,89,Yonne,BFC,Bourgogne-Franche-Comté,,,,https://asvgtt89340.clubeo.com/,logos/89/02890005-as-villeneuve-la-guyard.webp,https://s3.static-clubeo.com/250/uploads/asvgtt89340/logo__76a9t1qeq.jpg,logo,#303090 #1070b0 #1090d0 #b0b0d0,clair,,,annuaire public FFTT (carte.fftt.com),2026-09-02
02890010,ES TT APPOIGNY,89,Yonne,BFC,Bourgogne-Franche-Comté,,,,,,,sans-site,,,,,annuaire public FFTT (carte.fftt.com),2026-09-02
02890019,PPC AVALLONNAIS,89,Yonne,BFC,Bourgogne-Franche-Comté,Avallon,89200,SALLE PING PONG CLUB AVALLONNAIS Rue du docteur Schweitzer,,,,sans-site,,,,,annuaire public FFTT (carte.fftt.com),2026-09-02
02890061,U. S. CHARNY OREE DE PUISAYE,89,Yonne,BFC,Bourgogne-Franche-Comté,Charny,89120,USCC SECTION TENNIS DE TABLE 79 ROUTE DE LA MOTHE,,,,sans-site,,,,,annuaire public FFTT (carte.fftt.com),2026-09-02
02890064,FSE CRAVANT TT,89,Yonne,BFC,Bourgogne-Franche-Comté,Cravant,89460,SALLE POLYVALENTE RUE DES FOSSES,,,,sans-site,,,,,annuaire public FFTT (carte.fftt.com),2026-09-02
02890032,US JOIGNY,89,Yonne,BFC,Bourgogne-Franche-Comté,Joigny,89300,COMPLEXE SPORTIF 5 Rue Pierre Hardy,,,,sans-site,,,,,annuaire public FFTT (carte.fftt.com),2026-09-02
02890006,AVENIR DE PARON TT,89,Yonne,BFC,Bourgogne-Franche-Comté,Paron,89100,Gymnase Andre MALRAUX Rue des Acacias,,,,sans-site,,,,,annuaire public FFTT (carte.fftt.com),2026-09-02
02890062,ENT SPORTIVE DU FLORENTINOIS,89,Yonne,BFC,Bourgogne-Franche-Comté,St Florentin,89600,GYMNASE THIERRY GUITTON RUE CHARLES LAUBRY,,,,sans-site,,,,,annuaire public FFTT (carte.fftt.com),2026-09-02
02900039,ASM BELFORT TENNIS DE TABLE,90,Territoire de Belfort,BFC,Bourgogne-Franche-Comté,,,,https://asmbelfort-tt.fr/,logos/90/02900039-asm-belfort-tennis-de-table.webp,https://asmbelfort-tt.fr/public/4663/upload/theme/kal-theme-logo-header_1.jpg,logo,#1070f0 #f0f0f0 #d0d0f0 #d0f0f0,clair,,,annuaire public FFTT (carte.fftt.com),2026-09-02
02900047,LA CRAVANCHOISE - CRAVANCHE TT,90,Territoire de Belfort,BFC,Bourgogne-Franche-Comté,,,,,,,sans-site,,,,,annuaire public FFTT (carte.fftt.com),2026-09-02
02900028,LA SAVOUREUSE - CHATENOIS,90,Territoire de Belfort,BFC,Bourgogne-Franche-Comté,Chatenois Les Forges,90700,SALLE DE SPORT COMPLEXE SPORTIF,,,,sans-site,,,,,annuaire public FFTT (carte.fftt.com),2026-09-02
02900003,CC DANJOUTIN,90,Territoire de Belfort,BFC,Bourgogne-Franche-Comté,Danjoutin,90400,GYMNASE MUNICIPAL RUE ROUAULT,http://danjoutin-tt.e-monsite.com,,,aucun,,,,,annuaire public FFTT (carte.fftt.com),2026-09-02
02900042,CLUB PONGISTE DE GIROMAGNY,90,Territoire de Belfort,BFC,Bourgogne-Franche-Comté,Giromagny,90200,ECOLE JOSEPH LHOMME 2 RUE JOSEPH LHOMME,http://cpgiromagny.e-monsite.com/,,,aucun,,,,,annuaire public FFTT (carte.fftt.com),2026-09-02
02900041,ATT GRANDVILLARS,90,Territoire de Belfort,BFC,Bourgogne-Franche-Comté,Grandvillars,90600,Gymnase Jean Taillard rue du stade,,,,sans-site,,,,,annuaire public FFTT (carte.fftt.com),2026-09-02
02900038,MONTBOUTON,90,Territoire de Belfort,BFC,Bourgogne-Franche-Comté,Montbouton,90500,salle du plateau rue du bannet,,,,sans-site,,,,,annuaire public FFTT (carte.fftt.com),2026-09-02
02900046,OFFEMONT TENNIS DE TABLE,90,Territoire de Belfort,BFC,Bourgogne-Franche-Comté,Offemont,90300,GYMNASE OFFEMONT 14 RUE MARIE CURIE,,,,sans-site,,,,,annuaire public FFTT (carte.fftt.com),2026-09-02
02900015,ACLRE RECHESY,90,Territoire de Belfort,BFC,Bourgogne-Franche-Comté,Rechesy,90370,SALLE POLYVALENTE ROUTE DE COURCELLES,,,,sans-site,,,,,annuaire public FFTT (carte.fftt.com),2026-09-02
02900013,FR ROUGEMONT LE CHATEAU,90,Territoire de Belfort,BFC,Bourgogne-Franche-Comté,Rougemont Le Chateau,90110,CERCLE CATHOLIQUE AVENUE JEAN MOULIN,,,,sans-site,,,,,annuaire public FFTT (carte.fftt.com),2026-09-02
02900023,FOYER RURAL VEZELOIS,90,Territoire de Belfort,BFC,Bourgogne-Franche-Comté,Vezelois,90400,LA VEZELOISE RUE DE L' ECOLE,,,,sans-site,,,,,annuaire public FFTT (carte.fftt.com),2026-09-02
08910402,AS CORBEIL-ESSONNES TT,91,Essonne,IDF,Île-de-France,,,,http://corbeiltennisdetable.free.fr/,,,aucun,,,,,annuaire public FFTT (carte.fftt.com),2026-09-02
08910916,BRETIGNY CS,91,Essonne,IDF,Île-de-France,,,,https://bretigny-ping.fr/,logos/91/08910916-bretigny-cs.webp,https://bretigny-ping.fr/wp-content/uploads/2025/04/Logo-1.png,logo,#f01090 #d01090,clair,,,annuaire public FFTT (carte.fftt.com),2026-09-02
08910918,CHILLY-MORANGIS CTT,91,Essonne,IDF,Île-de-France,,,,https://chilly-morangis-ctt.fr/,logos/91/08910918-chilly-morangis-ctt.webp,https://chilly-morangis-ctt.fr/media/uploaded/sites/23312/association/650deaf5a9b81_BallevideCTTCMM.png,logo,#909090 #b0b0b0 #d0d0d0 #f0f0f0,clair,,,annuaire public FFTT (carte.fftt.com),2026-09-02
08910442,ETAMPES - MEREVILLE,91,Essonne,IDF,Île-de-France,,,,,,,sans-site,,,,,annuaire public FFTT (carte.fftt.com),2026-09-02
08911461,ÉVRY-COURCOURONNES TT,91,Essonne,IDF,Île-de-France,,,,,,,sans-site,,,,,annuaire public FFTT (carte.fftt.com),2026-09-02
08911439,MILLY MAISSE TENNIS DE TABLE,91,Essonne,IDF,Île-de-France,,,,,,,sans-site,,,,,annuaire public FFTT (carte.fftt.com),2026-09-02
08910077,VIRY CHATILLON ES,91,Essonne,IDF,Île-de-France,,,,https://www.esviry-tt.fr/,logos/91/08910077-viry-chatillon-es.webp,https://image.jimcdn.com/app/cms/image/transf/dimension=875x10000:format=png/path/s4b137292c21d4dd0/image/ib0a20c106d5b3042/version/1694598498/image.png,logo,#b0b0b0 #d0d0d0 #909090 #d0b0b0,clair,,,annuaire public FFTT (carte.fftt.com),2026-09-02
08910303,ARPAJON ESR,91,Essonne,IDF,Île-de-France,Arpajon,91290,Centre sportif Duhamel Rue M. Duhamel,http://www.arpajon-tennisdetable.com/,,,aucun,,,,,annuaire public FFTT (carte.fftt.com),2026-09-02
08910102,ATHIS MONS USO,91,Essonne,IDF,Île-de-France,Athis-Mons,91200,Gym. Carpentier - salle Brigat Avenue de la Terrasse Prolongée Face Lycee Marcel Pagnol,,,,sans-site,,,,,annuaire public FFTT (carte.fftt.com),2026-09-02
08911467,BALLAINVILLIERS TT,91,Essonne,IDF,Île-de-France,Ballainvilliers,91160,Salle des Hauts Fresnais 101 rue des Hauts- Fresnais Salle polyvalente,,,,sans-site,,,,,annuaire public FFTT (carte.fftt.com),2026-09-02
08910567,BALLANCOURT STT,91,Essonne,IDF,Île-de-France,Ballancourt Sur Essonne,91610,Cosec Pierre Denize Rue de Verdun,,,,sans-site,,,,,annuaire public FFTT (carte.fftt.com),2026-09-02
08910667,DUCKS DE BONDOUFLE,91,Essonne,IDF,Île-de-France,Bondoufle,91070,Salle Henri Grabarek Place de l'eglise 28 Rue Charles de Gaulle,https://bactt.kalisport.com/,logos/91/08910667-ducks-de-bondoufle.webp,https://bactt.kalisport.com/public/3263/upload/theme/kal-theme-logo-header.png,logo,#101050 #9090b0 #b01030 #303070,clair,,,annuaire public FFTT (carte.fftt.com),2026-09-02
08911225,BOUTIGNY-VAYRES TT,91,Essonne,IDF,Île-de-France,Boutigny Sur Essonne,91820,Gymnase Les singes verts Rue de Cheval Rue Ecole Elementaire,,,,sans-site,,,,,annuaire public FFTT (carte.fftt.com),2026-09-02
08911064,BREUILLET ES,91,Essonne,IDF,Île-de-France,Breuillet,91650,Gymnase Francois Ruiz Plaine des sports Pres de la piscine,,,,sans-site,,,,,annuaire public FFTT (carte.fftt.com),2026-09-02
08911132,BRUNOY CTT,91,Essonne,IDF,Île-de-France,Brunoy,91800,Gymnase Gounot 157 route de Brie,https://ctt-brunoy.fr/,logos/91/08911132-brunoy-ctt.webp,https://ctt-brunoy.fr/metadonnee/Image/Officiels/Logo.png,logo,#103050 #507070 #305070 #707090,clair,,,annuaire public FFTT (carte.fftt.com),2026-09-02
08910438,BURES/YVETTE US,91,Essonne,IDF,Île-de-France,Bures Sur Yvette,91440,Salle specifique 54 rue du Docteur Colle,https://bures-ping.fr/,logos/91/08910438-bures-yvette-us.webp,https://bures-ping.fr/wp-content/uploads/2025/05/cropped-LogoBures-180x180.jpg,logo,#303030 #101010 #505050 #707070,clair,,,annuaire public FFTT (carte.fftt.com),2026-09-02
08911458,CHEVANNES - TENNIS DE TABLE,91,Essonne,IDF,Île-de-France,Chevannes,91750,Salle polyvalente 1 Rue du Parc,http://ctt.lesite.free.fr/,logos/91/08911458-chevannes-tennis-de-table.webp,http://ctt.lesite.free.fr/aff2026.jpg,logo,#d0d0d0 #b0b0b0 #909090 #f0f0f0,clair,,,annuaire public FFTT (carte.fftt.com),2026-09-02
08910004,ESPERANCE de CROSNE,91,Essonne,IDF,Île-de-France,Crosne,91560,GYMNASE Gerard PRIET palestre 8 rue Léon Jouhaux Route de Limeil,,,,sans-site,,,,,annuaire public FFTT (carte.fftt.com),2026-09-02
08910214,DRAVEIL TENNIS DE TABLE,91,Essonne,IDF,Île-de-France,Draveil,91210,SALLE LAURENT ALBORGHETTI 53 RUE FERDINAND BUISSON,http://www.draveiltt.fr/,,,aucun,,,,,annuaire public FFTT (carte.fftt.com),2026-09-02
08910652,EPINAY/ORGE TT,91,Essonne,IDF,Île-de-France,Epinay Sur Orge,91360,GYMNASE ALAIN MIMOUN VOIE DES PRES au-dessus ateliers communaux,https://ttepinay.fr/,logos/91/08910652-epinay-orge-tt.webp,https://ttepinay.fr/wp-content/uploads/2022/05/Logo-TTE.png,logo,#f09030 #b0b0b0 #f0b030 #705010,clair,,,annuaire public FFTT (carte.fftt.com),2026-09-02
08910914,ETRECHY ASETT,91,Essonne,IDF,Île-de-France,Etrechy,91580,Gymnase Lucien le Bouc Avenue Foch Domaine du Roussay,https://etrechytennisdetable.wixsite.com/tennisdetableetrechy,logos/91/08910914-etrechy-asett.webp,"https://static.wixstatic.com/media/b9fbdb_6374d8011f944fdd81de8b6b7e8c3e77~mv2.jpg/v1/fill/w_290,h_392,al_c,lg_1,q_80,enc_avif,quality_auto/b9fbdb_6374d8011f944fdd81de8b6b7e8c3e77~mv2.jpg",logo,#909090 #707070 #b0b090 #909070,clair,,,annuaire public FFTT (carte.fftt.com),2026-09-02
08911050,CHEVRY II,91,Essonne,IDF,Île-de-France,Gif Sur Yvette,91190,GYMNASE DES NEUVERIES SQUARE DES NEUVERIES CHEVRY 2,,,,sans-site,,,,,annuaire public FFTT (carte.fftt.com),2026-09-02
08910366,SACLAY ASCEA,91,Essonne,IDF,Île-de-France,Gif Sur Yvette,91190,Comp sport Moulon - salle Gamma 15 CHEMIN DU MOULON,http://ascea.saclay.tt.free.fr/,logos/91/08910366-saclay-ascea.webp,http://ascea.saclay.tt.free.fr/logoASCEATT.JPG,logo,#f0f090 #f0f070 #f0f0b0 #1010d0,clair,,,annuaire public FFTT (carte.fftt.com),2026-09-02
08910861,IGNY T.T.,91,Essonne,IDF,Île-de-France,Igny,91430,GYMNASE MARCEL CERDAN Rue LOVENICH,,,,sans-site,,,,,annuaire public FFTT (carte.fftt.com),2026-09-02
08911471,AS ITTEVILLE TENNIS DE TABLE,91,Essonne,IDF,Île-de-France,Itteville,91760,Gymnase Marcel Cerdan Route du Bouchet,,,,sans-site,,,,,annuaire public FFTT (carte.fftt.com),2026-09-02
08911161,LA FERTE ALAIS S.E.T.T.,91,Essonne,IDF,Île-de-France,La Ferte Alais,91590,COMPLEXE CARNOT - GYM. V. VILAIN ALLEE JEAN MOULIN,,,,sans-site,,,,,annuaire public FFTT (carte.fftt.com),2026-09-02
08911285,LA VILLE DU BOIS CO,91,Essonne,IDF,Île-de-France,La Ville Du Bois,91620,L'ESCALE CHEMIN DES BERGES,,,,sans-site,,,,,annuaire public FFTT (carte.fftt.com),2026-09-02
08911430,JANVILLE-LARDY ASL,91,Essonne,IDF,Île-de-France,Lardy,91510,Gymnase Rene Grenault 113 Rue de Panserot,,,,sans-site,,,,,annuaire public FFTT (carte.fftt.com),2026-09-02
08910578,LE PLESSIS PATE T.T.,91,Essonne,IDF,Île-de-France,Le Plessis Pate,91220,GYMNASE LE COLOMBIER AVENUE DES TOURELLES,http://pptt.over-blog.com/,,,aucun,,,,,annuaire public FFTT (carte.fftt.com),2026-09-02
08910544,LES ULIS CO,91,Essonne,IDF,Île-de-France,Les Ulis,91940,"COSEC DES AMONTS RUE DE VENDEE 14, allee des Amonts",https://www.coutt.org/page/3432243-presentation-de-la-section,logos/91/08910544-les-ulis-co.webp,https://app.assoconnect.com/services/storage?id=2783887&type=picture&secret=kbYQ493UoeJMBm1EsskfDHdjbVgnNPyC63pujHAh&timestamp=1775904513,logo,#b0b0b0 #909090 #d0d0d0 #f0f0f0,clair,,,annuaire public FFTT (carte.fftt.com),2026-09-02
08911368,LINAS MONTLHERY E.S.A.,91,Essonne,IDF,Île-de-France,Linas,91310,COSOM LINAS RUE DE CARCASSONNE,,,,sans-site,,,,,annuaire public FFTT (carte.fftt.com),2026-09-02
08910359,LPO LONGJUMEAU,91,Essonne,IDF,Île-de-France,Longjumeau,91160,"Parc des Sports Langrenay, Gymnase Raymond Linder 25 rue Léontine Sohier",,,,sans-site,,,,,annuaire public FFTT (carte.fftt.com),2026-09-02
08910591,LONGPONT OMNISPORTS (L.O.S.),91,Essonne,IDF,Île-de-France,Longpont Sur Orge,91310,GYMNASE DES GARENCES VOIE DES OSIERS salle specifique,http://www.longpont-omnisports.fr/,,,aucun,,,,,annuaire public FFTT (carte.fftt.com),2026-09-02
08911021,MARCOUSSIS AS,91,Essonne,IDF,Île-de-France,Marcoussis,91460,COMPLEXE SPORT. DU GRAND PARC ROUTE DE NOZAY Salle omnisports,https://pingmarcoussis.sportsregions.fr/,,,aucun,,,,,annuaire public FFTT (carte.fftt.com),2026-09-02
08910028,MASSY ES,91,Essonne,IDF,Île-de-France,Massy,91300,City Stade - Monique Dupont Desgrolard 56 Rue de Vilgénis,https://www.esmtt.fr/,logos/91/08910028-massy-es.webp,https://www.esmtt.fr/wp-content/uploads/2018/02/cropped-Avatar_WEB_twitter_redim-5.png,logo,#70d0f0 #50d0f0 #b0f0f0 #90d0f0,clair,,,annuaire public FFTT (carte.fftt.com),2026-09-02
08911323,MENNECY TT,91,Essonne,IDF,Île-de-France,Mennecy,91540,GYMNASE ALEXANDRE RIDEAU 2 RN 191-53 BLD CHARLES DE GAULLE,https://www.tt-mennecy.com/,logos/91/08911323-mennecy-tt.webp,https://www.tt-mennecy.com/media/uploaded/sites/8656/association/666011aede471_requin1975.jpeg,logo,#101030 #103050 #10b0f0 #10d0f0,clair,,,annuaire public FFTT (carte.fftt.com),2026-09-02
08910165,MONTGERON (ESMTT),91,Essonne,IDF,Île-de-France,Montgeron,91230,"Gymnase ALAIN PICOT (2eme etage) 56, RUE DE MAINVILLE 2e ETAGE SALLE SPECIFIQUE",,,,sans-site,,,,,annuaire public FFTT (carte.fftt.com),2026-09-02
08910881,MORSANG TENNIS DE TABLE,91,Essonne,IDF,Île-de-France,Morsang Sur Orge,91390,Groupe sco Buisson-Salle Bailly RUE GUY MOQUET,,,,sans-site,,,,,annuaire public FFTT (carte.fftt.com),2026-09-02
08911474,OLLAINVILLE ASS SPORTIVE,91,Essonne,IDF,Île-de-France,Ollainville,91340,Gymnase Alain Mimoun Rue de la Roche,,,,sans-site,,,,,annuaire public FFTT (carte.fftt.com),2026-09-02
08911379,ORMOY TENNIS DE TABLE,91,Essonne,IDF,Île-de-France,Ormoy,91540,MAIRIE D ORMOY Place Raymond Gombault salle specifique,,,,sans-site,,,,,annuaire public FFTT (carte.fftt.com),2026-09-02
08911009,ORSAY CA,91,Essonne,IDF,Île-de-France,Orsay,91400,GYMNASE DU GUICHET IMPASSE RENE PAILLOLE Pres gare du Guichet,,,,sans-site,,,,,annuaire public FFTT (carte.fftt.com),2026-09-02
08910042,PALAISEAU US,91,Essonne,IDF,Île-de-France,Palaiseau,91120,GYMNASE BARA 1 Rue des Ecoles,https://uspalaiseautt.fr/,logos/91/08910042-palaiseau-us.webp,https://uspalaiseautt.fr/wp-content/uploads/2016/08/cropped-header.jpg,logo,#d0d0d0 #b0b0b0 #909090 #707070,clair,,,annuaire public FFTT (carte.fftt.com),2026-09-02
08911473,ANGERVILLE PUSSAY TENNIS TABLE,91,Essonne,IDF,Île-de-France,Pussay,91740,Complexe sportif 5 rue de la Libération,,,,sans-site,,,,,annuaire public FFTT (carte.fftt.com),2026-09-02
08910434,RIS ORANGIS US,91,Essonne,IDF,Île-de-France,Ris Orangis,91130,COSEC JEAN LURCAT AVENUE DE L'AUNETTE GYMNASE JESSE OWENS,,,,sans-site,,,,,annuaire public FFTT (carte.fftt.com),2026-09-02
08910889,SACLAY CO,91,Essonne,IDF,Île-de-France,Saclay,91400,COMPLEXE DES PRES BASQUES RUE ROBERT THOMAS salle specifique,https://ttcosaclay91.wixsite.com/costt,logos/91/08910889-saclay-co.webp,"https://static.wixstatic.com/media/26cc2e_892c5fac6f3e490a93f808c0e7a555b7~mv2.jpg/v1/fill/w_157,h_151,al_c,lg_1,q_80,enc_avif,quality_auto/26cc2e_892c5fac6f3e490a93f808c0e7a555b7~mv2.jpg",logo,#3070b0 #305070 #105070 #f01010,clair,,,annuaire public FFTT (carte.fftt.com),2026-09-02
08911468,PING SAINT MICHEL SUR ORGE,91,Essonne,IDF,Île-de-France,Saint-Michel-Sur-Orge,91240,Gymnase COSEC Jean-Claude Bau Rue De Montlhéry,,,,sans-site,,,,,annuaire public FFTT (carte.fftt.com),2026-09-02
08910310,SAVIGNY SO PING,91,Essonne,IDF,Île-de-France,Savigny Sur Orge,91600,Cosom Pierre de Coubertin 33 BIS AV DE L'ARMEE LECLERC,https://www.savignysoping.fr/,logos/91/08910310-savigny-so-ping.webp,https://image.jimcdn.com/app/cms/image/transf/none/path/sc7ece6c908f18769/image/icf6fe9934b5d92be/version/1599397581/image.png,logo,#305090 #b0d0d0 #5070b0 #90b0d0,clair,,,annuaire public FFTT (carte.fftt.com),2026-09-02
08911456,VAL D ORGE (Entente Pongiste),91,Essonne,IDF,Île-de-France,St Cheron,91530,"Esp les Closeaux, gym St Cheron Route d'Etampes",https://www.epvo.fr/,logos/91/08911456-val-d-orge-entente-pongiste.webp,https://www.epvo.fr/media/uploaded/sites/21351/association/62fe58fb362dd_logopagefacebook.JPG,logo,#101030 #103030 #d0d0d0 #303050,clair,,,annuaire public FFTT (carte.fftt.com),2026-09-02
08911469,SAINT GERMAIN LES CORBEIL TT,91,Essonne,IDF,Île-de-France,St Germain Les Corbeil,91250,Gymnase Michael D'Almeida Chemin de Brie,,,,sans-site,,,,,annuaire public FFTT (carte.fftt.com),2026-09-02
08911334,St PIERRE DU PERRAY CSL,91,Essonne,IDF,Île-de-France,St Pierre Du Perray,91280,"Melody NELSON, Espace GAINSBOURG 1 rue du Trou Grillon",,,,sans-site,,,,,annuaire public FFTT (carte.fftt.com),2026-09-02
08910876,Ste GENEVIEVE SP,91,Essonne,IDF,Île-de-France,Ste Genevieve Des Bois,91700,Gymnase AUBEL Rue de la Boele,,,,sans-site,,,,,annuaire public FFTT (carte.fftt.com),2026-09-02
08911395,VAUGRIGNEUSE CSMV,91,Essonne,IDF,Île-de-France,Vaugrigneuse,91640,SALLE DU NOYER Rue du Bois des Nots,,,,sans-site,,,,,annuaire public FFTT (carte.fftt.com),2026-09-02
08911206,TU VERRIERES TT,91,Essonne,IDF,Île-de-France,Verrieres Le Buisson,91370,GYMNASE DE LA VALLEE A LA DAME 54 RUE D'AMBLAINVILLIERS PRES COLLEGE J. MOULIN,https://vlbping.kalisport.com/,logos/91/08911206-tu-verrieres-tt.webp,https://vlbping.kalisport.com/public/4175/upload/theme/kal-theme-logo-header.png,logo,#3070b0 #90b0d0 #7090d0 #5070b0,clair,,,annuaire public FFTT (carte.fftt.com),2026-09-02
08911280,VILLEBON/YVETTE AS,91,Essonne,IDF,Île-de-France,Villebon Sur Yvette,91140,CENTRE SPORTIF ST EXUPERY RUE LAS ROZAS DE MADRID,,,,sans-site,,,,,annuaire public FFTT (carte.fftt.com),2026-09-02
08910642,AS WISSOUS TT,91,Essonne,IDF,Île-de-France,Wissous,91320,CENTRE OMNISPORT CUCHERON 25 RUE GUILLAUME BIGOURDAN SALLE SPECIFIQUE,,,,sans-site,,,,,annuaire public FFTT (carte.fftt.com),2026-09-02
08911083,YERRES ATT,91,Essonne,IDF,Île-de-France,Yerres,91330,SALLE PIERRE MOLET rue Jules Ferry (entree stade) (bulle de tennis),http://www.aytt.fr,,,aucun,,,,,annuaire public FFTT (carte.fftt.com),2026-09-02
08920031,ANTONY SP TENNIS DE TABLE,92,Hauts-de-Seine,IDF,Île-de-France,,,,https://www.antony-ping.com/,logos/92/08920031-antony-sp-tennis-de-table.webp,https://www.antony-ping.com/wp-content/uploads/2023/08/logo_gewo.png,logo,,clair,,,annuaire public FFTT (carte.fftt.com),2026-09-02
08920075,BOIS COLOMBES SPORTS,92,Hauts-de-Seine,IDF,Île-de-France,,,,https://www.bois-colombes-sports-tennis-de-table.fr/,logos/92/08920075-bois-colombes-sports.webp,https://static.wixstatic.com/media/0866e0_0a70b18a87744b848cf3e0c9e42f9a7e%7Emv2.jpeg/v1/fill/w_180%2Ch_180%2Clg_1%2Cusm_0.66_1.00_0.01/0866e0_0a70b18a87744b848cf3e0c9e42f9a7e%7Emv2.jpeg,logo,#f0f0f0 #d0d0d0 #d0d0f0 #303090,clair,,,annuaire public FFTT (carte.fftt.com),2026-09-02
08920049,BOULOGNE BILLANCOURT AC,92,Hauts-de-Seine,IDF,Île-de-France,,,,https://acbb-tt.fr/,logos/92/08920049-boulogne-billancourt-ac.webp,https://acbb-tt.fr/wp-content/uploads/2012/10/copy-cropped-acbb_header.jpg,logo,#f09010 #f0b010 #d09010 #d07010,clair,,,annuaire public FFTT (carte.fftt.com),2026-09-02
08920063,CHATENAY MALABRY T T ASV,92,Hauts-de-Seine,IDF,Île-de-France,,,,https://www.chatenay-ping.fr/,logos/92/08920063-chatenay-malabry-t-t-asv.webp,https://www.chatenay-ping.fr/wp-content/uploads/2024/12/cropped-logochatenay-v2-180x180.jpg,logo,#d0d0d0 #d0d0f0 #f0f0f0 #f0d0d0,clair,,,annuaire public FFTT (carte.fftt.com),2026-09-02
08920137,COLOMBES ES,92,Hauts-de-Seine,IDF,Île-de-France,,,,https://www.colombestennisdetable.fr/,logos/92/08920137-colombes-es.svg,https://www.colombestennisdetable.fr/wp-content/uploads/2026/07/logo-colombes-line.svg,logo,#060707,clair,,,annuaire public FFTT (carte.fftt.com),2026-09-02
08921526,FORTUNEO CMA,92,Hauts-de-Seine,IDF,Île-de-France,,,ACBB,,,,sans-site,,,,,annuaire public FFTT (carte.fftt.com),2026-09-02
08921190,ISSY-LES-MOULINEAUX,92,Hauts-de-Seine,IDF,Île-de-France,,,,https://epiclub.com/,logos/92/08921190-issy-les-moulineaux.webp,https://epiclub.com/wp-content/uploads/2023/08/logo_epi_small.png,logo,,sombre,,,annuaire public FFTT (carte.fftt.com),2026-09-02
08920312,NEUILLY AS ST PIERRE,92,Hauts-de-Seine,IDF,Île-de-France,,,,https://www.aspneuillytt.com/,logos/92/08920312-neuilly-as-st-pierre.webp,https://www.aspneuillytt.com/media/uploaded/sites/15192/association/5ecbbe5b96d5e_Logo.png,logo,#505050 #303030 #707070 #909090,clair,,,annuaire public FFTT (carte.fftt.com),2026-09-02
08920309,RUEIL ATHLETIC CLUB TT,92,Hauts-de-Seine,IDF,Île-de-France,,,,https://www.rueil-ping.fr/,logos/92/08920309-rueil-athletic-club-tt.svg,https://www.rueil-ping.fr/assets/img/ui/logo-ractt.svg,logo,#ffed00 #daa316 #272c60,clair,,,annuaire public FFTT (carte.fftt.com),2026-09-02
08920646,ASNIERES TT,92,Hauts-de-Seine,IDF,Île-de-France,Asnieres Sur Seine,92600,GYMNASE des Bruyeres 30 Avenue de la Lauziere,https://www.asnierestt.fr/,logos/92/08920646-asnieres-tt.webp,https://www.asnierestt.fr/planning_asnierestt.jpeg,logo,#d0d0d0 #7090d0 #f0b0b0 #b0d090,clair,,,annuaire public FFTT (carte.fftt.com),2026-09-02
08750060,ASORTF,92,Hauts-de-Seine,IDF,Île-de-France,Boulogne Billancourt,92100,"SALLE VOLTIGEURS 11, rue de Clamart",,,,sans-site,,,,,annuaire public FFTT (carte.fftt.com),2026-09-02
08920505,LES VOLTIGEURS DE BILLANCOURT,92,Hauts-de-Seine,IDF,Île-de-France,Boulogne Billancourt,92100,"VOLTIGEURS DE BILLANCOURT 11, rue de Clamart",https://vbping.com/,logos/92/08920505-les-voltigeurs-de-billancourt.webp,https://vbping.com/wp-content/uploads/2017/09/logo_blason_voltigeurs_de_billancourt_noir_blanc_256.png,logo,#d0d0d0 #b0b0b0 #909090 #f0f0f0,clair,,,annuaire public FFTT (carte.fftt.com),2026-09-02
08920389,BOURG LA REINE AS,92,Hauts-de-Seine,IDF,Île-de-France,Bourg La Reine,92340,GYMNASE CARNOT 14 bd Carnot digicode grille : 1692,https://www.asbr92.fr/,logos/92/08920389-bourg-la-reine-as.webp,https://www.asbr92.fr/wp-content/uploads/2026/07/cropped-cropped-ASBR922-rga-180x180.png,logo,#f0d030 #f0f0f0 #f0f0d0 #f0f0b0,sombre,,,annuaire public FFTT (carte.fftt.com),2026-09-02
08920151,TennisTable Municipal Chatillon,92,Hauts-de-Seine,IDF,Île-de-France,Chatillon,92320,STADE MUNICIPAL Rue Roland GARROS Espace sportif Roland GARROS,https://www.ttmc92.fr/,logos/92/08920151-tennistable-municipal-chatillon.webp,https://cdn.pepsup.com/resources/images/CLUBS/000/000/323/3233/IMAGE/logo.png?1787173312634,logo,#109030 #303030 #107030 #505050,clair,,,annuaire public FFTT (carte.fftt.com),2026-09-02
08920111,CLAMART CSM,92,Hauts-de-Seine,IDF,Île-de-France,Clamart,92140,GYMNASE CONDORCET 52 rue Condorcet,https://www.csmctt.fr/,logos/92/08920111-clamart-csm.webp,https://www.csmctt.fr/wp-content/uploads/2022/07/cropped-Nouveau_logo_Clamart-1-100x94.png,logo,#f0d0d0 #f0f0f0 #b01010 #d09090,clair,,,annuaire public FFTT (carte.fftt.com),2026-09-02
08920066,CLICHY SUR SEINE CS,92,Hauts-de-Seine,IDF,Île-de-France,Clichy,92110,GYMNASE HENRI BARBUSSE 111 rue Henri Barbusse,https://www.tennis-table-clichy.com/,logos/92/08920066-clichy-sur-seine-cs.webp,https://www.tennis-table-clichy.com/wp-content/uploads/2026/06/logo-cs-clichy-noir.png,logo,#101010 #303030 #303010,clair,,,annuaire public FFTT (carte.fftt.com),2026-09-02
08920025,COURBEVOIE SPORT TENNIS DE TABLE,92,Hauts-de-Seine,IDF,Île-de-France,Courbevoie,92400,Espace Sportif Jean-Pierre RIVES 89 a 91 Boulevard de Verdun (face a la station Total),https://www.cstt92.com/,logos/92/08920025-courbevoie-sport-tennis-de-table.webp,https://www.cstt92.com/wp-content/uploads/2023/12/logo-courbevoie-sport-tennis-de-table.png,logo,#d01070 #303030 #d0d0d0 #707070,clair,,,annuaire public FFTT (carte.fftt.com),2026-09-02
08921519,ACsIOM,92,Hauts-de-Seine,IDF,Île-de-France,Fontenay Aux Roses,92260,"SALLE DU PANORAMA 1, Route du Panorama Complexe Sportif du Panorama",https://acsiom.wordpress.com/,logos/92/08921519-acsiom.webp,https://acsiom.wordpress.com/wp-content/uploads/2015/09/band_2-copie.png,logo,#f0f0d0 #707090 #7090b0 #b07050,clair,,,annuaire public FFTT (carte.fftt.com),2026-09-02
08920140,ASSOC. SPORTIVE FONTENAISIENNE,92,Hauts-de-Seine,IDF,Île-de-France,Fontenay Aux Roses,92260,"Complexe Sportif du Panorama 1, route du Panorama Salle au 1er etage",http://blog.asftt.com,,,aucun,,,,,annuaire public FFTT (carte.fftt.com),2026-09-02
08751460,Association Sportive New SFR,92,Hauts-de-Seine,IDF,Île-de-France,Issy Les Moulineaux,92130,Salle Jacques Secretin Rue Rabelais Stade Alain Mimoun,,,,sans-site,,,,,annuaire public FFTT (carte.fftt.com),2026-09-02
08920126,LA GARENNE COLOMBES AE,92,Hauts-de-Seine,IDF,Île-de-France,La Garenne Colombes,92250,COMPLEXE SP. PIERRE DENIS 111 av. Ch. De Gaulle,https://www.aegc92.org/tennis-de-table,logos/92/08920126-la-garenne-colombes-ae.svg,https://www.aegc92.org/templates/aegc2014/assets/images/logo-aegc.744a8876.svg,logo,#2699ba #b1d265 #1993c2 #7ebd84,clair,,,annuaire public FFTT (carte.fftt.com),2026-09-02
08920503,PLESSIS ROBINSON TT,92,Hauts-de-Seine,IDF,Île-de-France,Le Plessis Robinson,92350,Gymnase Henri Wallon 23 bis Rue du Capt Georges Facq,https://ttpr92.com/,logos/92/08920503-plessis-robinson-tt.webp,https://ttpr92.com/media/uploaded/sites/762/association/57753e16c6d7b_logo.jpg,logo,#f0f010 #505010 #303010 #707010,clair,,,annuaire public FFTT (carte.fftt.com),2026-09-02
08921458,LEVALLOIS SPORTING CLUB TT,92,Hauts-de-Seine,IDF,Île-de-France,Levallois Perret,92300,"Gymnase Eric SRECKI 152, rue Danton",http://tennisdetable.levallois-sporting-club.fr/,,,aucun,,,,,annuaire public FFTT (carte.fftt.com),2026-09-02
08921524,INSEE PARIS CLUB,92,Hauts-de-Seine,IDF,Île-de-France,Malakoff,92240,Gymnase Jacques Duclos 1 rue Ernest Renan,,,,sans-site,,,,,annuaire public FFTT (carte.fftt.com),2026-09-02
08920018,USM MALAKOFF,92,Hauts-de-Seine,IDF,Île-de-France,Malakoff,92240,GYMNASE JACQUES DUCLOS 1 Place de la Republique,,,,sans-site,,,,,annuaire public FFTT (carte.fftt.com),2026-09-02
08920067,MEUDON AS,92,Hauts-de-Seine,IDF,Île-de-France,Meudon La Foret,92360,GYMNASE MICHEL VIGNAUD 14 Av.de Lattre de Tassigny,http://meudontennisdetable.com,,,aucun,,,,,annuaire public FFTT (carte.fftt.com),2026-09-02
08921182,SM MONTROUGE,92,Hauts-de-Seine,IDF,Île-de-France,Montrouge,92120,Gymnase Maurice Genevoix 10 Rue d'Arcueil,https://www.smmontrougett.fr/,logos/92/08921182-sm-montrouge.webp,https://www.smmontrougett.fr/wp-content/uploads/2022/08/cropped-cropped-smm-logo-180x180.png,logo,#101030 #303070 #f0f010 #101050,clair,,,annuaire public FFTT (carte.fftt.com),2026-09-02
08920234,NANTERRE ES,92,Hauts-de-Seine,IDF,Île-de-France,Nanterre,92000,GYMNASE PAUL ELUARD 24 rue Salvador Allende,https://esnanterrett.com/,logos/92/08920234-nanterre-es.webp,https://esnanterrett.com/images/esnTT/LOGO_BIOCOOP_seul_fond_bleu.png,logo,#105090 #103090 #b0d010 #90b0d0,clair,,,annuaire public FFTT (carte.fftt.com),2026-09-02
08921256,PUTEAUX TT CSM,92,Hauts-de-Seine,IDF,Île-de-France,Puteaux,92800,GYMNASE MARECHAL LECLERC 4 cours du Marechal Leclerc,http://www.puteauxtennis.com,,,aucun,,,,,annuaire public FFTT (carte.fftt.com),2026-09-02
08921164,SCEAUX T.T.,92,Hauts-de-Seine,IDF,Île-de-France,Sceaux,92330,"Centre Sportif des Blagis 4-6, rue Leo Delibes",https://sceauxtt.sportsregions.fr/,logos/92/08921164-sceaux-t-t.webp,https://sceauxtt.sportsregions.fr/media/uploaded/sites/21073/association/66f45e27811a5_logo2.png,logo,#1070f0 #5090f0 #1050f0 #b0d0f0,clair,,,annuaire public FFTT (carte.fftt.com),2026-09-02
08921522,DASSAULT SPORTS,92,Hauts-de-Seine,IDF,Île-de-France,St Cloud,92210,MARCEL DASSAULT 215 Boulevard de la Republique,,,,sans-site,,,,,annuaire public FFTT (carte.fftt.com),2026-09-02
08921244,SURESNES ASTT,92,Hauts-de-Seine,IDF,Île-de-France,Suresnes,92150,"Gymnase Berty Albrecht 90, Rue Carnot",https://www.asttsuresnes.fr/,logos/92/08921244-suresnes-astt.webp,"https://assets.zyrosite.com/cdn-cgi/image/format=auto,w=375,fit=crop/YyvkM5k4RkSj5avz/astt---logo-AQEXl285LZu82jX2.png",logo,#d01030 #303030 #b01030 #d0b070,clair,,,annuaire public FFTT (carte.fftt.com),2026-09-02
08921316,STADE DE VANVES,92,Hauts-de-Seine,IDF,Île-de-France,Vanves,92170,GYMNASE Maurice Magne 10 rue Danton,,,,sans-site,,,,,annuaire public FFTT (carte.fftt.com),2026-09-02
08921099,VILLENEUVE LA GARENNE,92,Hauts-de-Seine,IDF,Île-de-France,Villeneuve La Garenne,92390,CENTRE SPORTIF PHILIPPE CATTIAU 26 avenue Georges Pompidou (suivre direction Piscine),,,,sans-site,,,,,annuaire public FFTT (carte.fftt.com),2026-09-02
08930001,AUBERVILLIERS CMTT,93,Seine-Saint-Denis,IDF,Île-de-France,,,,https://www.aubervilliers.fr/,logos/93/08930001-aubervilliers-cmtt.webp,https://www.aubervilliers.fr/IMG/logo/lna101.png?1783946241,logo,#d0d0d0 #f0f0f0 #1090d0 #b0b0b0,clair,,,annuaire public FFTT (carte.fftt.com),2026-09-02
08931358,MONTREUIL ESD,93,Seine-Saint-Denis,IDF,Île-de-France,,,,https://www.esdmontreuil.fr/pole-raquette/tennis-de-table,logos/93/08931358-montreuil-esd.webp,https://static.wixstatic.com/media/7af51b_9664c4a889044672820fec2e45147df7%7Emv2.png/v1/fill/w_180%2Ch_180%2Clg_1%2Cusm_0.66_1.00_0.01/7af51b_9664c4a889044672820fec2e45147df7%7Emv2.png,logo,#d01010 #f0b0b0 #f0d0d0 #d03030,clair,,,annuaire public FFTT (carte.fftt.com),2026-09-02
08930610,NOISY LE GRAND CSTT,93,Seine-Saint-Denis,IDF,Île-de-France,,,,https://csntt.fr/,,,aucun,,,,,annuaire public FFTT (carte.fftt.com),2026-09-02
08930452,PAVILLONNAIS SE,93,Seine-Saint-Denis,IDF,Île-de-France,,,,http://www.septennisdetable.clubeo.com,,,aucun,,,,,annuaire public FFTT (carte.fftt.com),2026-09-02
08930059,AULNAYSIENS AP,93,Seine-Saint-Denis,IDF,Île-de-France,Aulnay Sous Bois,93600,Espace Jules Verne 5 Rue Clement Ader,https://ap-aulnaysiens.sportsregions.fr/,logos/93/08930059-aulnaysiens-ap.webp,https://ap-aulnaysiens.sportsregions.fr/media/uploaded/sites/10943/association/5770386ae1108_Untitled1.jpg,logo,#b0b0b0 #d0d0d0 #f01030 #909090,clair,,,annuaire public FFTT (carte.fftt.com),2026-09-02
08930490,BOBIGNY AC,93,Seine-Saint-Denis,IDF,Île-de-France,Bobigny,93000,Gymnase Jesse Owens 66 Rue Pierre-Semard,http://www.acbobignytennisdetable.fr,,,aucun,,,,,annuaire public FFTT (carte.fftt.com),2026-09-02
08931057,DRANCY JA,93,Seine-Saint-Denis,IDF,Île-de-France,Drancy,93700,Gymnase Liberte Salle Charles Menoret 31 Rue Henri Langlois,https://ja-drancy.com/category/section/tennis-de-table/,logos/93/08931057-drancy-ja.webp,https://ja-drancy.com/wp-content/themes/techreshape_v2.3/newhome/images/logo-jad.png,logo,#303030 #1010f0 #3030f0 #101010,clair,,,annuaire public FFTT (carte.fftt.com),2026-09-02
08931464,EPINAY S/S CSME TT,93,Seine-Saint-Denis,IDF,Île-de-France,Epinay Sur Seine,93800,Gymnase Raymond Lemaitre 26 Avenue d'Enghien,https://www.csme.fr/adhesion,logos/93/08931464-epinay-s-s-csme-tt.webp,https://www.csme.fr/f/e32e04ea4a0bc881f0f755e79609a97b8d0311d5/logo-csme.png,logo,#b0b0b0 #109030 #303030 #101010,clair,,,annuaire public FFTT (carte.fftt.com),2026-09-02
08930003,GAGNY USM,93,Seine-Saint-Denis,IDF,Île-de-France,Gagny,93220,Gymnase Lamartine Domaine des Sept Iles Rue du 19 Mars 1962,https://www.usmgagnytennisdetable.com/,logos/93/08930003-gagny-usm.webp,https://impro.usercontent.one/appid/oneComWsb/domain/usmgagnytennisdetable.com/media/usmgagnytennisdetable.com/onewebmedia/Logo_usmg_noir.jpg?etag=W%2F%22d6470-140e9b55998%22&sourceContentType=image%2Fjpeg&ignoreAspectRatio&resize=94%2B110&quality=85,logo,#b0b0b0 #f0d030 #505050 #f0f070,clair,,,annuaire public FFTT (carte.fftt.com),2026-09-02
08931011,BOURGETIN CTT,93,Seine-Saint-Denis,IDF,Île-de-France,Le Bourget,93350,Gymnase Paul Simon 27 Bis Rue Edouard Vaillant,https://www.club-bourgetin-tt.fr/page/1601337-actualites,logos/93/08931011-bourgetin-ctt.webp,https://app.assoconnect.com/services/storage?id=1976969&type=picture&secret=kfZDuUP2QyzvklITUvw3yOP7MPPh8IbHhxaz73TY&timestamp=1775693058&size=small,logo,#d0d0f0 #f0f0f0 #b0b0d0 #d0f0f0,clair,,,annuaire public FFTT (carte.fftt.com),2026-09-02
08931313,GERVAISIENNE EPPG,93,Seine-Saint-Denis,IDF,Île-de-France,Le Pre St Gervais,93310,Gymnase Charles NODIER 48 Rue de Stalingrad,,,,sans-site,,,,,annuaire public FFTT (carte.fftt.com),2026-09-02
08931320,LES LILAS TT,93,Seine-Saint-Denis,IDF,Île-de-France,Les Lilas,93260,Gymnase Jean Jaurès 12 Boulevard Jean Jaurès,,,,sans-site,,,,,annuaire public FFTT (carte.fftt.com),2026-09-02
08930430,LIVRY-GARGAN EP,93,Seine-Saint-Denis,IDF,Île-de-France,Livry-Gargan,93190,Gymnase JACOB 2 à 16 Avenue Ferrer Salle de Tennis de Table,,,,sans-site,,,,,annuaire public FFTT (carte.fftt.com),2026-09-02
08750292,ASC BNP PARIBAS,93,Seine-Saint-Denis,IDF,Île-de-France,Montreuil,93100,Salle principale 41 Rue de Valmy,,,,sans-site,,,,,annuaire public FFTT (carte.fftt.com),2026-09-02
08930928,NEUILLY SUR MARNE TT,93,Seine-Saint-Denis,IDF,Île-de-France,Neuilly Sur Marne,93330,"Gymnase Jules Ferry 32 Rue du 11 Novembre, l'entrée se fait à côté du N° 34",https://csnsmtt.fr/,logos/93/08930928-neuilly-sur-marne-tt.webp,https://csnsmtt.fr/wp-content/uploads/2023/02/cropped-cropped-Logo-tennis-de-table.png,logo,#105090 #50b030 #103090 #7090d0,clair,,,annuaire public FFTT (carte.fftt.com),2026-09-02
08931468,PANTIN CTT,93,Seine-Saint-Denis,IDF,Île-de-France,Pantin,93500,Gymnase Maurice Baquet 8 Rue Honore d'Estienne d'Orves,,,,sans-site,,,,,annuaire public FFTT (carte.fftt.com),2026-09-02
08930148,ROMAINVILLOIS TT,93,Seine-Saint-Denis,IDF,Île-de-France,Romainville,93230,Gymnase Jean Guimier 15 Rue Pasteur,http://www.ttromainvillois.e-monsite.com,,,aucun,,,,,annuaire public FFTT (carte.fftt.com),2026-09-02
08930185,ROSNY JA,93,Seine-Saint-Denis,IDF,Île-de-France,Rosny Sous Bois,93110,Complexe Sport. Gabriel Thibault Salle Edouard Hug 8/10 Rue du 18 Juin,http://www.ja-rosny.org/about/tennis-de-table,,,aucun,,,,,annuaire public FFTT (carte.fftt.com),2026-09-02
08930009,ROSNY S/BOIS MARNAUDES TT,93,Seine-Saint-Denis,IDF,Île-de-France,Rosny Sous Bois,93110,Complexe Sport. Gabriel Thibault 8/10 Rue du 18 Juin Salle Edouard Hug,,,,sans-site,,,,,annuaire public FFTT (carte.fftt.com),2026-09-02
08931466,SAINT-DENIS TT93,93,Seine-Saint-Denis,IDF,Île-de-France,Saint-Denis,93200,La Raquette Rue du 19 Mars 1962 Parc des Sports Auguste Delaune,,,,sans-site,,,,,annuaire public FFTT (carte.fftt.com),2026-09-02
08931465,AUDONIENNE USMA TT,93,Seine-Saint-Denis,IDF,Île-de-France,St Ouen,93400,Ensemble Sportif Pablo Neruda 17 Rue Salvador Allende,http://usmasport.free.fr/spip.php?rubrique72,logos/93/08931465-audonienne-usma-tt.webp,http://usmasport.free.fr/local/cache-vignettes/L131xH118/siteon0-7edf6.png,logo,#f0d030 #1090d0 #303030 #f03050,clair,,,annuaire public FFTT (carte.fftt.com),2026-09-02
08931032,STAINS ES-PIERREFITTE AS,93,Seine-Saint-Denis,IDF,Île-de-France,Stains,93240,Gymnase du Sivom 31/33 Rue d'Amiens,http://www.stainstdt.canalblog.com,,,aucun,,,,,annuaire public FFTT (carte.fftt.com),2026-09-02
08930113,VILLEMOMBLE SPTT,93,Seine-Saint-Denis,IDF,Île-de-France,Villemomble,93250,Salle Francois Coppee 64 Rue Montgolfier,https://www.vstt.com/page/1931651-accueil,logos/93/08930113-villemomble-sptt.webp,https://app.assoconnect.com/services/storage?id=6850315&type=picture&secret=5uZTS0A8Q9mTx1myMWeGi4YI5qOHHJPTBgAdWMdG&timestamp=1779110321,logo,#1070b0,clair,,,annuaire public FFTT (carte.fftt.com),2026-09-02
08930598,VILLEPINTE STTT,93,Seine-Saint-Denis,IDF,Île-de-France,Villepinte,93420,Stade Infroit Avenue Infroit,,,,sans-site,,,,,annuaire public FFTT (carte.fftt.com),2026-09-02
08941461,ASTT Boissy Saint Léger,94,Val-de-Marne,IDF,Île-de-France,,,,,,,sans-site,,,,,annuaire public FFTT (carte.fftt.com),2026-09-02
08940975,KREMLIN BICETRE US,94,Val-de-Marne,IDF,Île-de-France,,,,https://www.uskb.fr/,logos/94/08940975-kremlin-bicetre-us.webp,https://cdn.pepsup.com/resources/images/CLUBS/000/000/311/3112/IMAGE/logo.png?1784787444106,logo,#d0d0d0 #103090 #b0b0b0 #303030,clair,,,annuaire public FFTT (carte.fftt.com),2026-09-02
08940894,ORMESSON US,94,Val-de-Marne,IDF,Île-de-France,,,,https://usott94.sportsregions.fr/,logos/94/08940894-ormesson-us.webp,https://usott94.sportsregions.fr/media/uploaded/sites/6126/association/5732331f18fd5_Capture44.JPG,logo,#103030 #105030 #d0d0d0 #101010,clair,,,annuaire public FFTT (carte.fftt.com),2026-09-02
08941100,R.S.C. CHAMPIGNY,94,Val-de-Marne,IDF,Île-de-France,,,,https://www.rscctt.fr/,logos/94/08941100-r-s-c-champigny.webp,https://www.rscctt.fr/wp-content/uploads/2025/11/cropped-Logo-RSCCTT-Modern_Final_carre.png,logo,#101010 #303010,clair,,,annuaire public FFTT (carte.fftt.com),2026-09-02
08940459,THIAIS AS TT,94,Val-de-Marne,IDF,Île-de-France,,,,https://www.asthiaistt.com/,logos/94/08940459-thiais-as-tt.webp,https://www.asthiaistt.com/media/uploaded/sites/398/association/624abd03ad5c5_LogotypeThiaistennisdetablecouleurs10243.jpg,logo,#105070 #509090 #307090 #b0d0d0,clair,,,annuaire public FFTT (carte.fftt.com),2026-09-02
08940448,VITRY ES,94,Val-de-Marne,IDF,Île-de-France,,,,https://www.esvitrytt.fr/,logos/94/08940448-vitry-es.webp,https://www.esvitrytt.fr/images/cropped-Logo-offi.png,logo,#309050 #109050 #70b090 #d0f0d0,clair,,,annuaire public FFTT (carte.fftt.com),2026-09-02
08940030,ALFORTVILLE US,94,Val-de-Marne,IDF,Île-de-France,Alfortville,94140,SALLE ROBERT BLAIRON 94 RUE VERON,https://usalfortvillett.com/,logos/94/08940030-alfortville-us.webp,https://usalfortvillett.com/wpimages/wp33fd7360_06.png,logo,#703030 #903030 #503030 #705050,clair,,,annuaire public FFTT (carte.fftt.com),2026-09-02
08940121,ARCUEIL ELAN,94,Val-de-Marne,IDF,Île-de-France,Arcueil,94110,Gymnase Dulcie SEPTEMBER 15 rue Louis FREBAULT,,,,sans-site,,,,,annuaire public FFTT (carte.fftt.com),2026-09-02
08941466,AMICALE BOISSEENNE DE TT,94,Val-de-Marne,IDF,Île-de-France,Boissy St Leger,94470,GYMNASE AMEDEE DUNOIS 18 RUE DE SUCY,,,,sans-site,,,,,annuaire public FFTT (carte.fftt.com),2026-09-02
08940577,BRY PSC,94,Val-de-Marne,IDF,Île-de-France,Bry-Sur-Marne,94360,GYMNASE MARIE-AMELIE LE FUR 3 Rue Du Clos Sainte-Catherine,http://bry-tennisdetable.fr/,,,aucun,,,,,annuaire public FFTT (carte.fftt.com),2026-09-02
08941282,CACHAN CO TT,94,Val-de-Marne,IDF,Île-de-France,Cachan,94230,SALLE DE TT JEAN CLAUDE WAGNER 1 PLACE E. DESCHAMPS,,,,sans-site,,,,,annuaire public FFTT (carte.fftt.com),2026-09-02
08940052,CHARENTON TENNIS DE TABLE,94,Val-de-Marne,IDF,Île-de-France,Charenton Le Pont,94220,Espace Nelson PAILLOU 4bis avenue Anatole FRANCE,https://www.charenton-tt.org/,logos/94/08940052-charenton-tennis-de-table.webp,https://www.charenton-tt.org/wp-content/uploads/2021/10/Logo-Tennis2Table_HD-2.png.webp,logo,#505050 #305070 #b03030 #707070,clair,,,annuaire public FFTT (carte.fftt.com),2026-09-02
08750209,NATIXIS BRED,94,Val-de-Marne,IDF,Île-de-France,Charenton Le Pont,94677,US NATEXIS BP 10/12 av. Winston Churchill,,,,sans-site,,,,,annuaire public FFTT (carte.fftt.com),2026-09-02
08940326,CHEVILLY ELAN,94,Val-de-Marne,IDF,Île-de-France,Chevilly Larue,94550,Gymnase Marcel Paul 16 rue de Bretagne (a cote de la mosquee),,,,sans-site,,,,,annuaire public FFTT (carte.fftt.com),2026-09-02
08940872,CHOISY LE ROI TT,94,Val-de-Marne,IDF,Île-de-France,Choisy Le Roi,94600,GYMNASE MEHY 60 avenue Henri Corvol,https://choisytt.netkin.app/,,,aucun,,,,,annuaire public FFTT (carte.fftt.com),2026-09-02
08941460,ESSI-PING,94,Val-de-Marne,IDF,Île-de-France,Creteil,94000,Centre DASSIBAT 7 avenue Francois MAURIAC,,,,sans-site,,,,,annuaire public FFTT (carte.fftt.com),2026-09-02
08940655,US CRETEIL TENNIS DE TABLE,94,Val-de-Marne,IDF,Île-de-France,Creteil,94000,Centre Sportif Andre Dassibat 7 rue Francois Mauriac,,,,sans-site,,,,,annuaire public FFTT (carte.fftt.com),2026-09-02
08940073,FONTENAYSIENNE Union Sportive TT,94,Val-de-Marne,IDF,Île-de-France,Fontenay Sous Bois,94120,Salle Decaudain Gymnase Leo Lagrange 68 RUE EUGENE MARTIN,http://www.usftt.org,,,aucun,,,,,annuaire public FFTT (carte.fftt.com),2026-09-02
08940012,AAS FRESNES TENNIS DE TABLE,94,Val-de-Marne,IDF,Île-de-France,Fresnes,94260,Gymnase Intercommunal MISTRAL 1 rue Frederic MISTRAL (rue en sens unique),https://aasftt.com/,logos/94/08940012-aas-fresnes-tennis-de-table.webp,https://i0.wp.com/aasftt.com/wp-content/uploads/2024/06/cropped-logo_maillot_aasftt.png?fit=266%2C300&ssl=1,logo,#303030 #505050 #f0d010 #d0d0d0,clair,,,annuaire public FFTT (carte.fftt.com),2026-09-02
08941343,IVRY US TT,94,Val-de-Marne,IDF,Île-de-France,Ivry Sur Seine,94200,Complexe Sportif Lenine 52 boulevard de Brandebourg,https://www.usivrytt.com/,logos/94/08941343-ivry-us-tt.webp,https://www.usivrytt.com/wp-content/uploads/2026/04/Logo-USI-TT-et-FSGT-1024x285.jpg,logo,#f01010 #105090 #d01010 #f0d0d0,clair,,,annuaire public FFTT (carte.fftt.com),2026-09-02
08940070,CA L'HAY LES ROSES TT,94,Val-de-Marne,IDF,Île-de-France,L Hay Les Roses,94240,Gymnase du Jardin Parisien 74 avenue des Dahlias Ecoles du Jardin Parisien,Http://www.caltt94.com,,,aucun,,,,,annuaire public FFTT (carte.fftt.com),2026-09-02
08940482,PERREUX AP,94,Val-de-Marne,IDF,Île-de-France,Le Perreux Sur Marne,94170,PERREUX AP 113 BD D'ALSACE LORRAINE,,,,sans-site,,,,,annuaire public FFTT (carte.fftt.com),2026-09-02
08940926,PLESSIS-TREVISE TENNIS DE TABLE,94,Val-de-Marne,IDF,Île-de-France,Le Plessis Trevise,94420,C. SP PH. DIEULEVEULT 169 AVENUE MAURICE BERTEAUX,https://plessis-trevise-tennis-de-table.assoconnect.com/page/1742477-tournoi-national-plessis-trevise,logos/94/08940926-plessis-trevise-tennis-de-table.webp,https://app.assoconnect.com/services/storage?id=2121439&type=picture&secret=lziw4zZRaz3PRVu19mL4YYPthCIkqIJ1IcH763C6&timestamp=1775731681&size=small,logo,#3090d0 #b01010 #109050 #b0d0d0,clair,,,annuaire public FFTT (carte.fftt.com),2026-09-02
08940866,BREVANNAISE AS,94,Val-de-Marne,IDF,Île-de-France,Limeil Brevannes,94450,GYMNASE LUCIEN LEROY 5 RUE P. ET A. LE HEN,https://www.xn--asbrvannaise-tt-enb.fr/,logos/94/08940866-brevannaise-as.webp,https://www.xn--asbrvannaise-tt-enb.fr/Logobleu.png,logo,#103050 #103070 #103030 #f0b010,clair,,,annuaire public FFTT (carte.fftt.com),2026-09-02
08940033,Maisons Alfort Tennis de table,94,Val-de-Marne,IDF,Île-de-France,Maisons Alfort,94700,Gymnase ST EXUPERY. 9 RUE DE LORRAINE,http://www.jsatt-maisonsalfort.fr/,,,aucun,,,,,annuaire public FFTT (carte.fftt.com),2026-09-02
08940524,NOGENT TT,94,Val-de-Marne,IDF,Île-de-France,Nogent Sur Marne,94130,Gymnase Christian Marty 94 rue Francois Rolland,https://www.tt-nogent.fr/,logos/94/08940524-nogent-tt.webp,https://www.tt-nogent.fr/wp-content/uploads/2025/06/2024-1-4.png,logo,#7090b0 #105070 #d0f0f0 #f0f0f0,clair,,,annuaire public FFTT (carte.fftt.com),2026-09-02
08941403,NOISEAU SS TENNIS DE TABLE,94,Val-de-Marne,IDF,Île-de-France,Noiseau,94880,Rue Sadi Carnot Parking Hall'O Discount,https://www.ssn94.fr/tt/,logos/94/08941403-noiseau-ss-tennis-de-table.webp,https://www.ssn94.fr/tt/wp-content/uploads/2021/07/cropped-logo-site200.png,logo,#d09030 #f09030 #101010 #f0f0f0,clair,,,annuaire public FFTT (carte.fftt.com),2026-09-02
08940942,ORLY AS,94,Val-de-Marne,IDF,Île-de-France,Orly,94310,GYMNASE DORVAL 16 RUE DU MARECHAL FOCH,,,,sans-site,,,,,annuaire public FFTT (carte.fftt.com),2026-09-02
08941180,RUNGIS PING,94,Val-de-Marne,IDF,Île-de-France,Rungis,94150,GYMNASE DES CLOSEAUX PETITE VOIE DES FONTAINES PRES DU CIMETIERE,,,,sans-site,,,,,annuaire public FFTT (carte.fftt.com),2026-09-02
08941464,ASSOCIATION SANTENOISE DE TENNIS,94,Val-de-Marne,IDF,Île-de-France,Santeny,94440,Complexe sportif des 4 saules Voie Aux Vaches,,,,sans-site,,,,,annuaire public FFTT (carte.fftt.com),2026-09-02
08940455,IGN AS,94,Val-de-Marne,IDF,Île-de-France,St Mande,94160,IGN AS 6 AVENUE PASTEUR,,,,sans-site,,,,,annuaire public FFTT (carte.fftt.com),2026-09-02
08940976,VGA ST MAUR US TT,94,Val-de-Marne,IDF,Île-de-France,St Maur Des Fosses,94100,"VGA ST MAUR US 31bis, ave du Port au Fouarre Centre sportif Arromanches",https://www.vgatt.org/,logos/94/08940976-vga-st-maur-us-tt.webp,https://www.vgatt.org/wp-content/uploads/2020/04/Capture-2.jpg,logo,#303070 #d0d0d0 #f0f0f0 #103070,clair,,,annuaire public FFTT (carte.fftt.com),2026-09-02
08941352,SAINT MAURICE TT,94,Val-de-Marne,IDF,Île-de-France,St Maurice,94410,SALLE DES SPORTS 12/14 RUE PAUL VERLAINE,,,,sans-site,,,,,annuaire public FFTT (carte.fftt.com),2026-09-02
08940535,SUCY ES,94,Val-de-Marne,IDF,Île-de-France,Sucy En Brie,94370,GYMNASE DU FORT 33 avenue du Fort (pres de la piscine),,,,sans-site,,,,,annuaire public FFTT (carte.fftt.com),2026-09-02
08941458,CEMEX-SANOFI-TT,94,Val-de-Marne,IDF,Île-de-France,Thiais,94320,Palais Omnisports de Thiais Place Van Gogh,,,,sans-site,,,,,annuaire public FFTT (carte.fftt.com),2026-09-02
08940458,AL VILLECRESNES TENNIS DE TABLE,94,Val-de-Marne,IDF,Île-de-France,Villecresnes,94440,SALLE POLYVALENTE ANNEXE 26 RUE D'YERRES,,,,sans-site,,,,,annuaire public FFTT (carte.fftt.com),2026-09-02
08941359,VILLEJUIF US,94,Val-de-Marne,IDF,Île-de-France,Villejuif,94800,SALLE DE SPORT AIME CESAIRE 2 RUE GUSTAVE FLAUBERT (integree au college du centre),https://www.usvtennisdetable.fr/,logos/94/08941359-villejuif-us.webp,https://cdn.pepsup.com/resources/common/images/logo/pepsup_400.jpg,logo,#101010 #301010 #f07010 #f01010,clair,,,annuaire public FFTT (carte.fftt.com),2026-09-02
08940549,VILLIERS ES,94,Val-de-Marne,IDF,Île-de-France,Villiers Sur Marne,94350,GYMNASE YVES QUERLIER STADE DE VILLIERS CHEMIN DES ROMPUS,https://villierstt.wixsite.com/home,logos/94/08940549-villiers-es.webp,"https://static.wixstatic.com/media/2227cc_2422c29c68c244c39e2a8f329fb4772a~mv2.png/v1/crop/x_0,y_134,w_1143,h_456/fill/w_166,h_65,al_c,q_85,usm_0.66_1.00_0.01,enc_avif,quality_auto/logo_esv_2019.png",logo,#909090 #707070 #d0d0d0 #b0b0b0,clair,,,annuaire public FFTT (carte.fftt.com),2026-09-02
08940096,VINCENNOIS TT,94,Val-de-Marne,IDF,Île-de-France,Vincennes,94300,Gymnase de l'est 25 rue du commandant MOWAT,https://www.ttv.asso.fr/,logos/94/08940096-vincennois-tt.webp,https://www.ttv.asso.fr/img/logo-transparent-naked2.png,logo,#90d030 #b0d030 #b0d050 #90d050,clair,,,annuaire public FFTT (carte.fftt.com),2026-09-02
08950553,BEAUCHAMP CTT,95,Val-d'Oise,IDF,Île-de-France,,,,https://cttbeauchamp.fr/,logos/95/08950553-beauchamp-ctt.webp,https://cttbeauchamp.fr/wp-content/uploads/2016/10/balle_cttb.png,logo,#f0f0f0 #d0d0d0 #b0b0b0 #f0d0d0,clair,,,annuaire public FFTT (carte.fftt.com),2026-09-02
08950022,BEAUMONT UMO,95,Val-d'Oise,IDF,Île-de-France,,,,,,,sans-site,,,,,annuaire public FFTT (carte.fftt.com),2026-09-02
08950092,CHAMBLY ASC,95,Val-d'Oise,IDF,Île-de-France,,,,https://ascchambly.assoconnect.com/page/868101-presentation-de-l-ascc,logos/95/08950092-chambly-asc.webp,https://app.assoconnect.com/services/storage?id=893654&type=picture&secret=vWcKYaX0jTIcAiBMfb5JRLvf3H9KpRGwg19CRQYT&timestamp=1775418735,logo,#d0d0d0 #f03010 #103070 #f0d090,clair,,,annuaire public FFTT (carte.fftt.com),2026-09-02
08950545,ENNERY US,95,Val-d'Oise,IDF,Île-de-France,,,,http://us-ennery-tt.fr/,logos/95/08950545-ennery-us.webp,http://us-ennery-tt.fr/wp-content/uploads/2025/09/Logo-US-Ennery-TT.jpg,logo,#d0d0d0 #707070 #303030 #505050,clair,,,annuaire public FFTT (carte.fftt.com),2026-09-02
08951411,ERMONT PLESSIS BOUCHARD,95,Val-d'Oise,IDF,Île-de-France,,,,https://www.epbtt.fr/page/3232354-accueil,logos/95/08951411-ermont-plessis-bouchard.webp,https://app.assoconnect.com/services/storage?id=5790543&type=picture&secret=sXzCrlDk6u6NaQLxUY6yY4N74KfzGBCHXy5CUiOC&timestamp=1751292011&size=small,logo,#1070d0 #103050 #101050 #f0d010,clair,,,annuaire public FFTT (carte.fftt.com),2026-09-02
08951092,JOUY LE MOUTIER-VAUREAL TT,95,Val-d'Oise,IDF,Île-de-France,,,,https://jlmvtt.fr/,logos/95/08951092-jouy-le-moutier-vaureal-tt.webp,https://jlmvtt.fr/images/gallery-1.jpg,logo,#103030 #d0d0d0 #b0b0b0 #907050,clair,,,annuaire public FFTT (carte.fftt.com),2026-09-02
08950348,MONTMAGNY GROSLAY TTC,95,Val-d'Oise,IDF,Île-de-France,,,,,,,sans-site,,,,,annuaire public FFTT (carte.fftt.com),2026-09-02
08950330,PONTOISE CERGY A.S.,95,Val-d'Oise,IDF,Île-de-France,,,,https://aspctt.com/,logos/95/08950330-pontoise-cergy-a-s.webp,https://aspctt.com/wp-content/uploads/2023/09/LogoDansBalle_s.png,logo,#105070 #10b0d0 #7090b0 #d0f0f0,clair,,,annuaire public FFTT (carte.fftt.com),2026-09-02
08951451,ST MARTINOIS TT,95,Val-d'Oise,IDF,Île-de-France,,,,,,,sans-site,,,,,annuaire public FFTT (carte.fftt.com),2026-09-02
08950623,ARGENTEUIL TT,95,Val-d'Oise,IDF,Île-de-France,Argenteuil,95100,Salle Jesse Owens 120 rue de Rochefort,https://www.argenteuiltt.fr/,logos/95/08950623-argenteuil-tt.webp,https://www.argenteuiltt.fr/wp-content/uploads/2022/09/Logo_argenteuiltt.png,logo,#f0f0f0 #707070 #d0d0d0 #909090,clair,,,annuaire public FFTT (carte.fftt.com),2026-09-02
08950882,AUVERS ATT,95,Val-d'Oise,IDF,Île-de-France,Auvers Sur Oise,95430,Gymnase College Daubigny allee Pierre Beregovoy,,,,sans-site,,,,,annuaire public FFTT (carte.fftt.com),2026-09-02
08951366,BESSANCOURT TTB,95,Val-d'Oise,IDF,Île-de-France,Bessancourt,95550,COSOM Gymnase Maubuisson avenue charles de Gaulle,,,,sans-site,,,,,annuaire public FFTT (carte.fftt.com),2026-09-02
08951399,COURDIMANCHE C.O.,95,Val-d'Oise,IDF,Île-de-France,Courdimanche,95800,Gymnase Sainte Appoline boulevard des Chasseurs,https://courdimanche-omnisports.fr/,logos/95/08951399-courdimanche-c-o.webp,https://courdimanche-omnisports.fr/wp-content/uploads/2024/05/entete_blog.jpg,logo,#d0d0d0 #f0f0f0 #f03010 #f01010,clair,,,annuaire public FFTT (carte.fftt.com),2026-09-02
08950262,DOMONT TENNIS DE TABLE,95,Val-d'Oise,IDF,Île-de-France,Domont,95330,"Gymnase des Grands Jardins,Rue Henry Dunant rue Henri Dunant",https://www.domontennisdetable.com/,logos/95/08950262-domont-tennis-de-table.webp,https://www.domontennisdetable.com/media/uploaded/sites/21423/actualite/65ffcaf61a9df_DTT1.png,logo,#309090 #90d0f0 #b0d0f0 #109090,clair,,,annuaire public FFTT (carte.fftt.com),2026-09-02
08950978,EAUBONNE CSM TT,95,Val-d'Oise,IDF,Île-de-France,Eaubonne,95600,Complexe Sportif Suzanne Lenglen 14 rue du Docteur Roux,https://csm-eaubonne-tt.fr/,logos/95/08950978-eaubonne-csm-tt.webp,https://csm-eaubonne-tt.fr/wp-content/uploads/2018/07/cropped-logo_trans-1-300x300.png,logo,#f0f0f0 #d0d0d0 #b0b0b0 #1010f0,clair,,,annuaire public FFTT (carte.fftt.com),2026-09-02
08950424,ENGHIEN CLUB DE TENNIS DE TABLE,95,Val-d'Oise,IDF,Île-de-France,Enghien Les Bains,95880,Centre Sportif 53 rue de la Coussaye,https://ctt-enghien.fr/,logos/95/08950424-enghien-club-de-tennis-de-table.webp,https://ctt-enghien.fr/wp-content/uploads/2025/05/Asset-1@500x-8.png,logo,#7050b0 #303030 #9050b0 #b090f0,clair,,,annuaire public FFTT (carte.fftt.com),2026-09-02
08950481,EZANVILLE ECOUEN US,95,Val-d'Oise,IDF,Île-de-France,Ezanville,95460,"Gymnase de la Prairie 21, rue de Conde",,,,sans-site,,,,,annuaire public FFTT (carte.fftt.com),2026-09-02
08951268,FOSSES MARLY Tennis de Table,95,Val-d'Oise,IDF,Île-de-France,Fosses,95470,Gymnase Nelson Mandela rue Fernand Picquette,https://ville-fosses95.assolib.fr/association/64424b2964f30b0011ba82e7/fosses-marly-tennis-de-table/,logos/95/08951268-fosses-marly-tennis-de-table.webp,https://ville-fosses95.assolib.fr/static/7ae7edde2e3573c9fc685eea8e033fa7/9c44f/d5133657-1d64-464a-88ea-afe7f2532c72.png,logo,#90d0b0 #b0d0d0 #d0f0d0 #d0f0f0,clair,,,annuaire public FFTT (carte.fftt.com),2026-09-02
08950103,FRANCONVILLE CTT,95,Val-d'Oise,IDF,Île-de-France,Franconville,95130,Gymnase de l'EUROPE 25 avenue des Marais Entree par la Piscine-Patinoire,https://franconping.fr/,logos/95/08950103-franconville-ctt.webp,https://franconping.fr/wp-content/uploads/2024/07/logo_AGI-gris.png,logo,#3070b0 #707070 #105070 #f09030,clair,,,annuaire public FFTT (carte.fftt.com),2026-09-02
08951222,GARGES TENNIS DE TABLE,95,Val-d'Oise,IDF,Île-de-France,Garges Les Gonesse,95140,Gymnase Jean Jaures 28 rue Rene Blouet,,,,sans-site,,,,,annuaire public FFTT (carte.fftt.com),2026-09-02
08950479,HERBLAY ASTT,95,Val-d'Oise,IDF,Île-de-France,Herblay,95220,Gymnase de la Gare Place Gabriel Peri ( Entree / arriere cote gauche ),https://www.asttherblay.fr/page/3037140-accueil,logos/95/08950479-herblay-astt.webp,https://app.assoconnect.com/services/storage?id=4031103&type=picture&secret=XyH2Mgc2Njq7cJXsCx1TL9aVBABs3OqKD4Bq6Nis&timestamp=1776224544&size=small,logo,#1070b0 #d0f050 #d0f070 #b0d070,clair,,,annuaire public FFTT (carte.fftt.com),2026-09-02
08951458,TENNIS DE TABLE ADAMOIS,95,Val-d'Oise,IDF,Île-de-France,L Isle Adam,95290,CENTRE SPORTIF AMELIE MAURESMO 1 ALLEE DOCTEUR JEAN CAILLEUX,,,,sans-site,,,,,annuaire public FFTT (carte.fftt.com),2026-09-02
08951331,LA FRETTE ESFTT,95,Val-d'Oise,IDF,Île-de-France,La Frette Sur Seine,95530,Salle Municipale Albert Marquet avenue des Lilas,https://www.esftt.com/,logos/95/08951331-la-frette-esftt.webp,https://www.esftt.com/images/logo-new.png,logo,#103070 #707070 #b0b0b0 #d0d0d0,clair,,,annuaire public FFTT (carte.fftt.com),2026-09-02
08951452,LES RAQUETTES DE MAGNY,95,Val-d'Oise,IDF,Île-de-France,Magny En Vexin,95420,GYMNASE JEAN ZAY RUE MOLIERE,https://les-raquettes-de-magny.fr/,logos/95/08951452-les-raquettes-de-magny.webp,https://les-raquettes-de-magny.fr/wp-content/uploads/2022/09/cropped-Logo-final-transparent-BIS.png,logo,#f0f0d0 #f0b050 #f0f0f0 #d0d0d0,clair,,,annuaire public FFTT (carte.fftt.com),2026-09-02
08950088,MAREIL FR,95,Val-d'Oise,IDF,Île-de-France,Mareil En France,95850,Foyer Rural rue de la Fontaine,,,,sans-site,,,,,annuaire public FFTT (carte.fftt.com),2026-09-02
08951447,MARINOIS TT,95,Val-d'Oise,IDF,Île-de-France,Marines,95640,Gymnase de l'Amitie rue des Hautiers (face college),,,,sans-site,,,,,annuaire public FFTT (carte.fftt.com),2026-09-02
08951449,MENUCOURT ASTT,95,Val-d'Oise,IDF,Île-de-France,Menucourt,95180,Complexe Sportif Alain Bailli rue Bernard Astruc Complexe sportif,,,,sans-site,,,,,annuaire public FFTT (carte.fftt.com),2026-09-02
08951312,MERY US TT,95,Val-d'Oise,IDF,Île-de-France,Mery Sur Oise,95540,Gymnase rue des Remises,,,,sans-site,,,,,annuaire public FFTT (carte.fftt.com),2026-09-02
08950435,MONTMORENCY ASMTT,95,Val-d'Oise,IDF,Île-de-France,Montmorency,95160,PARC DES SPORTS 4 chemin de la Butte aux Peres entree B,https://asmtt.fr/,logos/95/08950435-montmorency-asmtt.webp,https://asmtt.fr/media/uploaded/sites/9000/association/63218e245cd5f_paduloba98a.gif,logo,#f0f0f0 #1070b0 #105090 #b0d0d0,clair,,,annuaire public FFTT (carte.fftt.com),2026-09-02
08950531,MONTSOULT USMBM,95,Val-d'Oise,IDF,Île-de-France,Montsoult,95560,COSEC CES/CET rue Emile Combres,,,,sans-site,,,,,annuaire public FFTT (carte.fftt.com),2026-09-02
08951386,PRESLES Tennis de Table,95,Val-d'Oise,IDF,Île-de-France,Presles,95590,Salle Omnisports rue de la Republique,https://www.preslestt.fr/,logos/95/08951386-presles-tennis-de-table.webp,https://www.preslestt.fr/media/uploaded/sites/18902/association/60f7c5a3b74f8_BLASONA3ombrAI.png,logo,#d0d0d0 #109050 #f0f0f0 #70b070,clair,,,annuaire public FFTT (carte.fftt.com),2026-09-02
08950570,ASTT PUISEUX DU GRAND ROISSY,95,Val-d'Oise,IDF,Île-de-France,Puiseux-En-France,95380,Salle Intercommunale place Caroline Aigle par rue des fleurs,,,,sans-site,,,,,annuaire public FFTT (carte.fftt.com),2026-09-02
08950260,ST PRIX ASTT,95,Val-d'Oise,IDF,Île-de-France,Saint-Prix,95390,Complexe Christian DUFRESNE 29 Rue Pasteur,https://astprix-tennisdetable.clubeo.com/,logos/95/08950260-st-prix-astt.webp,https://s3.static-clubeo.com/250/uploads/astprix-tennisdetable/logo__76eyoffwz.png,logo,#1010f0 #d0d0f0 #9090f0 #b0b0f0,clair,,,annuaire public FFTT (carte.fftt.com),2026-09-02
08951273,SANNOIS TT,95,Val-d'Oise,IDF,Île-de-France,Sannois,95110,Gymnase de la Tour du Mail rue de l'Ermitage,https://sannoistt.fr/,logos/95/08951273-sannois-tt.webp,https://sannoistt.fr/wp-content/uploads/2024/11/logo-sannois-tt-1.jpg,logo,#d0d0d0 #b0b0b0 #f0f0f0 #909090,clair,,,annuaire public FFTT (carte.fftt.com),2026-09-02
08950917,ST BRICE V.O,95,Val-d'Oise,IDF,Île-de-France,St Brice Sous Foret,95350,Gymnase Lionel Terray Rue Pasteur Entree Theatre Sylvia Monfort,,,,sans-site,,,,,annuaire public FFTT (carte.fftt.com),2026-09-02
08950083,ST GRATIEN AS,95,Val-d'Oise,IDF,Île-de-France,St Gratien,95210,Salle des Cressonieres 12 rue des Cressonnieres,,,,sans-site,,,,,annuaire public FFTT (carte.fftt.com),2026-09-02
08950119,ST LEU ETOILE,95,Val-d'Oise,IDF,Île-de-France,St Leu La Foret,95320,Complexe Sportif Jean Moulin Avenue des Diablots,https://esltennisdetable.sportsregions.fr/,logos/95/08950119-st-leu-etoile.webp,https://esltennisdetable.sportsregions.fr/media/uploaded/sites/20890/association/62b1ad8f9d443_LogobleuJPG.JPG,logo,#103090 #101070 #103070 #9090b0,clair,,,annuaire public FFTT (carte.fftt.com),2026-09-02
08950129,TAVERNY TENNIS DE TABLE,95,Val-d'Oise,IDF,Île-de-France,Taverny,95150,Gymnase Jules LADOUMEGUE rue des Ecoles,https://tavernytennisdetable.sportsregions.fr/,logos/95/08950129-taverny-tennis-de-table.webp,https://tavernytennisdetable.sportsregions.fr/media/uploaded/sites/12456/association/670fdbe25d4e9_Pingmodelehomme.png,logo,#90f050 #90f070 #70b050 #90d050,clair,,,annuaire public FFTT (carte.fftt.com),2026-09-02
339A1044,PING PONG CLUB DE BAIE MAHAULT N°:339A1044,971,Guadeloupe,GUA,Guadeloupe,Baie Mahault,97122,SALLE MAURALEX TAUPE Z.A.C. DE BEAUSOLEIL,https://www.ping-pong-club-baie-mahault.fr/,,,aucun,,,,,annuaire public FFTT (carte.fftt.com),2026-09-02
339A1030,AOG TENNIS DE TABLE N°:339A1030,971,Guadeloupe,GUA,Guadeloupe,Gourbeyre,97113,CENTRE SS GOURBEYRE,,,,sans-site,,,,,annuaire public FFTT (carte.fftt.com),2026-09-02
339A1007,STADE LAMENTINOIS Tennis deTable N°:339A1007,971,Guadeloupe,GUA,Guadeloupe,Lamentin,97129,COMPLEXE SPORTIF DE BLACHON SECTION BLACHON,,,,sans-site,,,,,annuaire public FFTT (carte.fftt.com),2026-09-02
339A1021,ETOILE DE MORNE-A-L'EAU N°:339A1021,971,Guadeloupe,GUA,Guadeloupe,Morne A L Eau,97111,ETOILE MORNE-A-L EAU RICHEVAL,,,,sans-site,,,,,annuaire public FFTT (carte.fftt.com),2026-09-02
339A1047,ALLIANCE SAINT CLAUDIENNE T.T. N°:339A1047,971,Guadeloupe,GUA,Guadeloupe,St Claude,97120,Gymnase Daniel Cassin route de Bologne Ducharmoy,,,,sans-site,,,,,annuaire public FFTT (carte.fftt.com),2026-09-02
349B2030,CLUB FRANCISCAIN N°:349B2030,972,Martinique,MTQ,Martinique,Le Francois,97240,SALLE SPECIFIQUE STADE DU FRANCOIS ROUTE DU ROBERT,,,,sans-site,,,,,annuaire public FFTT (carte.fftt.com),2026-09-02
349B2033,SPORTING CLUB LAMENTINOIS N°:349B2033,972,Martinique,MTQ,Martinique,Le Lamentin,97232,SIEGE DU SC LAMENTINOIS 15 Rue Pierre Zobda Quitman Bas Mission,,,,sans-site,,,,,annuaire public FFTT (carte.fftt.com),2026-09-02
349B2088,RIVIERE SALEE TENNIS DE TABLE N°:349B2088,972,Martinique,MTQ,Martinique,Riviere Salee,97215,HALL DES SPORTS Rue du 22 mai Trenelle,,,,sans-site,,,,,annuaire public FFTT (carte.fftt.com),2026-09-02
349B2085,ESPOIR SPORTIF N°:349B2085,972,Martinique,MTQ,Martinique,Ste Marie,97230,GYMNASE COLLEGE QUARTIER FELIX 2 MORNE DES ESSES,,,,sans-site,,,,,annuaire public FFTT (carte.fftt.com),2026-09-02
309C0321,CERCLE PONGISTE DE CAYENNE N°:309C0321,973,Guyane,GUF,Guyane,Cayenne,97300,Hall de TT de Cayenne Avenue d'Estrees Stade Lean-Claude LAFONTAINE,,,,sans-site,,,,,annuaire public FFTT (carte.fftt.com),2026-09-02
309C0320,U S L MONTJOLY N°:309C0320,973,Guyane,GUF,Guyane,Remire Montjoly,97354,HALL SPORTIF AMES CLAIRES CHEMIN DU COLLEGE A. DEDE AMES CLAIRES/PARC LINDOR,,,,sans-site,,,,,annuaire public FFTT (carte.fftt.com),2026-09-02
319D0443,CRESSONNIERE TENNIS DE TABLE N°:319D0443,974,La Réunion,REU,La Réunion,La Cressonniere,97440,SALLE NICOL LE DORMEUR Gymnase 1000 Roches/NICOL LEDORM,,,,sans-site,,,,,annuaire public FFTT (carte.fftt.com),2026-09-02
319D0469,LA MONTAGNE TENNIS DE TABLE N°:319D0469,974,La Réunion,REU,La Réunion,La Montagne,97417,Gymnase de La Montagne Rue des Bauhinias,https://lmtt.club/,logos/974/319D0469-la-montagne-tennis-de-table-n-319d0469.webp,https://lmtt.club/public/2998/upload/theme/kal-theme-logo-header.png,logo,#303050 #505070 #f07050 #305050,clair,,,annuaire public FFTT (carte.fftt.com),2026-09-02
319D0405,CLUB PONGISTE POSSESSION N°:319D0405,974,La Réunion,REU,La Réunion,La Possession,97419,Salle Polyvalente F. MITERRAND GYMNASE DU LYCEE rue Matmaha ghandi,,,,sans-site,,,,,annuaire public FFTT (carte.fftt.com),2026-09-02
319D0465,ASTTSTELLA N°:319D0465,974,La Réunion,REU,La Réunion,Le Piton St Leu,97424,Gymnase de Stella BP17,,,,sans-site,,,,,annuaire public FFTT (carte.fftt.com),2026-09-02
319D0439,TAMPON TENNIS DE TABLE N°:319D0439,974,La Réunion,REU,La Réunion,Le Tampon,97430,Gymnase Trois Mares rue Hubert Delisle Trois Mares,https://tampon-tennis-de-table.re/,logos/974/319D0439-tampon-tennis-de-table-n-319d0439.webp,https://tampon-tennis-de-table.re/images/logos/Logo_ITTF.png#joomlaImage://local-images/logos/Logo_ITTF.png?width=225&height=224,logo,#505050 #f0f0f0 #b0b0b0 #303030,clair,,,annuaire public FFTT (carte.fftt.com),2026-09-02
319D0458,PETITE ILE CLUB PONGISTE N°:319D0458,974,La Réunion,REU,La Réunion,Petite Ile,97429,SALLE SPORTIVE SALLE SPORTIVE COLLEGE Joseph SUECOT,,,,sans-site,,,,,annuaire public FFTT (carte.fftt.com),2026-09-02
319D0467,SAINT PAUL OUEST REUNION TT N°:319D0467,974,La Réunion,REU,La Réunion,Plateau Cailloux,97460,Gymnase de Plateau Caillou 29 impasse Banoird,,,,sans-site,,,,,annuaire public FFTT (carte.fftt.com),2026-09-02
319D0473,ASS DEVELOPPEMENT DE LA MONTAGNE N°:319D0473,974,La Réunion,REU,La Réunion,Saint-Denis,97417,Salle ADM 10 Chemin des Anglais,,,,sans-site,,,,,annuaire public FFTT (carte.fftt.com),2026-09-02
319D0401,AIGLONS D ORIENT N°:319D0401,974,La Réunion,REU,La Réunion,St Denis,97400,AIGLONS D ORIENT 64 rue Sainte Anne,https://www.aiglonsdorient.re/,logos/974/319D0401-aiglons-d-orient-n-319d0401.webp,https://www.aiglonsdorient.re/images/logo.png,logo,#f01030 #f03030 #f01010 #f0b0b0,clair,,,annuaire public FFTT (carte.fftt.com),2026-09-02
319D0438,TENNIS DE TABLE SAINT-PIERROIS N°:319D0438,974,La Réunion,REU,La Réunion,St Pierre,97410,Salle Ping complexe CASABONA chemin Casabona,https://www.ttsp.re/,logos/974/319D0438-tennis-de-table-saint-pierrois-n-319d0438.webp,https://www.ttsp.re/wp-content/uploads/2018/06/logo_header.png,logo,#505050 #707070 #303030 #709010,clair,,,annuaire public FFTT (carte.fftt.com),2026-09-02
319D0444,CLUB DIONYSIEN TENNIS TABLE N°:319D0444,974,La Réunion,REU,La Réunion,Ste Clotilde,97490,GYMNASE DEUX CANONS Rue du Gymnase,,,,sans-site,,,,,annuaire public FFTT (carte.fftt.com),2026-09-02
319D0461,SAINTE MARIE TENNIS DE TABLE N°:319D0461,974,La Réunion,REU,La Réunion,Ste Marie,97438,"SALLE POLYVALENTE DUPARC 66, Allée Coco - LOT de Lagrange",,,,sans-site,,,,,annuaire public FFTT (carte.fftt.com),2026-09-02
369G0034,PONGISTE CLUB DOUJANI (P.C.D) N°:369G0034,976,Mayotte,MYT,Mayotte,Mamoudzou,97600,Collège de Doujani 70 Rue du Collège,,,,sans-site,,,,,annuaire public FFTT (carte.fftt.com),2026-09-02
369G0002,POUTOU BEBEROU T.T N°:369G0002,976,Mayotte,MYT,Mayotte,Mamoudzou,97600,gymnase de Cavani stade de cavani,,,,sans-site,,,,,annuaire public FFTT (carte.fftt.com),2026-09-02
369G0028,Tennis de table de Ouangani N°:369G0028,976,Mayotte,MYT,Mayotte,Ouangani,97670,Plateau de Ouangani,,,,sans-site,,,,,annuaire public FFTT (carte.fftt.com),2026-09-02
05980012,BORGO TENNIS DE TABLE,98,,,,,,SALLE DE PING PONG,,,,sans-site,,,,,annuaire public FFTT (carte.fftt.com),2026-09-02
329F0605,TENNIS DE TABLE DE DUMBEA N°:329F0605,988,Nouvelle-Calédonie,NCL,Nouvelle-Calédonie,Dumbea,98830,Salle omnispport de Katiramona,,,,sans-site,,,,,annuaire public FFTT (carte.fftt.com),2026-09-02
329E1001,IMPASSIBLE NORD KOUMAC N°:329E1001,988,Nouvelle-Calédonie,NCL,Nouvelle-Calédonie,Koumac,98850,MUNICIPALE,,,,sans-site,,,,,annuaire public FFTT (carte.fftt.com),2026-09-02
329F0601,TENNIS DE TABLE CMO LA FOA N°:329F0601,988,Nouvelle-Calédonie,NCL,Nouvelle-Calédonie,La Foa,98880,SALLE OMNISPORT,,,,sans-site,,,,,annuaire public FFTT (carte.fftt.com),2026-09-02
329F0530,CTT MONT DORE N°:329F0530,988,Nouvelle-Calédonie,NCL,Nouvelle-Calédonie,Mont Dore,98809,SALLE POLYVALENTE VALLON DORE BP3437 BOULARI,,,,sans-site,,,,,annuaire public FFTT (carte.fftt.com),2026-09-02
329F0505,A.S. OLYMPIQUE DE NOUMEA T.T. N°:329F0505,988,Nouvelle-Calédonie,NCL,Nouvelle-Calédonie,Noumea,98800,JEAN NOYANT 26 RUE PAUL KERVISTIN,,,,sans-site,,,,,annuaire public FFTT (carte.fftt.com),2026-09-02
329F0534,AS MAGENTA / NOUMEA N°:329F0534,988,Nouvelle-Calédonie,NCL,Nouvelle-Calédonie,Noumea,98800,JEAN NOYANT 26 RUE PAUL KERVISTIN,,,,sans-site,,,,,annuaire public FFTT (carte.fftt.com),2026-09-02
329F0604,PAITA TENNIS DE TABLE N°:329F0604,988,Nouvelle-Calédonie,NCL,Nouvelle-Calédonie,Paita,98890,SALLE OMNISPORT DE PAITA mairie,,,,sans-site,,,,,annuaire public FFTT (carte.fftt.com),2026-09-02
349B2089,PING PONG CLUB PIERROTIN N°:349B2089,9B,,,,,,,,,,sans-site,,,,,annuaire public FFTT (carte.fftt.com),2026-09-02
319D0463,AVENIR PONGISTE PANONNAIS N°:319D0463,9D,,,,,,COMPLEXE PAUL MOREAU rue nationale bras-panon,,,,sans-site,,,,,annuaire public FFTT (carte.fftt.com),2026-09-02
319D0471,UNION PONGISTE 974 N°:319D0471,9D,,,,,,,,,,sans-site,,,,,annuaire public FFTT (carte.fftt.com),2026-09-02
369G0032,ASPTT MAYOTTE MTSANGAMOUJI N°:369G0032,9G,,,,,,MJC DE M'Tsangamouji,,,,sans-site,,,,,annuaire public FFTT (carte.fftt.com),2026-09-02
369G0036,PHOENIX PAMANDZI N°:369G0036,9G,,,,,,,,,,sans-site,,,,,annuaire public FFTT (carte.fftt.com),2026-09-02
369G0018,SADA TENNIS DE TABLE N°:369G0018,9G,,,,,,,,,,sans-site,,,,,annuaire public FFTT (carte.fftt.com),2026-09-02
369G0014,TT - HAGNOUNDROU TENNIS DE TABLE N°:369G0014,9G,,,,,,,,,,sans-site,,,,,annuaire public FFTT (carte.fftt.com),2026-09-02
